CustomerID,Frequency,Monetary,AvgOrderValue,TotalQuantity,AvgItemsInCart,ProductDiversity,FirstOrderDate,LastOrderDate,PctCancelled,PctReturned,PctCouponUsed,DominantPaymentMethod,DominantReferralSource,Recency,Tenure,AvgDaysBetweenOrders,IsRepeatCustomer,TenureYears,CLV_Proxy,SpendPerItem,EngagementScore,Churn,HasOrderInterval,PurchaseIntensity,ValuePerTenureDay,ReturnCancelRate,ProductSpendRatio
C10002,1,1470.03,1470.03,3,4.0,1,2023-10-16,2023-10-16,0.0,1.0,1.0,Cash,Facebook,533,533,0.0,0,1.45927446954141,1007.3704643527204,490.01,-0.649208282581426,1,0,0.001876172607879925,2.758030018761726,1.0,1470.03
C10054,1,153.48,153.48,2,7.0,1,2024-10-14,2024-10-14,0.0,1.0,1.0,Cash,Instagram,169,169,0.0,0,0.4626967830253251,331.70751479289936,76.74,-0.205846528623379,0,0,0.005917159763313609,0.9081656804733728,1.0,153.48
C10126,1,1349.8,1349.8,2,4.0,1,2023-06-18,2023-06-18,0.0,0.0,1.0,Online,Facebook,653,653,0.0,0,1.787816563997262,754.9991577335376,674.9,-0.795371498171991,1,0,0.0015313935681470138,2.0670750382848393,0.0,1349.8
C10154,1,1303.04,1303.04,4,8.0,1,2024-07-29,2024-07-29,0.0,0.0,1.0,Gift Card,Email,246,246,0.0,0,0.6735112936344969,1934.6965853658537,325.76,-0.2996345919606581,0,0,0.0040650406504065045,5.296910569105691,0.0,1303.04
C10211,1,635.9000000000001,635.9000000000001,5,10.0,1,2024-05-09,2024-05-09,1.0,0.0,1.0,Debit Card,Google,327,327,0.0,0,0.8952772073921971,710.2827981651377,127.18000000000002,-0.3982947624842895,0,0,0.0030581039755351682,1.9446483180428138,1.0,635.9000000000001
C10222,1,204.08,204.08,1,4.0,1,2023-09-27,2023-09-27,0.0,1.0,0.0,Gift Card,Google,552,552,0.0,0,1.51129363449692,135.0366304347826,204.08,-0.6723507917165988,1,0,0.0018115942028985507,0.36971014492753623,1.0,204.08
C10477,1,466.42,466.42,1,5.0,1,2023-05-03,2023-05-03,0.0,0.0,1.0,Gift Card,Email,699,699,0.0,0,1.9137577002053388,243.7194635193133,466.42,-0.851400730815041,1,0,0.001430615164520744,0.6672675250357654,0.0,466.42
C10642,1,922.74,922.74,2,5.0,1,2024-06-12,2024-06-12,0.0,0.0,1.0,Cash,Google,293,293,0.0,0,0.8021902806297057,1150.2757167235495,461.37,-0.3568818514002961,0,0,0.0034129692832764505,3.149283276450512,0.0,922.74
C10787,1,1099.28,1099.28,4,9.0,1,2023-10-23,2023-10-23,0.0,0.0,1.0,Debit Card,Email,526,526,0.0,0,1.4401095140314852,763.3308365019011,274.82,-0.6406820950053098,1,0,0.0019011406844106464,2.089885931558935,0.0,1099.28
C10791,1,355.09,355.09,1,5.0,1,2023-12-20,2023-12-20,1.0,0.0,1.0,Debit Card,Instagram,468,468,0.0,0,1.2813141683778233,277.12953525641024,355.09,-0.5700365408032034,1,0,0.002136752136752137,0.7587393162393162,1.0,355.09
C10866,1,789.5699999999999,789.5699999999999,3,5.0,1,2023-12-26,2023-12-26,0.0,0.0,0.0,Online,Instagram,462,462,0.0,0,1.264887063655031,624.2217370129869,263.19,-0.5627283800236751,1,0,0.0021645021645021645,1.709025974025974,0.0,789.5699999999999
C10892,1,754.94,754.94,2,7.0,1,2024-07-20,2024-07-20,0.0,0.0,0.0,Cash,Google,255,255,0.0,0,0.6981519507186859,1081.3405294117647,377.47,-0.3105968331299505,0,0,0.00392156862745098,2.9605490196078432,0.0,754.94
C11127,1,1306.65,1306.65,5,5.0,1,2024-08-28,2024-08-28,0.0,1.0,1.0,Credit Card,Referral,216,216,0.0,0,0.5913757700205339,2209.508854166667,261.33000000000004,-0.2630937880630169,0,0,0.004629629629629629,6.049305555555556,1.0,1306.65
C11210,1,454.6,454.6,5,9.0,1,2024-09-09,2024-09-09,0.0,0.0,1.0,Credit Card,Facebook,204,204,0.0,0,0.5585215605749486,813.9345588235295,90.92,-0.2484774665039604,0,0,0.004901960784313725,2.2284313725490197,0.0,454.6
C11415,1,2876.2,2876.2,5,7.0,1,2024-03-15,2024-03-15,0.0,0.0,1.0,Cash,Email,382,382,0.0,0,1.0458590006844628,2750.08390052356,575.24,-0.4652862362966318,1,0,0.002617801047120419,7.529319371727748,0.0,2876.2
C11473,1,146.82,146.82,2,2.0,1,2023-12-28,2023-12-28,0.0,0.0,1.0,Online,Google,460,460,0.0,0,1.2594113620807663,116.57827173913044,73.41,-0.5602923264304991,1,0,0.002173913043478261,0.31917391304347825,0.0,146.82
C11644,1,46.66,46.66,1,6.0,1,2023-07-21,2023-07-21,1.0,0.0,0.0,Cash,Google,620,620,0.0,0,1.6974674880219027,27.48800806451613,46.66,-0.7551766138845857,1,0,0.0016129032258064516,0.07525806451612903,1.0,46.66
C11657,1,264.4,264.4,4,9.0,1,2023-12-10,2023-12-10,0.0,1.0,1.0,Cash,Google,478,478,0.0,0,1.3086926762491444,202.03368200836815,66.1,-0.5822168087690838,1,0,0.0020920502092050207,0.5531380753138074,1.0,264.4
C11665,1,337.38,337.38,3,6.0,1,2023-04-28,2023-04-28,0.0,0.0,1.0,Gift Card,Instagram,704,704,0.0,0,1.9274469541409995,175.03983664772727,112.46,-0.8574908647979811,1,0,0.0014204545454545455,0.47923295454545456,0.0,337.38
C11849,1,476.5,476.5,2,7.0,1,2024-10-27,2024-10-27,1.0,0.0,1.0,Online,Email,156,156,0.0,0,0.4271047227926078,1115.6514423076924,238.25,-0.1900121802677344,0,0,0.00641025641025641,3.0544871794871793,1.0,476.5
C11893,1,1582.0,1582.0,5,7.0,1,2024-09-20,2024-09-20,0.0,1.0,0.0,Gift Card,Email,193,193,0.0,0,0.5284052019164955,2993.914507772021,316.4,-0.2350791717414919,0,0,0.0051813471502590676,8.196891191709845,1.0,1582.0
C11906,1,1237.59,1237.59,3,6.0,1,2025-01-01,2025-01-01,0.0,0.0,1.0,Online,Google,90,90,0.0,0,0.2464065708418891,3943.4044713284898,412.53,-0.1096224116929237,0,0,0.011111111111111112,13.751,0.0,1237.59
C11921,1,452.7,452.7,1,5.0,1,2024-11-29,2024-11-29,0.0,0.0,1.0,Debit Card,Instagram,123,123,0.0,0,0.3367556468172484,1344.2981707317074,452.7,-0.149817295980329,0,0,0.008130081300813009,3.6804878048780485,0.0,452.7
C11940,1,448.02,448.02,3,7.0,1,2023-09-05,2023-09-05,1.0,0.0,1.0,Gift Card,Email,574,574,0.0,0,1.571526351813826,285.0858972125436,149.34,-0.6991473812415357,1,0,0.0017421602787456446,0.7805226480836237,1.0,448.02
C11985,1,30.44,30.44,1,1.0,1,2023-10-07,2023-10-07,0.0,0.0,1.0,Credit Card,Email,542,542,0.0,0,1.483915126625599,20.51330258302583,30.44,-0.6601705237507184,1,0,0.0018450184501845018,0.056162361623616236,0.0,30.44
C11998,1,1495.98,1495.98,3,6.0,1,2025-02-16,2025-02-16,1.0,0.0,0.0,Cash,Email,44,44,0.0,0,0.1204654346338124,3943.4044713284898,498.66,-0.0535931790498738,0,0,0.022727272727272728,33.999545454545455,1.0,1495.98
C12039,1,132.68,132.68,1,1.0,1,2023-12-12,2023-12-12,0.0,1.0,1.0,Debit Card,Referral,476,476,0.0,0,1.3032169746748803,101.80960084033612,132.68,-0.5797807551759077,1,0,0.0021008403361344537,0.27873949579831936,1.0,132.68
C12245,1,815.58,815.58,2,3.0,1,2023-05-17,2023-05-17,0.0,0.0,0.0,Debit Card,Google,685,685,0.0,0,1.8754277891854891,434.8767810218978,407.79,-0.8343483556628084,1,0,0.00145985401459854,1.1906277372262775,0.0,815.58
C12301,1,531.74,531.74,1,1.0,1,2023-09-11,2023-09-11,0.0,0.0,1.0,Online,Google,568,568,0.0,0,1.5550992470910336,341.9331602112676,531.74,-0.6918392204620075,1,0,0.0017605633802816902,0.9361619718309859,0.0,531.74
C12388,1,2683.6,2683.6,5,10.0,1,2023-05-01,2023-05-01,0.0,0.0,0.0,Cash,Email,701,701,0.0,0,1.919233401779603,1398.266619115549,536.72,-0.853836784408217,1,0,0.0014265335235378032,3.8282453637660483,0.0,2683.6
C12408,1,161.54,161.54,2,4.0,1,2023-08-26,2023-08-26,0.0,0.0,0.0,Debit Card,Google,584,584,0.0,0,1.5989048596851472,101.03165239726027,80.77,-0.7113276492074162,1,0,0.0017123287671232876,0.2766095890410959,0.0,161.54
C12421,1,93.02,93.02,1,4.0,1,2023-04-28,2023-04-28,0.0,1.0,0.0,Online,Email,704,704,0.0,0,1.9274469541409995,48.26073153409091,93.02,-0.8574908647979811,1,0,0.0014204545454545455,0.1321306818181818,1.0,93.02
C12444,1,230.88,230.88,3,8.0,1,2024-09-17,2024-09-17,0.0,1.0,1.0,Cash,Email,196,196,0.0,0,0.5366187542778919,430.2495918367347,76.96,-0.2387332521312561,0,0,0.00510204081632653,1.1779591836734693,1.0,230.88
C12459,1,284.16,284.16,2,4.0,1,2024-09-06,2024-09-06,0.0,0.0,1.0,Gift Card,Referral,207,207,0.0,0,0.5667351129363449,501.3982608695653,142.08,-0.2521315468937246,0,0,0.004830917874396135,1.3727536231884059,0.0,284.16
C12472,1,252.93,252.93,3,3.0,1,2024-02-25,2024-02-25,0.0,0.0,1.0,Credit Card,Email,401,401,0.0,0,1.0978781656399723,230.3807543640898,84.31,-0.4884287454318046,1,0,0.0024937655860349127,0.6307481296758105,0.0,252.93
C12479,1,124.1,124.1,5,10.0,1,2023-10-02,2023-10-02,0.0,0.0,0.0,Credit Card,Referral,547,547,0.0,0,1.497604380561259,82.86567641681901,24.82,-0.6662606577336586,1,0,0.0018281535648994515,0.22687385740402194,0.0,124.1
C12487,1,1427.07,1427.07,3,3.0,1,2024-01-08,2024-01-08,1.0,0.0,1.0,Gift Card,Google,449,449,0.0,0,1.2292950034223136,1160.884894209354,475.69,-0.5468940316680306,1,0,0.0022271714922048997,3.178329621380846,1.0,1427.07
C12607,1,281.52,281.52,1,6.0,1,2023-04-05,2023-04-05,0.0,0.0,1.0,Gift Card,Referral,727,727,0.0,0,1.990417522245037,141.43766162310865,281.52,-0.8855054811195061,1,0,0.001375515818431912,0.38723521320495186,0.0,281.52
C12609,1,547.32,547.32,4,8.0,1,2023-11-26,2023-11-26,0.0,0.0,1.0,Debit Card,Email,492,492,0.0,0,1.3470225872689938,406.31835365853664,136.83,-0.5992691839213163,1,0,0.0020325203252032522,1.112439024390244,0.0,547.32
C12740,1,644.75,644.75,5,10.0,1,2023-09-21,2023-09-21,0.0,0.0,1.0,Cash,Instagram,558,558,0.0,0,1.5277207392197123,422.033938172043,128.95,-0.6796589524961271,1,0,0.0017921146953405018,1.1554659498207884,0.0,644.75
C12813,1,1462.7,1462.7,5,8.0,1,2025-03-15,2025-03-15,1.0,0.0,1.0,Debit Card,Email,17,17,0.0,0,0.0465434633812457,3943.4044713284898,292.54,-0.0207064555419967,0,0,0.058823529411764705,86.04117647058824,1.0,1462.7
C12818,1,191.04,191.04,3,6.0,1,2023-12-13,2023-12-13,0.0,1.0,0.0,Cash,Facebook,475,475,0.0,0,1.3004791238877482,146.89970526315787,63.68,-0.5785627283793197,1,0,0.002105263157894737,0.4021894736842105,1.0,191.04
C13100,1,1177.64,1177.64,4,4.0,1,2023-12-18,2023-12-18,0.0,0.0,0.0,Debit Card,Instagram,470,470,0.0,0,1.2867898699520877,915.1766170212768,294.41,-0.5724725943963794,1,0,0.002127659574468085,2.505617021276596,0.0,1177.64
C13108,1,3293.85,3293.85,5,10.0,1,2024-04-25,2024-04-25,0.0,0.0,1.0,Gift Card,Instagram,341,341,0.0,0,0.9336071184120466,3528.0900659824047,658.77,-0.4153471376365221,0,0,0.002932551319648094,9.659384164222873,0.0,3293.85
C13169,1,536.07,536.07,1,5.0,1,2023-11-15,2023-11-15,0.0,0.0,1.0,Debit Card,Google,503,503,0.0,0,1.377138945927447,389.2635536779324,536.07,-0.6126674786837848,1,0,0.0019880715705765406,1.0657455268389664,0.0,536.07
C13186,1,889.68,889.68,2,7.0,1,2023-08-29,2023-08-29,0.0,0.0,0.0,Online,Facebook,581,581,0.0,0,1.5906913073237507,559.3039931153185,444.84,-0.7076735688176521,1,0,0.0017211703958691911,1.5312908777969019,0.0,889.68
C13205,1,2107.1,2107.1,5,7.0,1,2023-01-25,2023-01-25,1.0,0.0,0.0,Debit Card,Instagram,797,797,0.0,0,2.1820670773442847,965.644008782936,421.42,-0.970767356880669,1,0,0.0012547051442910915,2.643789209535759,1.0,2107.1
C13296,1,108.82,108.82,2,6.0,1,2023-06-03,2023-06-03,0.0,0.0,0.0,Online,Instagram,668,668,0.0,0,1.828884325804244,59.50075598802395,54.41,-0.8136419001208116,1,0,0.0014970059880239522,0.16290419161676645,0.0,108.82
C13324,1,1199.48,1199.48,2,2.0,1,2025-03-15,2025-03-15,0.0,0.0,0.0,Gift Card,Instagram,17,17,0.0,0,0.0465434633812457,3943.4044713284898,599.74,-0.0207064555419967,0,0,0.058823529411764705,70.55764705882353,0.0,1199.48
C13366,1,2714.2,2714.2,4,5.0,1,2023-07-06,2023-07-06,0.0,0.0,0.0,Cash,Email,635,635,0.0,0,1.7385352498288844,1561.1992913385825,678.55,-0.7734470158334062,1,0,0.0015748031496062992,4.274330708661417,0.0,2714.2
C13501,1,427.6,427.6,5,5.0,1,2023-08-23,2023-08-23,1.0,0.0,0.0,Gift Card,Facebook,587,587,0.0,0,1.6071184120465434,266.06626916524704,85.52000000000001,-0.7149817295971803,1,0,0.0017035775127768314,0.7284497444633731,1.0,427.6
C13525,1,212.79,212.79,3,5.0,1,2024-06-13,2024-06-13,0.0,1.0,0.0,Debit Card,Referral,292,292,0.0,0,0.7994524298425736,266.16968321917807,70.92999999999999,-0.3556638246037081,0,0,0.003424657534246575,0.7287328767123288,1.0,212.79
C13540,1,1239.64,1239.64,4,5.0,1,2023-06-04,2023-06-04,0.0,0.0,1.0,Debit Card,Google,667,667,0.0,0,1.8261464750171117,678.8283508245878,309.91,-0.8124238733242236,1,0,0.0014992503748125937,1.8585307346326838,0.0,1239.64
C13877,1,3339.1000000000004,3320.9700000000003,5,5.0,1,2023-11-26,2023-11-26,1.0,0.0,0.0,Cash,Facebook,492,492,0.0,0,1.3470225872689938,2512.875457317073,676.98,-0.5992691839213163,1,0,0.0020325203252032522,6.78678861788618,1.0,3339.1000000000004
C13923,1,118.8,118.8,1,6.0,1,2023-10-08,2023-10-08,0.0,0.0,1.0,Online,Email,541,541,0.0,0,1.4811772758384667,80.20646950092421,118.8,-0.6589524969541304,1,0,0.0018484288354898336,0.21959334565619223,0.0,118.8
C14005,1,80.46,80.46,2,4.0,1,2024-01-01,2024-01-01,1.0,0.0,1.0,Credit Card,Google,456,456,0.0,0,1.2484599589322385,64.44740131578946,40.23,-0.5554202192441469,1,0,0.0021929824561403508,0.17644736842105263,1.0,80.46
C14017,1,1248.32,1248.32,2,2.0,1,2023-05-09,2023-05-09,0.0,0.0,1.0,Debit Card,Instagram,693,693,0.0,0,1.897330595482546,657.9348917748918,624.16,-0.8440925700355126,1,0,0.001443001443001443,1.8013275613275612,0.0,1248.32
C14080,1,283.69,283.69,1,6.0,1,2024-06-27,2024-06-27,0.0,0.0,0.0,Gift Card,Google,278,278,0.0,0,0.7611225188227242,372.7258003597122,283.69,-0.3386114494514755,0,0,0.0035971223021582736,1.0204676258992806,0.0,283.69
C14114,1,1704.06,1704.06,3,3.0,1,2024-09-27,2024-09-27,0.0,0.0,1.0,Online,Instagram,186,186,0.0,0,0.5092402464065708,3346.2791129032257,568.02,-0.2265529841653757,0,0,0.005376344086021506,9.161612903225807,0.0,1704.06
C14240,1,491.11,491.11,1,4.0,1,2023-05-03,2023-05-03,0.0,0.0,1.0,Credit Card,Facebook,699,699,0.0,0,1.9137577002053388,256.6207832618026,491.11,-0.851400730815041,1,0,0.001430615164520744,0.7025894134477826,0.0,491.11
C14427,1,533.9,533.9,2,3.0,1,2024-07-23,2024-07-23,0.0,0.0,0.0,Credit Card,Instagram,252,252,0.0,0,0.6899383983572895,773.8372023809524,266.95,-0.3069427527401864,0,0,0.003968253968253968,2.1186507936507937,0.0,533.9
C14455,1,164.85,164.85,3,8.0,1,2023-12-09,2023-12-09,0.0,1.0,1.0,Cash,Referral,479,479,0.0,0,1.3114305270362765,125.70242693110649,54.95,-0.5834348355656719,1,0,0.0020876826722338203,0.34415448851774527,1.0,164.85
C14457,1,395.4,395.4,5,8.0,1,2024-05-29,2024-05-29,0.0,0.0,0.0,Cash,Facebook,307,307,0.0,0,0.840520191649555,470.4229641693811,79.08,-0.3739342265525287,0,0,0.003257328990228013,1.2879478827361563,0.0,395.4
C14552,1,1120.0,1120.0,5,9.0,1,2023-01-23,2023-01-23,0.0,1.0,1.0,Cash,Google,799,799,0.0,0,2.187542778918549,511.9899874843555,224.0,-0.9732034104738452,1,0,0.0012515644555694619,1.4017521902377972,1.0,1120.0
C14553,1,440.1899999999999,440.1899999999999,3,8.0,1,2024-09-09,2024-09-09,0.0,0.0,1.0,Cash,Email,204,204,0.0,0,0.5585215605749486,788.1343014705881,146.72999999999996,-0.2484774665039604,0,0,0.004901960784313725,2.1577941176470583,0.0,440.1899999999999
C14568,1,885.32,885.32,4,5.0,1,2023-02-11,2023-02-11,0.0,0.0,0.0,Online,Google,780,780,0.0,0,2.135523613963039,414.5681153846154,221.33,-0.9500609013386724,1,0,0.001282051282051282,1.1350256410256412,0.0,885.32
C14576,1,2156.8,2156.8,4,8.0,1,2024-04-18,2024-04-18,0.0,0.0,1.0,Credit Card,Google,348,348,0.0,0,0.9527720739219712,2263.710344827586,539.2,-0.4238733252126384,0,0,0.0028735632183908046,6.197701149425288,0.0,2156.8
C14600,1,441.8,441.8,2,4.0,1,2023-07-20,2023-07-20,0.0,0.0,0.0,Gift Card,Email,621,621,0.0,0,1.700205338809035,259.8509661835749,220.9,-0.7563946406811737,1,0,0.001610305958132045,0.7114331723027375,0.0,441.8
C14737,1,581.64,581.64,4,7.0,1,2023-01-14,2023-01-14,0.0,1.0,1.0,Credit Card,Email,808,808,0.0,0,2.212183436002738,262.92575495049505,145.41,-0.9841656516431374,1,0,0.0012376237623762376,0.7198514851485148,1.0,581.64
C14837,1,183.18,183.18,1,6.0,1,2023-04-01,2023-04-01,1.0,0.0,1.0,Debit Card,Email,731,731,0.0,0,2.001368925393566,91.52735294117647,183.18,-0.8903775883058582,1,0,0.0013679890560875513,0.25058823529411767,1.0,183.18
C14847,1,1097.81,548.905,5,4.0,1,2023-01-01,2024-12-19,0.0,0.0,0.5,Cash,Email,103,821,718.0,1,2.2477754962354557,488.3984196102314,219.562,0.4987819732028029,0,1,0.001218026796589525,1.3371619975639464,0.0,1097.81
C14891,1,1654.96,1654.96,4,7.0,1,2024-03-23,2024-03-23,0.0,1.0,1.0,Gift Card,Instagram,374,374,0.0,0,1.0239561943874058,1616.241016042781,413.74,-0.4555420219239275,1,0,0.00267379679144385,4.425026737967914,1.0,1654.96
C14983,1,17.24,17.24,1,2.0,1,2023-07-12,2023-07-12,0.0,0.0,1.0,Online,Instagram,629,629,0.0,0,1.7221081451060918,10.010985691573923,17.24,-0.766138855053878,1,0,0.001589825119236884,0.027408585055643878,0.0,17.24
C15063,1,426.1,426.1,5,7.0,1,2024-04-29,2024-04-29,1.0,0.0,1.0,Credit Card,Email,337,337,0.0,0,0.922655715263518,461.8190652818992,85.22,-0.41047503045017,0,0,0.002967359050445104,1.264391691394659,1.0,426.1
C15146,1,190.55,190.55,5,6.0,1,2023-08-17,2023-08-17,1.0,0.0,1.0,Debit Card,Instagram,593,593,0.0,0,1.623545516769336,117.36658937605398,38.11,-0.7222898903767085,1,0,0.0016863406408094434,0.3213322091062395,1.0,190.55
C15228,1,1422.42,1422.42,3,8.0,1,2024-02-19,2024-02-19,0.0,0.0,1.0,Gift Card,Google,407,407,0.0,0,1.1143052703627652,1276.5083660933662,474.14,-0.4957369062113329,1,0,0.002457002457002457,3.4948894348894353,0.0,1422.42
C15257,1,580.2,580.2,4,6.0,1,2025-03-21,2025-03-21,0.0,0.0,1.0,Online,Google,11,11,0.0,0,0.0301163586584531,3943.4044713284898,145.05,-0.0133982947624684,0,0,0.09090909090909091,52.74545454545455,0.0,580.2
C15283,1,381.02,381.02,1,6.0,1,2023-11-25,2023-11-25,0.0,0.0,0.0,Cash,Google,493,493,0.0,0,1.349760438056126,282.2871298174442,381.02,-0.6004872107179045,1,0,0.002028397565922921,0.7728600405679513,0.0,381.02
C15624,1,3097.6,3097.6,5,9.0,1,2025-01-21,2025-01-21,0.0,0.0,0.0,Debit Card,Email,70,70,0.0,0,0.191649555099247,3943.4044713284898,619.52,-0.0852618757611629,0,0,0.014285714285714285,44.25142857142857,0.0,3097.6
C15629,1,912.45,912.45,3,3.0,1,2023-04-16,2023-04-16,0.0,0.0,1.0,Gift Card,Instagram,716,716,0.0,0,1.9603011635865848,465.46419343575417,304.15,-0.8721071863570377,1,0,0.0013966480446927375,1.2743715083798883,0.0,912.45
C15681,1,2161.64,2161.64,4,6.0,1,2023-08-22,2023-08-22,1.0,0.0,0.0,Credit Card,Referral,588,588,0.0,0,1.6098562628336757,1342.7534183673467,540.41,-0.7161997563937683,1,0,0.0017006802721088435,3.6762585034013604,1.0,2161.64
C15849,1,525.43,525.43,1,2.0,1,2024-12-23,2024-12-23,1.0,0.0,1.0,Cash,Instagram,99,99,0.0,0,0.271047227926078,1938.5182575757567,525.43,-0.1205846528622161,0,0,0.010101010101010102,5.307373737373737,1.0,525.43
C15924,1,245.89,245.89,1,3.0,1,2024-12-19,2024-12-19,0.0,0.0,1.0,Debit Card,Google,103,103,0.0,0,0.2819986310746064,871.9545873786408,245.89,-0.1254567600485682,0,0,0.009708737864077669,2.3872815533980583,0.0,245.89
C16012,1,630.82,630.82,1,5.0,1,2025-03-28,2025-03-28,0.0,0.0,1.0,Online,Google,4,4,0.0,0,0.0109514031485284,3943.4044713284898,630.82,-0.0048721071863521,0,0,0.25,157.705,0.0,630.82
C16400,1,628.4399999999999,628.4399999999999,3,4.0,1,2024-10-08,2024-10-08,0.0,0.0,0.0,Debit Card,Email,175,175,0.0,0,0.4791238877481177,1311.644057142857,209.48,-0.2131546894029072,0,0,0.005714285714285714,3.5910857142857138,0.0,628.4399999999999
C16429,1,679.65,679.65,1,6.0,1,2024-03-26,2024-03-26,0.0,0.0,1.0,Debit Card,Google,371,371,0.0,0,1.0157426420260096,669.1163409703504,679.65,-0.4518879415341633,1,0,0.0026954177897574125,1.8319407008086253,0.0,679.65
C16612,1,600.54,600.54,1,4.0,1,2025-03-19,2025-03-19,0.0,0.0,1.0,Debit Card,Google,13,13,0.0,0,0.0355920602327173,3943.4044713284898,600.54,-0.0158343483556445,0,0,0.07692307692307693,46.19538461538461,0.0,600.54
C16693,1,949.72,949.72,4,8.0,1,2025-02-05,2025-02-05,1.0,0.0,1.0,Cash,Referral,55,55,0.0,0,0.1505817932922655,3943.4044713284898,237.43,-0.0669914738123422,0,0,0.01818181818181818,17.267636363636363,1.0,949.72
C16702,1,1390.17,1390.17,3,3.0,1,2023-08-27,2023-08-27,0.0,1.0,0.0,Credit Card,Facebook,583,583,0.0,0,1.596167008898015,870.9426972555747,463.39,-0.7101096224108281,1,0,0.0017152658662092624,2.3845111492281306,1.0,1390.17
C16758,1,188.31,188.31,3,6.0,1,2024-11-01,2024-11-01,0.0,0.0,1.0,Gift Card,Referral,151,151,0.0,0,0.4134154688569473,455.4981953642384,62.77,-0.1839220462847942,0,0,0.006622516556291391,1.2470860927152319,0.0,188.31
C16775,1,3339.1000000000004,3320.9700000000003,5,8.0,1,2023-03-27,2023-03-27,0.0,0.0,1.0,Gift Card,Instagram,736,736,0.0,0,2.0150581793292264,1664.344004755435,670.75,-0.8964677222887985,1,0,0.001358695652173913,4.536820652173914,0.0,3339.1000000000004
C16776,1,320.0,320.0,2,4.0,1,2023-09-04,2023-09-04,0.0,0.0,1.0,Cash,Instagram,575,575,0.0,0,1.5742642026009583,203.2695652173913,160.0,-0.7003654080381237,1,0,0.0017391304347826088,0.5565217391304348,0.0,320.0
C16790,1,258.96,258.96,4,8.0,1,2023-04-08,2023-04-08,1.0,0.0,1.0,Gift Card,Google,724,724,0.0,0,1.9822039698836411,130.6424585635359,64.74,-0.881851400729742,1,0,0.0013812154696132596,0.35767955801104967,1.0,258.96
C17075,1,1259.04,1259.04,4,8.0,1,2024-07-25,2024-07-25,0.0,0.0,0.0,Online,Instagram,250,250,0.0,0,0.6844626967830253,1839.45744,314.76,-0.3045066991470103,0,0,0.004,5.03616,0.0,1259.04
C17103,1,1278.36,1278.36,3,5.0,1,2024-01-05,2024-01-05,0.0,0.0,1.0,Online,Instagram,452,452,0.0,0,1.2375085557837098,1033.0110398230088,426.12,-0.5505481120577947,1,0,0.0022123893805309734,2.828230088495575,0.0,1278.36
C17132,1,386.03,386.03,1,4.0,1,2024-12-07,2024-12-07,0.0,0.0,1.0,Online,Google,115,115,0.0,0,0.3148528405201916,1226.0648478260869,386.03,-0.1400730816076247,0,0,0.008695652173913044,3.356782608695652,0.0,386.03
C17136,1,641.96,641.96,4,8.0,1,2023-07-26,2023-07-26,0.0,0.0,1.0,Credit Card,Referral,615,615,0.0,0,1.6837782340862424,381.2616097560976,160.49,-0.7490864799016455,1,0,0.0016260162601626016,1.0438373983739837,0.0,641.96
C17181,1,2276.65,2276.65,5,8.0,1,2025-02-25,2025-02-25,1.0,0.0,1.0,Credit Card,Google,35,35,0.0,0,0.0958247775496235,3943.4044713284898,455.33,-0.0426309378805814,0,0,0.02857142857142857,65.04714285714286,1.0,2276.65
C17269,1,1733.8,1733.8,4,4.0,1,2023-05-03,2023-05-03,1.0,0.0,0.0,Gift Card,Facebook,699,699,0.0,0,1.9137577002053388,905.9663090128756,433.45,-0.851400730815041,1,0,0.001430615164520744,2.4804005722460656,1.0,1733.8
C17302,1,359.99,359.99,1,5.0,1,2023-07-25,2023-07-25,1.0,0.0,1.0,Gift Card,Email,616,616,0.0,0,1.6865160848733745,213.4518628246753,359.99,-0.7503045066982335,1,0,0.0016233766233766235,0.5843993506493507,1.0,359.99
C17388,1,317.25,317.25,1,1.0,1,2024-02-10,2024-02-10,0.0,1.0,1.0,Debit Card,Facebook,416,416,0.0,0,1.1389459274469542,278.5470252403846,317.25,-0.5066991473806253,1,0,0.002403846153846154,0.7626201923076923,1.0,317.25
C17389,1,522.08,522.08,1,5.0,1,2024-11-10,2024-11-10,0.0,1.0,1.0,Gift Card,Referral,142,142,0.0,0,0.3887748117727584,1342.8853521126762,522.08,-0.1729598051155018,0,0,0.007042253521126761,3.6766197183098592,1.0,522.08
C17470,1,461.9,461.9,2,3.0,1,2024-10-30,2024-10-30,0.0,0.0,1.0,Online,Referral,153,153,0.0,0,0.4188911704312115,1102.6730392156862,230.95,-0.1863580998779703,0,0,0.006535947712418301,3.018954248366013,0.0,461.9
C17591,1,479.76,479.76,1,1.0,1,2023-09-29,2023-09-29,0.0,0.0,0.0,Credit Card,Email,550,550,0.0,0,1.5058179329226558,318.6042545454545,479.76,-0.6699147381234227,1,0,0.0018181818181818182,0.8722909090909091,0.0,479.76
C17921,1,1210.6,1210.6,4,8.0,1,2023-02-20,2023-02-20,1.0,0.0,1.0,Credit Card,Referral,771,771,0.0,0,2.11088295687885,573.5040856031128,302.65,-0.93909866016938,1,0,0.0012970168612191958,1.5701686121919585,1.0,1210.6
C17966,1,185.74,185.74,2,5.0,1,2023-10-17,2023-10-17,0.0,0.0,1.0,Credit Card,Facebook,532,532,0.0,0,1.456536618754278,127.52168233082708,92.87,-0.647990255784838,1,0,0.0018796992481203006,0.3491353383458647,0.0,185.74
C18037,1,140.68,140.68,2,3.0,1,2023-03-08,2023-03-08,1.0,0.0,1.0,Gift Card,Email,755,755,0.0,0,2.067077344284737,68.05744370860927,70.34,-0.9196102314239712,1,0,0.0013245033112582781,0.18633112582781458,1.0,140.68
C18076,1,1766.22,1766.22,3,8.0,1,2023-12-01,2023-12-01,0.0,0.0,1.0,Debit Card,Email,487,487,0.0,0,1.3333333333333333,1324.6650000000002,588.74,-0.5931790499383761,1,0,0.002053388090349076,3.626735112936345,0.0,1766.22
C18104,1,635.9000000000001,635.9000000000001,5,9.0,1,2024-11-15,2024-11-15,1.0,0.0,1.0,Cash,Referral,137,137,0.0,0,0.3750855578370979,1695.3465328467155,127.18000000000002,-0.1668696711325616,0,0,0.0072992700729927005,4.641605839416059,1.0,635.9000000000001
C18105,1,2332.08,2332.08,4,4.0,1,2024-10-25,2024-10-25,0.0,0.0,1.0,Online,Facebook,158,158,0.0,0,0.432580424366872,3943.4044713284898,583.02,-0.1924482338609105,0,0,0.006329113924050633,14.76,0.0,2332.08
C18138,1,1618.38,1618.38,3,4.0,1,2023-04-06,2023-04-06,0.0,0.0,1.0,Credit Card,Facebook,726,726,0.0,0,1.9876796714579053,814.2056404958679,539.46,-0.884287454322918,1,0,0.0013774104683195593,2.2291735537190083,0.0,1618.38
C18167,1,887.84,887.84,4,7.0,1,2024-03-17,2024-03-17,0.0,0.0,0.0,Cash,Google,380,380,0.0,0,1.0403832991101984,853.3777894736843,221.96,-0.4628501827034557,1,0,0.002631578947368421,2.336421052631579,0.0,887.84
C18187,1,605.28,605.28,1,3.0,1,2024-11-18,2024-11-18,0.0,0.0,1.0,Gift Card,Referral,134,134,0.0,0,0.3668720054757016,1649.8397014925372,605.28,-0.1632155907427975,0,0,0.007462686567164179,4.517014925373134,0.0,605.28
C18404,1,3339.1000000000004,3320.9700000000003,5,7.0,1,2023-02-28,2023-02-28,1.0,0.0,1.0,Online,Google,763,763,0.0,0,2.088980150581793,1613.323132372215,674.04,-0.9293544457966756,1,0,0.001310615989515072,4.376277850589777,1.0,3339.1000000000004
C18567,1,365.84,365.84,4,9.0,1,2023-09-23,2023-09-23,1.0,0.0,1.0,Cash,Referral,556,556,0.0,0,1.5222450376454484,240.32924460431653,91.46,-0.6772228989029511,1,0,0.0017985611510791368,0.6579856115107913,1.0,365.84
C18583,1,1822.1,1822.1,5,10.0,1,2023-08-20,2023-08-20,1.0,0.0,1.0,Credit Card,Referral,590,590,0.0,0,1.6153319644079398,1128.0034322033898,364.42,-0.7186358099869444,1,0,0.001694915254237288,3.0883050847457625,1.0,1822.1
C18717,1,2793.15,2793.15,5,8.0,1,2023-03-26,2023-03-26,0.0,0.0,1.0,Cash,Referral,737,737,0.0,0,2.0177960301163584,1384.257852781547,558.63,-0.8976857490853866,1,0,0.0013568521031207597,3.7898914518317506,0.0,2793.15
C18724,1,616.1,616.1,1,6.0,1,2024-06-09,2024-06-09,0.0,1.0,0.0,Cash,Email,296,296,0.0,0,0.810403832991102,760.2382601351352,616.1,-0.3605359317900602,0,0,0.0033783783783783786,2.081418918918919,1.0,616.1
C18820,1,2573.0,2573.0,5,10.0,1,2023-06-12,2023-06-12,0.0,0.0,1.0,Gift Card,Instagram,659,659,0.0,0,1.8042436687200547,1426.0823216995448,514.6,-0.8026796589515193,1,0,0.0015174506828528073,3.904400606980273,0.0,2573.0
C18826,1,1443.3,1443.3,3,3.0,1,2023-08-29,2023-08-29,0.0,1.0,1.0,Credit Card,Facebook,581,581,0.0,0,1.5906913073237507,907.3413511187608,481.1,-0.7076735688176521,1,0,0.0017211703958691911,2.4841652323580035,1.0,1443.3
C18944,1,1575.2,1575.2,4,7.0,1,2023-01-20,2023-01-20,0.0,0.0,1.0,Credit Card,Email,802,802,0.0,0,2.195756331279945,717.3837905236909,393.8,-0.9768574908636092,1,0,0.0012468827930174563,1.9640897755610973,0.0,1575.2
C18984,1,1767.9,1767.9,3,6.0,1,2024-04-04,2024-04-04,0.0,1.0,1.0,Credit Card,Referral,362,362,0.0,0,0.9911019849418208,1783.7720303867404,589.3000000000001,-0.440925700364871,0,0,0.0027624309392265192,4.883701657458563,1.0,1767.9
C19071,1,1352.94,1352.94,3,8.0,1,2025-02-24,2025-02-24,0.0,0.0,1.0,Credit Card,Referral,36,36,0.0,0,0.0985626283367556,3943.4044713284898,450.98,-0.0438489646771694,0,0,0.027777777777777776,37.58166666666667,0.0,1352.94
C19266,1,442.17,442.17,3,3.0,1,2023-03-04,2023-03-04,0.0,1.0,0.0,Debit Card,Email,759,759,0.0,0,2.078028747433265,212.7833893280633,147.39,-0.9244823386103236,1,0,0.0013175230566534915,0.5825691699604744,1.0,442.17
C19384,1,351.16,351.16,4,6.0,1,2023-12-24,2023-12-24,1.0,0.0,1.0,Cash,Instagram,464,464,0.0,0,1.270362765229295,276.42497844827585,87.79,-0.5651644336168512,1,0,0.0021551724137931034,0.7568103448275862,1.0,351.16
C19402,1,1204.68,1204.68,4,6.0,1,2023-12-19,2023-12-19,1.0,0.0,0.0,Online,Email,469,469,0.0,0,1.2840520191649556,938.186289978678,301.17,-0.5712545675997914,1,0,0.0021321961620469083,2.5686140724946696,1.0,1204.68
C19451,1,2357.76,2357.76,4,5.0,1,2024-12-22,2024-12-22,0.0,1.0,0.0,Gift Card,Facebook,100,100,0.0,0,0.2737850787132101,3943.4044713284898,589.44,-0.1218026796588041,0,0,0.01,23.577600000000004,1.0,2357.76
C19648,1,2673.44,2673.44,4,5.0,1,2024-09-20,2024-09-20,1.0,0.0,1.0,Gift Card,Facebook,193,193,0.0,0,0.5284052019164955,3943.4044713284898,668.36,-0.2350791717414919,0,0,0.0051813471502590676,13.852020725388602,1.0,2673.44
C19722,1,596.24,596.24,1,4.0,1,2024-05-31,2024-05-31,0.0,1.0,1.0,Credit Card,Instagram,305,305,0.0,0,0.8350444900752909,714.0218360655738,596.24,-0.3714981729593526,0,0,0.003278688524590164,1.9548852459016395,1.0,596.24
C19742,1,332.09,332.09,1,5.0,1,2023-09-13,2023-09-13,0.0,1.0,1.0,Gift Card,Instagram,566,566,0.0,0,1.5496235455167693,214.30366166077735,332.09,-0.6894031668688314,1,0,0.0017667844522968198,0.5867314487632508,1.0,332.09
C19759,1,1176.6,1176.6,2,2.0,1,2025-01-02,2025-01-02,0.0,0.0,1.0,Online,Email,89,89,0.0,0,0.243668720054757,3943.4044713284898,588.3,-0.1084043848963356,0,0,0.011235955056179775,13.220224719101122,0.0,1176.6
C20077,1,2372.88,2372.88,4,8.0,1,2024-03-06,2024-03-06,1.0,0.0,1.0,Credit Card,Facebook,391,391,0.0,0,1.0704996577686516,2216.609769820972,593.22,-0.4762484774659242,1,0,0.0025575447570332483,6.068746803069054,1.0,2372.88
C20095,1,1325.06,1325.06,2,5.0,1,2024-03-04,2024-03-04,1.0,0.0,0.0,Online,Facebook,393,393,0.0,0,1.0759753593429158,1231.4966030534351,662.53,-0.4786845310591002,1,0,0.002544529262086514,3.371653944020356,1.0,1325.06
C20124,1,177.46,177.46,2,5.0,1,2023-12-18,2023-12-18,0.0,0.0,0.0,Online,Google,470,470,0.0,0,1.2867898699520877,137.9090744680851,88.73,-0.5724725943963794,1,0,0.002127659574468085,0.3775744680851064,0.0,177.46
C20212,1,1834.35,1834.35,3,4.0,1,2023-12-05,2023-12-05,0.0,0.0,1.0,Gift Card,Instagram,483,483,0.0,0,1.322381930184805,1387.1559782608697,611.4499999999999,-0.588306942752024,1,0,0.002070393374741201,3.7978260869565217,0.0,1834.35
C20256,1,1616.22,1616.22,3,6.0,1,2024-12-11,2024-12-11,0.0,0.0,1.0,Online,Email,111,111,0.0,0,0.3039014373716632,3943.4044713284898,538.74,-0.1352009744212726,0,0,0.009009009009009009,14.56054054054054,0.0,1616.22
C20257,1,1343.9,1343.9,5,7.0,1,2023-12-29,2023-12-29,0.0,0.0,1.0,Debit Card,Email,459,459,0.0,0,1.2566735112936345,1069.4106209150327,268.78000000000003,-0.559074299633911,1,0,0.002178649237472767,2.9278867102396515,0.0,1343.9
C20286,1,571.9,571.9,1,1.0,1,2024-09-16,2024-09-16,0.0,0.0,1.0,Gift Card,Instagram,197,197,0.0,0,0.5393566050650239,1060.3374365482234,571.9,-0.2399512789278441,0,0,0.005076142131979695,2.9030456852791877,0.0,571.9
C20338,1,370.85,370.85,1,2.0,1,2024-12-24,2024-12-24,0.0,0.0,1.0,Gift Card,Referral,98,98,0.0,0,0.2683093771389459,1382.173086734694,370.85,-0.119366626065628,0,0,0.01020408163265306,3.784183673469388,0.0,370.85
C20357,1,2077.32,2077.32,3,8.0,1,2024-06-12,2024-06-12,1.0,0.0,1.0,Debit Card,Google,293,293,0.0,0,0.8021902806297057,2589.5601706484645,692.44,-0.3568818514002961,0,0,0.0034129692832764505,7.089829351535837,1.0,2077.32
C20448,1,296.44,296.44,2,7.0,1,2023-08-15,2023-08-15,0.0,0.0,1.0,Credit Card,Instagram,595,595,0.0,0,1.6290212183436004,181.9743025210084,148.22,-0.7247259439698847,1,0,0.0016806722689075631,0.498218487394958,0.0,296.44
C20512,1,2763.12,2763.12,4,9.0,1,2023-07-19,2023-07-19,0.0,0.0,0.0,Credit Card,Referral,622,622,0.0,0,1.702943189596167,1622.5555948553051,690.78,-0.7576126674777618,1,0,0.001607717041800643,4.442315112540193,0.0,2763.12
C20624,1,479.56,479.56,1,1.0,1,2025-03-15,2025-03-15,0.0,1.0,1.0,Gift Card,Google,17,17,0.0,0,0.0465434633812457,3943.4044713284898,479.56,-0.0207064555419967,0,0,0.058823529411764705,28.209411764705884,1.0,479.56
C20643,1,2011.96,2011.96,4,4.0,1,2024-02-16,2024-02-16,0.0,0.0,1.0,Debit Card,Referral,410,410,0.0,0,1.1225188227241616,1792.3619268292682,502.99,-0.499390986601097,1,0,0.0024390243902439024,4.907219512195122,0.0,2011.96
C20670,1,935.82,935.82,2,5.0,1,2024-04-09,2024-04-09,0.0,1.0,1.0,Gift Card,Facebook,357,357,0.0,0,0.9774127310061602,957.4460924369748,467.91,-0.4348355663819307,0,0,0.0028011204481792717,2.6213445378151263,1.0,935.82
C20731,1,1777.76,1777.76,4,8.0,1,2023-05-19,2023-05-19,1.0,0.0,1.0,Debit Card,Google,683,683,0.0,0,1.8699520876112248,950.6981551976572,444.44,-0.8319123020696323,1,0,0.0014641288433382138,2.602869692532943,1.0,1777.76
C20752,1,572.13,572.13,1,4.0,1,2023-12-22,2023-12-22,1.0,0.0,1.0,Debit Card,Google,466,466,0.0,0,1.2758384668035592,448.4345118025751,572.13,-0.5676004872100273,1,0,0.002145922746781116,1.2277467811158798,1.0,572.13
C20817,1,3078.35,3078.35,5,6.0,1,2023-05-16,2023-05-16,0.0,0.0,1.0,Online,Email,686,686,0.0,0,1.8781656399726212,1639.019442419825,615.67,-0.8355663824593964,1,0,0.0014577259475218659,4.4873906705539355,0.0,3078.35
C20881,1,1288.1,1288.1,2,5.0,1,2023-07-18,2023-07-18,1.0,0.0,1.0,Gift Card,Referral,623,623,0.0,0,1.7056810403832992,755.1822231139646,644.05,-0.7588306942743498,1,0,0.0016051364365971107,2.067576243980738,1.0,1288.1
C20977,1,1740.48,1740.48,4,9.0,1,2023-06-11,2023-06-11,0.0,0.0,1.0,Credit Card,Instagram,660,660,0.0,0,1.8069815195071868,963.1974545454544,435.12,-0.8038976857481073,1,0,0.0015151515151515152,2.637090909090909,0.0,1740.48
C21043,1,694.5,694.5,1,3.0,1,2024-07-18,2024-07-18,0.0,0.0,1.0,Credit Card,Facebook,257,257,0.0,0,0.70362765229295,987.0277237354086,694.5,-0.3130328867231266,0,0,0.0038910505836575876,2.7023346303501947,0.0,694.5
C21126,1,107.04,107.04,1,6.0,1,2024-06-20,2024-06-20,1.0,0.0,1.0,Credit Card,Google,285,285,0.0,0,0.7802874743326489,137.1802105263158,107.04,-0.3471376370275918,0,0,0.0035087719298245615,0.37557894736842107,1.0,107.04
C21147,1,335.1,335.1,1,6.0,1,2023-06-16,2023-06-16,0.0,0.0,1.0,Debit Card,Referral,655,655,0.0,0,1.7932922655715264,186.8630152671756,335.1,-0.7978075517651672,1,0,0.0015267175572519084,0.5116030534351146,0.0,335.1
C21167,1,2235.6,2235.6,4,9.0,1,2023-02-11,2023-02-11,0.0,0.0,1.0,Gift Card,Google,780,780,0.0,0,2.135523613963039,1046.8626923076922,558.9,-0.9500609013386724,1,0,0.001282051282051282,2.866153846153846,0.0,2235.6
C21181,1,1350.2,1350.2,2,4.0,1,2024-04-07,2024-04-07,0.0,0.0,1.0,Cash,Google,359,359,0.0,0,0.9828884325804244,1373.706267409471,675.1,-0.4372716199751069,0,0,0.002785515320334262,3.7610027855153203,0.0,1350.2
C21191,1,321.96,321.96,2,3.0,1,2024-04-11,2024-04-11,0.0,0.0,1.0,Debit Card,Referral,355,355,0.0,0,0.971937029431896,331.2560281690141,160.98,-0.4323995127887547,0,0,0.0028169014084507044,0.9069295774647886,0.0,321.96
C21227,1,590.87,590.87,1,6.0,1,2023-02-08,2023-02-08,0.0,1.0,1.0,Gift Card,Referral,783,783,0.0,0,2.143737166324436,275.6261398467433,590.87,-0.9537149817284364,1,0,0.001277139208173691,0.7546232439335888,1.0,590.87
C21437,1,222.73,222.73,1,4.0,1,2024-05-10,2024-05-10,0.0,1.0,0.0,Online,Google,326,326,0.0,0,0.892539356605065,249.54641871165643,222.73,-0.3970767356877015,0,0,0.003067484662576687,0.6832208588957055,1.0,222.73
C21665,1,1700.72,1700.72,4,8.0,1,2023-09-30,2023-09-30,0.0,1.0,1.0,Online,Facebook,549,549,0.0,0,1.5030800821355237,1131.4899453551911,425.18,-0.6686967113268347,1,0,0.0018214936247723133,3.0978506375227686,1.0,1700.72
C21905,1,298.06,298.06,1,3.0,1,2023-12-21,2023-12-21,0.0,0.0,1.0,Debit Card,Google,467,467,0.0,0,1.2785763175906912,233.11866167023555,298.06,-0.5688185140066153,1,0,0.0021413276231263384,0.6382441113490364,0.0,298.06
C21944,1,297.75,297.75,5,6.0,1,2024-03-06,2024-03-06,0.0,0.0,0.0,Online,Referral,391,391,0.0,0,1.0704996577686516,278.14114450127875,59.55,-0.4762484774659242,1,0,0.0025575447570332483,0.7615089514066496,0.0,297.75
C21953,1,250.46,250.46,2,3.0,1,2024-09-19,2024-09-19,1.0,0.0,1.0,Cash,Email,194,194,0.0,0,0.5311430527036276,471.5490463917527,125.23,-0.23629719853808,0,0,0.005154639175257732,1.2910309278350516,1.0,250.46
C22101,1,265.2,265.2,2,4.0,1,2023-03-14,2023-03-14,1.0,0.0,1.0,Debit Card,Email,749,749,0.0,0,2.050650239561944,129.32483311081444,132.6,-0.912302070644443,1,0,0.0013351134846461949,0.35407209612817087,1.0,265.2
C22123,1,672.89,672.89,1,1.0,1,2023-09-24,2023-09-24,0.0,0.0,1.0,Credit Card,Email,555,555,0.0,0,1.5195071868583163,442.8343648648648,672.89,-0.676004872106363,1,0,0.0018018018018018018,1.2124144144144144,0.0,672.89
C22167,1,2178.3,2178.3,5,9.0,1,2023-08-20,2023-08-20,0.0,0.0,0.0,Online,Facebook,590,590,0.0,0,1.6153319644079398,1348.5153813559325,435.66,-0.7186358099869444,1,0,0.001694915254237288,3.692033898305085,0.0,2178.3
C22429,1,604.8,604.8,4,9.0,1,2023-07-02,2023-07-02,0.0,0.0,1.0,Gift Card,Facebook,639,639,0.0,0,1.749486652977413,345.7014084507042,151.2,-0.7783191230197585,1,0,0.001564945226917058,0.9464788732394366,0.0,604.8
C22534,1,529.19,529.19,1,5.0,1,2023-01-20,2023-01-20,1.0,0.0,0.0,Cash,Referral,802,802,0.0,0,2.195756331279945,241.00579488778055,529.19,-0.9768574908636092,1,0,0.0012468827930174563,0.6598379052369078,1.0,529.19
C22657,1,1901.91,1901.91,3,7.0,1,2023-12-28,2023-12-28,0.0,0.0,1.0,Cash,Facebook,460,460,0.0,0,1.2594113620807663,1510.1578858695657,633.97,-0.5602923264304991,1,0,0.002173913043478261,4.13458695652174,0.0,1901.91
C22783,1,2771.64,2771.64,4,9.0,1,2024-09-11,2024-09-11,0.0,0.0,1.0,Credit Card,Instagram,202,202,0.0,0,0.5530458590006845,3943.4044713284898,692.91,-0.2460414129107843,0,0,0.0049504950495049506,13.720990099009901,0.0,2771.64
C22981,1,472.2,472.2,3,7.0,1,2024-04-15,2024-04-15,1.0,0.0,1.0,Debit Card,Email,351,351,0.0,0,0.9609856262833676,491.3705128205128,157.4,-0.4275274056024025,0,0,0.002849002849002849,1.3452991452991452,1.0,472.2
C22991,1,252.68,252.68,1,1.0,1,2025-03-31,2025-03-31,1.0,0.0,0.0,Online,Referral,1,1,0.0,0,0.0027378507871321,3943.4044713284898,252.68,-0.001218026796588,0,0,1.0,252.68,1.0,252.68
C23279,1,87.34,87.34,2,4.0,1,2023-07-25,2023-07-25,0.0,1.0,1.0,Cash,Instagram,616,616,0.0,0,1.6865160848733745,51.78723214285714,43.67,-0.7503045066982335,1,0,0.0016233766233766235,0.1417857142857143,1.0,87.34
C23334,1,331.06,331.06,1,5.0,1,2024-05-16,2024-05-16,0.0,0.0,1.0,Credit Card,Instagram,320,320,0.0,0,0.8761122518822724,377.873953125,331.06,-0.3897685749081732,0,0,0.003125,1.0345625,0.0,331.06
C23405,1,2780.4,2780.4,4,8.0,1,2024-08-23,2024-08-23,0.0,1.0,0.0,Debit Card,Email,221,221,0.0,0,0.6050650239561944,3943.4044713284898,695.1,-0.2691839220459571,0,0,0.004524886877828055,12.580995475113122,1.0,2780.4
C23555,1,1633.44,1633.44,4,4.0,1,2023-10-16,2023-10-16,1.0,0.0,1.0,Gift Card,Referral,533,533,0.0,0,1.45927446954141,1119.3507692307694,408.36,-0.649208282581426,1,0,0.001876172607879925,3.0646153846153847,1.0,1633.44
C23637,1,553.56,553.56,1,5.0,1,2023-05-31,2023-05-31,1.0,0.0,0.0,Credit Card,Referral,671,671,0.0,0,1.83709787816564,301.323084947839,553.56,-0.8172959805105757,1,0,0.0014903129657228018,0.8249776453055141,1.0,553.56
C23899,1,1358.45,1358.45,5,7.0,1,2025-03-26,2025-03-26,0.0,1.0,1.0,Online,Instagram,6,6,0.0,0,0.0164271047227926,3943.4044713284898,271.69,-0.0073081607795282,0,0,0.16666666666666666,226.40833333333333,1.0,1358.45
C23917,1,127.55,127.55,1,3.0,1,2023-04-27,2023-04-27,0.0,0.0,1.0,Cash,Referral,705,705,0.0,0,1.9301848049281316,66.08175531914894,127.55,-0.8587088915945692,1,0,0.0014184397163120568,0.18092198581560284,0.0,127.55
C23947,1,120.98,120.98,1,6.0,1,2023-05-18,2023-05-18,0.0,0.0,1.0,Debit Card,Email,684,684,0.0,0,1.8726899383983573,64.60225877192983,120.98,-0.8331303288662203,1,0,0.0014619883040935672,0.17687134502923976,0.0,120.98
C23978,1,576.35,576.35,1,1.0,1,2024-09-30,2024-09-30,0.0,1.0,1.0,Gift Card,Instagram,183,183,0.0,0,0.5010266940451745,1150.3379098360656,576.35,-0.2228989037756115,0,0,0.00546448087431694,3.1494535519125684,1.0,576.35
C24047,1,937.8,937.8,4,9.0,1,2023-05-06,2023-05-06,1.0,0.0,1.0,Online,Instagram,696,696,0.0,0,1.9055441478439423,492.14288793103447,234.45,-0.8477466504252769,1,0,0.0014367816091954023,1.3474137931034482,1.0,937.8
C24212,1,322.08,322.08,3,5.0,1,2023-10-08,2023-10-08,0.0,0.0,1.0,Gift Card,Google,541,541,0.0,0,1.4811772758384667,217.44865064695009,107.36,-0.6589524969541304,1,0,0.0018484288354898336,0.5953419593345656,0.0,322.08
C24301,1,1284.08,1284.08,2,4.0,1,2024-10-26,2024-10-26,0.0,0.0,1.0,Gift Card,Email,157,157,0.0,0,0.4298425735797399,2987.326242038216,642.04,-0.1912302070643225,0,0,0.006369426751592357,8.178853503184714,0.0,1284.08
C24347,1,646.9,646.9,2,5.0,1,2025-02-16,2025-02-16,0.0,1.0,1.0,Credit Card,Instagram,44,44,0.0,0,0.1204654346338124,3943.4044713284898,323.45,-0.0535931790498738,0,0,0.022727272727272728,14.702272727272726,1.0,646.9
C24369,1,1079.19,1079.19,3,7.0,1,2024-03-13,2024-03-13,0.0,1.0,1.0,Debit Card,Email,384,384,0.0,0,1.051334702258727,1026.49517578125,359.73,-0.4677222898898079,1,0,0.0026041666666666665,2.810390625,1.0,1079.19
C24751,1,2506.3,2506.3,5,10.0,1,2023-12-07,2023-12-07,0.0,0.0,1.0,Gift Card,Referral,481,481,0.0,0,1.3169062286105406,1903.1727130977133,501.2600000000001,-0.5858708891588479,1,0,0.002079002079002079,5.210602910602911,0.0,2506.3
C24765,1,719.72,719.72,2,4.0,1,2024-07-04,2024-07-04,1.0,0.0,0.0,Debit Card,Referral,271,271,0.0,0,0.7419575633127995,970.02852398524,359.86,-0.3300852618753592,0,0,0.0036900369003690036,2.6557933579335793,1.0,719.72
C24769,1,57.1,57.1,2,7.0,1,2023-11-05,2023-11-05,0.0,0.0,1.0,Gift Card,Email,513,513,0.0,0,1.404517453798768,40.65453216374269,28.55,-0.6248477466496652,1,0,0.001949317738791423,0.11130604288499026,0.0,57.1
C24884,1,260.26,260.26,1,5.0,1,2024-07-22,2024-07-22,0.0,0.0,1.0,Online,Instagram,253,253,0.0,0,0.6926762491444216,375.7310869565217,260.26,-0.3081607795367744,0,0,0.003952569169960474,1.028695652173913,0.0,260.26
C24901,1,299.7,299.7,3,8.0,1,2023-05-05,2023-05-05,0.0,0.0,1.0,Cash,Facebook,697,697,0.0,0,1.9082819986310744,157.05225968436153,99.9,-0.8489646772218649,1,0,0.0014347202295552368,0.42998565279770445,0.0,299.7
C25123,1,629.21,629.21,1,2.0,1,2023-05-26,2023-05-26,0.0,0.0,1.0,Gift Card,Instagram,676,676,0.0,0,1.8507871321013003,339.96886464497044,629.21,-0.823386114493516,1,0,0.0014792899408284023,0.9307840236686391,0.0,629.21
C25149,1,1054.48,1054.48,4,5.0,1,2023-09-29,2023-09-29,0.0,0.0,1.0,Cash,Email,550,550,0.0,0,1.5058179329226558,700.2705818181818,263.62,-0.6699147381234227,1,0,0.0018181818181818182,1.9172363636363636,0.0,1054.48
C25162,1,688.36,688.36,2,7.0,1,2023-11-09,2023-11-09,0.0,0.0,0.0,Credit Card,Referral,509,509,0.0,0,1.3935660506502396,493.9557760314341,344.18,-0.619975639463313,1,0,0.0019646365422396855,1.35237721021611,0.0,688.36
C25268,1,665.11,665.11,1,3.0,1,2025-03-04,2025-03-04,0.0,0.0,1.0,Cash,Instagram,28,28,0.0,0,0.0766598220396988,3943.4044713284898,665.11,-0.0341047503044651,0,0,0.03571428571428571,23.75392857142857,0.0,665.11
C25276,1,3313.9,3313.9,5,9.0,1,2023-05-26,2023-05-26,0.0,0.0,1.0,Debit Card,Instagram,676,676,0.0,0,1.8507871321013003,1790.5354659763314,662.78,-0.823386114493516,1,0,0.0014792899408284023,4.902218934911243,0.0,3313.9
C25316,1,79.06,79.06,2,3.0,1,2024-06-27,2024-06-27,0.0,0.0,1.0,Credit Card,Google,278,278,0.0,0,0.7611225188227242,103.87289568345324,39.53,-0.3386114494514755,0,0,0.0035971223021582736,0.2843884892086331,0.0,79.06
C25382,1,454.35,454.35,5,5.0,1,2023-06-24,2023-06-24,0.0,0.0,0.0,Cash,Instagram,647,647,0.0,0,1.7713894592744694,256.4935664605874,90.87,-0.7880633373924628,1,0,0.0015455950540958269,0.7022411128284389,0.0,454.35
C25406,1,161.24,161.24,1,3.0,1,2024-12-18,2024-12-18,0.0,0.0,1.0,Credit Card,Instagram,104,104,0.0,0,0.2847364818617385,566.2779807692308,161.24,-0.1266747868451563,0,0,0.009615384615384616,1.5503846153846155,0.0,161.24
C25445,1,658.5,658.5,5,8.0,1,2025-01-29,2025-01-29,0.0,0.0,1.0,Cash,Google,62,62,0.0,0,0.1697467488021903,3879.308467741935,131.7,-0.0755176613884585,0,0,0.016129032258064516,10.620967741935484,0.0,658.5
C25503,1,211.14,211.14,2,5.0,1,2023-12-13,2023-12-13,0.0,1.0,1.0,Debit Card,Google,475,475,0.0,0,1.3004791238877482,162.35554736842104,105.57,-0.5785627283793197,1,0,0.002105263157894737,0.4445052631578947,1.0,211.14
C25534,1,984.2,984.2,5,5.0,1,2023-01-23,2023-01-23,0.0,0.0,1.0,Credit Card,Instagram,799,799,0.0,0,2.187542778918549,449.9112015018774,196.84,-0.9732034104738452,1,0,0.0012515644555694619,1.2317897371714643,0.0,984.2
C25580,1,1563.36,1563.36,4,9.0,1,2023-03-02,2023-03-02,1.0,0.0,1.0,Credit Card,Referral,761,761,0.0,0,2.083504449007529,750.3511695137977,390.84,-0.9269183922034996,1,0,0.001314060446780552,2.0543495400788436,1.0,1563.36
C25587,1,48.4,48.4,4,8.0,1,2024-12-09,2024-12-09,1.0,0.0,0.0,Debit Card,Google,113,113,0.0,0,0.3093771389459274,156.4433628318584,12.1,-0.1376370280144487,0,0,0.008849557522123894,0.4283185840707964,1.0,48.4
C25783,1,1253.4,1253.4,5,8.0,1,2025-03-22,2025-03-22,0.0,0.0,1.0,Cash,Instagram,10,10,0.0,0,0.027378507871321,3943.4044713284898,250.68,-0.0121802679658804,0,0,0.1,125.34,0.0,1253.4
C25841,1,904.65,904.65,3,5.0,1,2024-05-29,2024-05-29,0.0,0.0,1.0,Debit Card,Google,307,307,0.0,0,0.840520191649555,1076.297760586319,301.55,-0.3739342265525287,0,0,0.003257328990228013,2.9467426710097717,0.0,904.65
C25918,1,666.9499999999999,666.9499999999999,5,6.0,1,2023-08-03,2023-08-03,0.0,0.0,1.0,Credit Card,Referral,607,607,0.0,0,1.6618754277891854,401.3237026359143,133.39,-0.7393422655289411,1,0,0.0016474464579901153,1.0987644151565072,0.0,666.9499999999999
C25967,1,1709.8,1709.8,5,6.0,1,2024-01-16,2024-01-16,0.0,0.0,0.0,Debit Card,Email,441,441,0.0,0,1.2073921971252566,1416.1098639455784,341.96,-0.5371498172953263,1,0,0.0022675736961451248,3.8770975056689343,0.0,1709.8
C26118,1,144.78,144.78,2,7.0,1,2023-03-26,2023-03-26,0.0,0.0,1.0,Online,Instagram,737,737,0.0,0,2.0177960301163584,71.75155359565808,72.39,-0.8976857490853866,1,0,0.0013568521031207597,0.1964450474898236,0.0,144.78
C26137,1,856.18,856.18,2,6.0,1,2025-03-12,2025-03-12,0.0,1.0,0.0,Credit Card,Instagram,20,20,0.0,0,0.054757015742642,3943.4044713284898,428.09,-0.0243605359317608,0,0,0.05,42.809,1.0,856.18
C26152,1,972.7,972.7,2,6.0,1,2024-06-14,2024-06-14,0.0,0.0,1.0,Online,Referral,291,291,0.0,0,0.7967145790554415,1220.8889175257732,486.35,-0.35444579780712,0,0,0.003436426116838488,3.3426116838487974,0.0,972.7
C26163,1,625.1,625.1,5,9.0,1,2024-07-03,2024-07-03,0.0,0.0,1.0,Debit Card,Google,272,272,0.0,0,0.7446954140999316,839.4035845588236,125.02,-0.3313032886719472,0,0,0.003676470588235294,2.2981617647058825,0.0,625.1
C26188,1,618.68,618.68,1,6.0,1,2023-04-20,2023-04-20,0.0,0.0,1.0,Online,Referral,712,712,0.0,0,1.949349760438056,317.3776264044944,618.68,-0.8672350791706854,1,0,0.0014044943820224719,0.8689325842696628,0.0,618.68
C26210,1,1334.25,1334.25,3,6.0,1,2023-11-27,2023-11-27,0.0,0.0,1.0,Cash,Facebook,491,491,0.0,0,1.3442847364818618,992.5352596741344,444.75,-0.5980511571247283,1,0,0.002036659877800407,2.7174134419551934,0.0,1334.25
C26223,1,657.07,657.07,1,4.0,1,2024-10-04,2024-10-04,0.0,0.0,1.0,Cash,Google,179,179,0.0,0,0.4900752908966461,1340.7531703910615,657.07,-0.2180267965892594,0,0,0.00558659217877095,3.6707821229050284,0.0,657.07
C26340,1,369.2,369.2,2,7.0,1,2024-03-13,2024-03-13,0.0,0.0,1.0,Gift Card,Email,384,384,0.0,0,1.051334702258727,351.17265625,184.6,-0.4677222898898079,1,0,0.0026041666666666665,0.9614583333333333,0.0,369.2
C26364,1,1314.24,1314.24,4,4.0,1,2023-04-16,2023-04-16,0.0,1.0,1.0,Debit Card,Email,716,716,0.0,0,1.9603011635865848,670.4275977653631,328.56,-0.8721071863570377,1,0,0.0013966480446927375,1.8355307262569833,1.0,1314.24
C26445,1,1500.24,1500.24,3,6.0,1,2023-06-30,2023-06-30,0.0,1.0,0.0,Debit Card,Facebook,641,641,0.0,0,1.754962354551677,854.8559438377534,500.08,-0.7807551766129346,1,0,0.0015600624024961,2.340468018720749,1.0,1500.24
C26637,1,869.8000000000001,869.8000000000001,5,8.0,1,2023-08-31,2023-08-31,0.0,0.0,1.0,Debit Card,Instagram,579,579,0.0,0,1.5852156057494866,548.6950777202073,173.96,-0.705237515224476,1,0,0.0017271157167530224,1.5022452504317791,0.0,869.8000000000001
C26718,1,1052.36,1052.36,4,8.0,1,2025-01-30,2025-01-30,0.0,0.0,1.0,Debit Card,Google,61,61,0.0,0,0.1670088980150581,3943.4044713284898,263.09,-0.0742996345918705,0,0,0.01639344262295082,17.251803278688524,0.0,1052.36
C26767,1,303.6,303.6,1,5.0,1,2023-08-10,2023-08-10,0.0,0.0,1.0,Cash,Facebook,600,600,0.0,0,1.6427104722792607,184.8165,303.6,-0.7308160779528249,1,0,0.0016666666666666668,0.506,0.0,303.6
C26966,1,1872.9,1872.9,5,10.0,1,2023-05-06,2023-05-06,1.0,0.0,1.0,Gift Card,Instagram,696,696,0.0,0,1.9055441478439423,982.8688577586208,374.58,-0.8477466504252769,1,0,0.0014367816091954023,2.6909482758620693,1.0,1872.9
C27070,1,2612.52,2612.52,4,8.0,1,2024-10-07,2024-10-07,0.0,0.0,1.0,Credit Card,Instagram,176,176,0.0,0,0.4818617385352498,3943.4044713284898,653.13,-0.2143727161994952,0,0,0.005681818181818182,14.843863636363636,0.0,2612.52
C27078,1,1181.9,1181.9,5,7.0,1,2024-11-02,2024-11-02,0.0,1.0,0.0,Credit Card,Facebook,150,150,0.0,0,0.4106776180698152,2877.9265000000005,236.38,-0.1827040194882062,0,0,0.006666666666666667,7.879333333333334,1.0,1181.9
C27202,1,3267.35,3267.35,5,10.0,1,2024-08-19,2024-08-19,1.0,0.0,1.0,Credit Card,Referral,225,225,0.0,0,0.6160164271047228,3943.4044713284898,653.47,-0.2740560292323093,0,0,0.0044444444444444444,14.521555555555555,1.0,3267.35
C27203,1,1040.85,1040.85,5,6.0,1,2023-02-16,2023-02-16,0.0,1.0,1.0,Credit Card,Facebook,775,775,0.0,0,2.1218343600273784,490.5425322580645,208.17,-0.943970767355732,1,0,0.0012903225806451613,1.343032258064516,1.0,1040.85
C27305,1,1390.58,1390.58,2,6.0,1,2024-07-25,2024-07-25,0.0,0.0,1.0,Credit Card,Instagram,250,250,0.0,0,0.6844626967830253,2031.63738,695.29,-0.3045066991470103,0,0,0.004,5.56232,0.0,1390.58
C27401,1,1619.73,1619.73,3,8.0,1,2024-11-24,2024-11-24,0.0,0.0,0.0,Credit Card,Email,128,128,0.0,0,0.3504449007529089,3943.4044713284898,539.91,-0.1559074299632693,0,0,0.0078125,12.654140625,0.0,1619.73
C27430,1,474.25,474.25,5,6.0,1,2025-02-04,2025-02-04,0.0,0.0,1.0,Cash,Email,56,56,0.0,0,0.1533196440793976,3093.2109375000005,94.85,-0.0682095006089303,0,0,0.017857142857142856,8.46875,0.0,474.25
C27435,1,2104.9,2104.9,5,7.0,1,2024-05-27,2024-05-27,0.0,0.0,1.0,Cash,Facebook,309,309,0.0,0,0.8459958932238193,2488.073543689321,420.98,-0.3763702801457048,0,0,0.003236245954692557,6.811974110032363,0.0,2104.9
C27438,1,70.32,70.32,1,4.0,1,2023-11-11,2023-11-11,0.0,1.0,1.0,Cash,Facebook,507,507,0.0,0,1.3880903490759753,50.65952662721893,70.32,-0.617539585870137,1,0,0.0019723865877712033,0.138698224852071,1.0,70.32
C27613,1,2462.6,2462.6,4,9.0,1,2024-06-27,2024-06-27,0.0,0.0,1.0,Debit Card,Google,278,278,0.0,0,0.7611225188227242,3235.4843525179854,615.65,-0.3386114494514755,0,0,0.0035971223021582736,8.858273381294964,0.0,2462.6
C27898,1,2513.55,2513.55,5,7.0,1,2023-10-09,2023-10-09,0.0,0.0,1.0,Gift Card,Google,540,540,0.0,0,1.4784394250513346,1700.137291666667,502.71,-0.6577344701575424,1,0,0.001851851851851852,4.654722222222222,0.0,2513.55
C28049,1,1293.38,1293.38,2,7.0,1,2023-05-21,2023-05-21,0.0,0.0,1.0,Debit Card,Instagram,681,681,0.0,0,1.864476386036961,693.696101321586,646.69,-0.8294762484764562,1,0,0.0014684287812041115,1.899236417033774,0.0,1293.38
C28386,1,277.09,277.09,1,2.0,1,2024-04-06,2024-04-06,0.0,1.0,1.0,Cash,Referral,360,360,0.0,0,0.9856262833675564,281.13089583333334,277.09,-0.4384896467716949,0,0,0.002777777777777778,0.7696944444444443,1.0,277.09
C28552,1,29.86,29.86,2,4.0,1,2025-02-25,2025-02-25,0.0,0.0,0.0,Online,Facebook,35,35,0.0,0,0.0958247775496235,311.6104285714286,14.93,-0.0426309378805814,0,0,0.02857142857142857,0.8531428571428571,0.0,29.86
C28648,1,1895.44,1895.44,4,7.0,1,2024-04-28,2024-04-28,0.0,0.0,1.0,Debit Card,Facebook,338,338,0.0,0,0.9253935660506504,2048.2528402366866,473.86,-0.411693057246758,0,0,0.0029585798816568047,5.607810650887574,0.0,1895.44
C28712,1,303.32,303.32,2,6.0,1,2024-05-06,2024-05-06,1.0,0.0,0.0,Cash,Instagram,330,330,0.0,0,0.9034907597535934,335.7200909090909,151.66,-0.4019488428740536,0,0,0.0030303030303030303,0.9191515151515152,1.0,303.32
C28740,1,1670.97,1670.97,3,4.0,1,2023-06-30,2023-06-30,1.0,0.0,1.0,Online,Facebook,641,641,0.0,0,1.754962354551677,952.140081903276,556.99,-0.7807551766129346,1,0,0.0015600624024961,2.606817472698908,1.0,1670.97
C28828,1,395.88,395.88,3,8.0,1,2025-02-04,2025-02-04,0.0,0.0,0.0,Credit Card,Instagram,56,56,0.0,0,0.1533196440793976,2582.056607142857,131.96,-0.0682095006089303,0,0,0.017857142857142856,7.069285714285714,0.0,395.88
C28889,1,258.87,258.87,3,6.0,1,2025-03-04,2025-03-04,0.0,0.0,1.0,Cash,Instagram,28,28,0.0,0,0.0766598220396988,3376.866696428572,86.29,-0.0341047503044651,0,0,0.03571428571428571,9.245357142857143,0.0,258.87
C28893,1,620.21,620.21,1,1.0,1,2024-11-10,2024-11-10,0.0,1.0,1.0,Online,Referral,142,142,0.0,0,0.3887748117727584,1595.293679577465,620.21,-0.1729598051155018,0,0,0.007042253521126761,4.367676056338029,1.0,620.21
C28976,1,1067.62,1067.62,2,3.0,1,2023-01-24,2023-01-24,0.0,0.0,1.0,Credit Card,Email,798,798,0.0,0,2.184804928131417,488.65689849624056,533.81,-0.9719853836772572,1,0,0.0012531328320802004,1.3378696741854634,0.0,1067.62
C29041,1,1768.68,1768.68,3,6.0,1,2023-06-27,2023-06-27,0.0,1.0,0.0,Online,Facebook,644,644,0.0,0,1.7631759069130732,1003.121692546584,589.5600000000001,-0.7844092570026987,1,0,0.0015527950310559005,2.7463975155279505,1.0,1768.68
C29059,1,1503.9,1503.9,3,3.0,1,2025-01-22,2025-01-22,1.0,0.0,1.0,Online,Facebook,69,69,0.0,0,0.188911704312115,3943.4044713284898,501.3,-0.0840438489645748,0,0,0.014492753623188406,21.795652173913044,1.0,1503.9
C29063,1,478.75,478.75,5,8.0,1,2024-09-29,2024-09-29,0.0,0.0,1.0,Online,Instagram,184,184,0.0,0,0.5037645448323066,950.3447690217392,95.75,-0.2241169305721996,0,0,0.005434782608695652,2.6019021739130435,0.0,478.75
C29072,1,687.98,687.98,2,4.0,1,2023-03-10,2023-03-10,0.0,0.0,0.0,Online,Google,753,753,0.0,0,2.0616016427104724,333.7114143426295,343.99,-0.9171741778307952,1,0,0.0013280212483399733,0.913652058432935,0.0,687.98
C29092,1,60.04,60.04,4,6.0,1,2024-05-29,2024-05-29,1.0,0.0,0.0,Cash,Facebook,307,307,0.0,0,0.840520191649555,71.43195439739414,15.01,-0.3739342265525287,0,0,0.003257328990228013,0.1955700325732899,1.0,60.04
C29314,1,788.6,788.6,2,6.0,1,2023-06-08,2023-06-08,0.0,0.0,1.0,Cash,Email,663,663,0.0,0,1.8151950718685832,434.4436651583711,394.3,-0.8075517661378715,1,0,0.0015082956259426848,1.1894419306184012,0.0,788.6
C29318,1,24.48,24.48,1,1.0,1,2024-07-12,2024-07-12,0.0,1.0,0.0,Gift Card,Instagram,263,263,0.0,0,0.7200547570157426,33.997414448669204,24.48,-0.3203410475026549,0,0,0.0038022813688212928,0.09307984790874525,1.0,24.48
C29405,1,448.74,448.74,2,3.0,1,2025-03-11,2025-03-11,0.0,0.0,1.0,Debit Card,Referral,21,21,0.0,0,0.0574948665297741,3943.4044713284898,224.37,-0.0255785627283488,0,0,0.047619047619047616,21.36857142857143,0.0,448.74
C29416,1,150.17,150.17,1,1.0,1,2025-01-26,2025-01-26,0.0,1.0,1.0,Debit Card,Referral,65,65,0.0,0,0.1779603011635865,843.8398846153846,150.17,-0.0791717417782226,0,0,0.015384615384615385,2.310307692307692,1.0,150.17
C29432,1,1406.22,1406.22,3,4.0,1,2023-05-16,2023-05-16,0.0,0.0,1.0,Cash,Instagram,686,686,0.0,0,1.8781656399726212,748.7199052478135,468.74,-0.8355663824593964,1,0,0.0014577259475218659,2.0498833819241984,0.0,1406.22
C29467,1,191.76,191.76,1,1.0,1,2023-06-07,2023-06-07,0.0,1.0,1.0,Credit Card,Instagram,664,664,0.0,0,1.8179329226557157,105.48243975903614,191.76,-0.8087697929344595,1,0,0.0015060240963855422,0.28879518072289156,1.0,191.76
C29483,1,1222.88,1222.88,4,5.0,1,2024-08-21,2024-08-21,0.0,0.0,0.0,Online,Facebook,223,223,0.0,0,0.6105407255304586,2002.9458295964128,305.72,-0.2716199756391332,0,0,0.004484304932735426,5.483766816143498,0.0,1222.88
C29568,1,194.44,194.44,4,7.0,1,2024-06-10,2024-06-10,0.0,0.0,1.0,Online,Facebook,295,295,0.0,0,0.8076659822039699,240.7430847457627,48.61,-0.3593179049934722,0,0,0.003389830508474576,0.6591186440677966,0.0,194.44
C29620,1,460.13,460.13,1,1.0,1,2023-10-25,2023-10-25,0.0,1.0,0.0,Credit Card,Google,524,524,0.0,0,1.434633812457221,320.7299284351145,460.13,-0.6382460414121337,1,0,0.0019083969465648854,0.8781106870229007,1.0,460.13
C29685,1,1923.45,1923.45,5,6.0,1,2024-01-24,2024-01-24,0.0,0.0,1.0,Credit Card,Email,433,433,0.0,0,1.1854893908281998,1622.4944861431873,384.69,-0.527405602922622,1,0,0.0023094688221709007,4.442147806004619,0.0,1923.45
C29697,1,401.82,401.82,1,5.0,1,2024-06-08,2024-06-08,0.0,0.0,1.0,Credit Card,Google,297,297,0.0,0,0.813141683778234,494.1574242424242,401.82,-0.3617539585866482,0,0,0.003367003367003367,1.3529292929292929,0.0,401.82
C29703,1,2790.0,2790.0,4,7.0,1,2023-12-17,2023-12-17,0.0,0.0,1.0,Cash,Referral,471,471,0.0,0,1.2895277207392195,2163.582802547771,697.5,-0.5736906211929675,1,0,0.0021231422505307855,5.923566878980892,0.0,2790.0
C29758,1,798.64,798.64,2,6.0,1,2023-09-19,2023-09-19,0.0,0.0,1.0,Online,Instagram,560,560,0.0,0,1.5331964407939769,520.8986785714286,399.32,-0.6820950060893032,1,0,0.0017857142857142857,1.4261428571428572,0.0,798.64
C29885,1,568.3199999999999,568.3199999999999,3,4.0,1,2023-11-19,2023-11-19,0.0,0.0,1.0,Cash,Email,499,499,0.0,0,1.3661875427789183,415.98973947895786,189.44,-0.6077953714974327,1,0,0.002004008016032064,1.1389178356713425,0.0,568.3199999999999
C29905,1,1067.9,1067.9,2,5.0,1,2024-03-17,2024-03-17,0.0,0.0,1.0,Online,Google,380,380,0.0,0,1.0403832991101984,1026.4486184210527,533.95,-0.4628501827034557,1,0,0.002631578947368421,2.8102631578947372,0.0,1067.9
C29914,1,133.39,133.39,1,2.0,1,2024-08-03,2024-08-03,0.0,0.0,1.0,Debit Card,Referral,241,241,0.0,0,0.6598220396988365,202.16057053941904,133.39,-0.293544457977718,0,0,0.004149377593360996,0.5534854771784232,0.0,133.39
C29931,1,612.36,612.36,4,4.0,1,2023-10-04,2023-10-04,0.0,0.0,1.0,Online,Referral,545,545,0.0,0,1.4921286789869952,410.3935596330276,153.09,-0.6638246041404826,1,0,0.001834862385321101,1.1235963302752294,0.0,612.36
C30168,1,933.99,933.99,3,3.0,1,2024-08-24,2024-08-24,1.0,0.0,1.0,Cash,Instagram,220,220,0.0,0,0.6023271731690623,1550.6356704545456,311.33,-0.2679658952493691,0,0,0.004545454545454545,4.245409090909091,1.0,933.99
C30184,1,427.06,427.06,1,1.0,1,2023-09-28,2023-09-28,1.0,0.0,1.0,Online,Referral,551,551,0.0,0,1.5085557837097878,283.0919509981851,427.06,-0.6711327649200108,1,0,0.0018148820326678765,0.7750635208711434,1.0,427.06
C30334,1,267.1,267.1,2,7.0,1,2023-12-07,2023-12-07,0.0,0.0,1.0,Cash,Facebook,481,481,0.0,0,1.3169062286105406,202.82385654885655,133.55,-0.5858708891588479,1,0,0.002079002079002079,0.5553014553014554,0.0,267.1
C30513,1,586.44,586.44,1,5.0,1,2024-09-08,2024-09-08,0.0,1.0,1.0,Online,Facebook,205,205,0.0,0,0.5612594113620808,1044.8644390243903,586.44,-0.2496954933005485,0,0,0.004878048780487805,2.8606829268292686,1.0,586.44
C30643,1,918.87,918.87,3,7.0,1,2024-06-11,2024-06-11,0.0,1.0,1.0,Credit Card,Instagram,294,294,0.0,0,0.8049281314168378,1141.5553316326532,306.29,-0.3580998781968841,0,0,0.003401360544217687,3.1254081632653063,1.0,918.87
C30711,1,278.66,278.66,1,2.0,1,2024-01-20,2024-01-20,1.0,0.0,1.0,Gift Card,Instagram,437,437,0.0,0,1.1964407939767283,232.90747139588103,278.66,-0.5322777101089741,1,0,0.002288329519450801,0.6376659038901602,1.0,278.66
C30722,1,1333.9,1333.9,5,5.0,1,2023-09-27,2023-09-27,1.0,0.0,0.0,Gift Card,Email,552,552,0.0,0,1.51129363449692,882.6213315217392,266.78000000000003,-0.6723507917165988,1,0,0.0018115942028985507,2.416485507246377,1.0,1333.9
C30923,1,654.27,654.27,1,2.0,1,2023-01-28,2023-01-28,0.0,0.0,1.0,Gift Card,Facebook,794,794,0.0,0,2.1738535249828885,300.9724401763224,654.27,-0.9671132764909048,1,0,0.0012594458438287153,0.8240176322418136,0.0,654.27
C30955,1,167.6,167.6,4,9.0,1,2023-11-05,2023-11-05,0.0,0.0,1.0,Gift Card,Instagram,513,513,0.0,0,1.404517453798768,119.32923976608188,41.9,-0.6248477466496652,1,0,0.001949317738791423,0.3267056530214425,0.0,167.6
C31072,1,916.4,916.4,4,8.0,1,2024-04-16,2024-04-16,0.0,1.0,1.0,Gift Card,Email,350,350,0.0,0,0.9582477754962354,956.3288571428571,229.1,-0.4263093788058145,0,0,0.002857142857142857,2.6182857142857143,1.0,916.4
C31105,1,583.99,583.99,1,2.0,1,2023-05-11,2023-05-11,1.0,0.0,1.0,Cash,Email,691,691,0.0,0,1.891854893908282,308.68646526772795,583.99,-0.8416565164423366,1,0,0.001447178002894356,0.8451374819102749,1.0,583.99
C31371,1,507.36,507.36,2,6.0,1,2023-12-08,2023-12-08,0.0,0.0,0.0,Gift Card,Referral,480,480,0.0,0,1.3141683778234086,386.06925,253.68,-0.5846528623622599,1,0,0.0020833333333333333,1.057,0.0,507.36
C31412,1,2042.32,2042.32,4,7.0,1,2024-07-02,2024-07-02,0.0,1.0,1.0,Credit Card,Email,273,273,0.0,0,0.7474332648870636,2732.444615384615,510.58,-0.3325213154685353,0,0,0.003663003663003663,7.48102564102564,1.0,2042.32
C31668,1,569.35,569.35,5,6.0,1,2024-05-24,2024-05-24,0.0,0.0,1.0,Credit Card,Email,312,312,0.0,0,0.8542094455852156,666.5227163461539,113.87,-0.3800243605354689,0,0,0.003205128205128205,1.8248397435897437,0.0,569.35
C31761,1,2600.16,2600.16,4,6.0,1,2024-11-01,2024-11-01,1.0,0.0,1.0,Gift Card,Facebook,151,151,0.0,0,0.4134154688569473,3943.4044713284898,650.04,-0.1839220462847942,0,0,0.006622516556291391,17.21960264900662,1.0,2600.16
C31764,1,655.09,655.09,1,6.0,1,2024-12-06,2024-12-06,0.0,0.0,0.0,Cash,Referral,116,116,0.0,0,0.3175906913073237,2062.686400862069,655.09,-0.1412911084042128,0,0,0.008620689655172414,5.647327586206897,0.0,655.09
C31772,1,693.41,693.41,1,4.0,1,2023-07-11,2023-07-11,0.0,0.0,0.0,Debit Card,Instagram,630,630,0.0,0,1.7248459958932238,402.0127023809524,693.41,-0.7673568818504661,1,0,0.0015873015873015873,1.1006507936507937,0.0,693.41
C31810,1,178.44,178.44,1,2.0,1,2023-02-02,2023-02-02,1.0,0.0,1.0,Credit Card,Google,789,789,0.0,0,2.160164271047228,82.60482889733841,178.44,-0.9610231425079646,1,0,0.0012674271229404308,0.22615969581749049,1.0,178.44
C31946,1,2037.52,2037.52,4,6.0,1,2023-11-21,2023-11-21,0.0,0.0,1.0,Credit Card,Google,497,497,0.0,0,1.3607118412046544,1497.3927162977866,509.38,-0.6053593179042566,1,0,0.002012072434607646,4.099637826961771,0.0,2037.52
C32011,1,628.89,628.89,1,2.0,1,2025-02-26,2025-02-26,0.0,1.0,1.0,Credit Card,Referral,34,34,0.0,0,0.0930869267624914,3943.4044713284898,628.89,-0.0414129110839934,0,0,0.029411764705882353,18.496764705882352,1.0,628.89
C32029,1,701.44,701.44,4,4.0,1,2024-08-06,2024-08-06,0.0,0.0,1.0,Debit Card,Instagram,238,238,0.0,0,0.6516084873374401,1076.4746218487396,175.36,-0.2898903775879538,0,0,0.004201680672268907,2.9472268907563026,0.0,701.44
C32121,1,795.24,795.24,4,9.0,1,2025-02-12,2025-02-12,0.0,1.0,1.0,Cash,Referral,48,48,0.0,0,0.1314168377823408,3943.4044713284898,198.81,-0.0584652862362259,0,0,0.020833333333333332,16.5675,1.0,795.24
C32183,1,1985.67,1985.67,3,6.0,1,2025-02-24,2025-02-24,1.0,0.0,1.0,Online,Referral,36,36,0.0,0,0.0985626283367556,3943.4044713284898,661.89,-0.0438489646771694,0,0,0.027777777777777776,55.1575,1.0,1985.67
C32347,1,249.81,249.81,1,1.0,1,2023-12-13,2023-12-13,0.0,0.0,1.0,Cash,Google,475,475,0.0,0,1.3004791238877482,192.09074210526316,249.81,-0.5785627283793197,1,0,0.002105263157894737,0.5259157894736842,0.0,249.81
C32570,1,11.39,11.39,1,6.0,1,2023-10-16,2023-10-16,1.0,0.0,1.0,Cash,Email,533,533,0.0,0,1.45927446954141,7.805248592870544,11.39,-0.649208282581426,1,0,0.001876172607879925,0.021369606003752345,1.0,11.39
C32580,1,1874.95,1874.95,5,9.0,1,2023-11-27,2023-11-27,0.0,0.0,1.0,Online,Facebook,491,491,0.0,0,1.3442847364818618,1394.7565936863543,374.99,-0.5980511571247283,1,0,0.002036659877800407,3.818635437881874,0.0,1874.95
C32650,1,1210.52,1210.52,2,4.0,1,2024-05-27,2024-05-27,1.0,0.0,1.0,Cash,Referral,309,309,0.0,0,0.8459958932238193,1430.881650485437,605.26,-0.3763702801457048,0,0,0.003236245954692557,3.9175404530744338,1.0,1210.52
C32687,1,852.44,852.44,2,7.0,1,2024-12-16,2024-12-16,0.0,0.0,1.0,Online,Google,106,106,0.0,0,0.2902121834360027,2937.2991509433964,426.22,-0.1291108404383323,0,0,0.009433962264150943,8.04188679245283,0.0,852.44
C32798,1,993.24,993.24,2,2.0,1,2024-09-15,2024-09-15,0.0,0.0,1.0,Online,Instagram,198,198,0.0,0,0.5420944558521561,1832.226818181818,496.62,-0.2411693057244322,0,0,0.005050505050505051,5.016363636363637,0.0,993.24
C32854,1,65.45,65.45,1,2.0,1,2023-02-20,2023-02-20,0.0,0.0,1.0,Cash,Google,771,771,0.0,0,2.11088295687885,31.005982490272377,65.45,-0.93909866016938,1,0,0.0012970168612191958,0.08488975356679637,0.0,65.45
C32943,1,824.28,824.28,2,2.0,1,2023-09-08,2023-09-08,0.0,1.0,1.0,Credit Card,Instagram,571,571,0.0,0,1.5633127994524298,527.2649211908931,412.14,-0.6954933008517716,1,0,0.0017513134851138354,1.4435726795096322,1.0,824.28
C32956,1,2715.8,2715.8,5,6.0,1,2024-07-24,2024-07-24,1.0,0.0,1.0,Online,Instagram,251,251,0.0,0,0.6872005475701575,3943.4044713284898,543.1600000000001,-0.3057247259435984,0,0,0.00398406374501992,10.819920318725101,1.0,2715.8
C32960,1,2223.8,2223.8,5,7.0,1,2023-12-01,2023-12-01,0.0,1.0,0.0,Debit Card,Email,487,487,0.0,0,1.3333333333333333,1667.85,444.7600000000001,-0.5931790499383761,1,0,0.002053388090349076,4.5663244353182755,1.0,2223.8
C33051,1,883.08,883.08,2,2.0,1,2024-04-23,2024-04-23,0.0,0.0,1.0,Online,Email,343,343,0.0,0,0.9390828199863108,940.3643440233236,441.54,-0.4177831912296982,0,0,0.0029154518950437317,2.5745772594752188,0.0,883.08
C33099,1,241.9,241.9,5,9.0,1,2024-12-28,2024-12-28,0.0,0.0,1.0,Gift Card,Email,94,94,0.0,0,0.2573579739904175,939.9359042553192,48.38,-0.1144945188792758,0,0,0.010638297872340425,2.573404255319149,0.0,241.9
C33220,1,1852.16,1852.16,4,9.0,1,2023-02-16,2023-02-16,0.0,1.0,0.0,Gift Card,Instagram,775,775,0.0,0,2.1218343600273784,872.9050838709678,463.04,-0.943970767355732,1,0,0.0012903225806451613,2.389883870967742,1.0,1852.16
C33260,1,1270.59,1270.59,3,6.0,1,2024-09-20,2024-09-20,0.0,0.0,1.0,Credit Card,Referral,193,193,0.0,0,0.5284052019164955,2404.575116580311,423.53,-0.2350791717414919,0,0,0.0051813471502590676,6.583367875647668,0.0,1270.59
C33315,1,1687.65,1687.65,3,6.0,1,2024-06-09,2024-06-09,0.0,1.0,0.0,Debit Card,Email,296,296,0.0,0,0.810403832991102,2082.480278716216,562.5500000000001,-0.3605359317900602,0,0,0.0033783783783783786,5.7015202702702705,1.0,1687.65
C33540,1,273.19,273.19,1,5.0,1,2023-10-15,2023-10-15,0.0,1.0,1.0,Debit Card,Facebook,534,534,0.0,0,1.462012320328542,186.8588904494382,273.19,-0.6504263093780142,1,0,0.0018726591760299626,0.5115917602996255,1.0,273.19
C33634,1,2355.4,2355.4,4,7.0,1,2023-01-31,2023-01-31,0.0,0.0,0.0,Gift Card,Email,791,791,0.0,0,2.1656399726214923,1087.6230720606827,588.85,-0.9634591961011408,1,0,0.0012642225031605564,2.9777496839443742,0.0,2355.4
C33729,1,1978.71,1978.71,3,6.0,1,2023-03-31,2023-03-31,1.0,0.0,1.0,Credit Card,Email,732,732,0.0,0,2.004106776180698,987.3276331967212,659.57,-0.8915956151024463,1,0,0.001366120218579235,2.7031557377049182,1.0,1978.71
C33744,1,2307.48,2307.48,4,5.0,1,2023-05-09,2023-05-09,0.0,1.0,0.0,Gift Card,Instagram,693,693,0.0,0,1.897330595482546,1216.1718181818185,576.87,-0.8440925700355126,1,0,0.001443001443001443,3.3296969696969696,1.0,2307.48
C33802,1,604.87,604.87,1,4.0,1,2024-07-28,2024-07-28,0.0,0.0,0.0,Online,Instagram,247,247,0.0,0,0.676249144421629,894.4484514170041,604.87,-0.3008526187572462,0,0,0.004048582995951417,2.4488663967611335,0.0,604.87
C34266,1,2519.52,2519.52,4,8.0,1,2025-02-25,2025-02-25,1.0,0.0,1.0,Debit Card,Instagram,35,35,0.0,0,0.0958247775496235,3943.4044713284898,629.88,-0.0426309378805814,0,0,0.02857142857142857,71.98628571428571,1.0,2519.52
C34337,1,950.55,950.55,5,7.0,1,2024-07-22,2024-07-22,0.0,0.0,1.0,Cash,Google,253,253,0.0,0,0.6926762491444216,1372.2861166007906,190.11,-0.3081607795367744,0,0,0.003952569169960474,3.757114624505929,0.0,950.55
C34416,1,99.24,99.24,2,2.0,1,2023-01-29,2023-01-29,0.0,0.0,1.0,Online,Google,793,793,0.0,0,2.1711156741957565,45.70921815889029,49.62,-0.9658952496943168,1,0,0.0012610340479192938,0.12514501891551072,0.0,99.24
C34555,1,372.8,372.8,1,6.0,1,2023-03-12,2023-03-12,1.0,0.0,1.0,Cash,Facebook,751,751,0.0,0,2.0561259411362083,181.31185086551264,372.8,-0.9147381242376192,1,0,0.0013315579227696406,0.49640479360852197,1.0,372.8
C34686,1,68.39,68.39,1,3.0,1,2025-03-28,2025-03-28,0.0,1.0,1.0,Online,Facebook,4,4,0.0,0,0.0109514031485284,3943.4044713284898,68.39,-0.0048721071863521,0,0,0.25,17.0975,1.0,68.39
C35043,1,132.15,132.15,5,5.0,1,2025-03-05,2025-03-05,0.0,0.0,1.0,Gift Card,Facebook,27,27,0.0,0,0.0739219712525667,1787.6958333333334,26.43,-0.0328867235078771,0,0,0.037037037037037035,4.894444444444445,0.0,132.15
C35091,1,211.14,211.14,1,1.0,1,2024-03-29,2024-03-29,1.0,0.0,1.0,Credit Card,Facebook,368,368,0.0,0,1.0075290896646132,209.5621875,211.14,-0.4482338611443992,1,0,0.002717391304347826,0.57375,1.0,211.14
C35100,1,639.82,639.82,2,3.0,1,2024-12-15,2024-12-15,1.0,0.0,1.0,Credit Card,Google,107,107,0.0,0,0.2929500342231348,2184.058457943925,319.91,-0.1303288672349204,0,0,0.009345794392523364,5.9796261682243,1.0,639.82
C35123,1,1546.92,1546.92,4,4.0,1,2024-06-13,2024-06-13,0.0,0.0,1.0,Cash,Facebook,292,292,0.0,0,0.7994524298425736,1934.9744178082192,386.73,-0.3556638246037081,0,0,0.003424657534246575,5.297671232876713,0.0,1546.92
C35136,1,634.94,634.94,1,5.0,1,2023-03-20,2023-03-20,1.0,0.0,1.0,Online,Instagram,743,743,0.0,0,2.0342231348391517,312.1289838492598,634.94,-0.9049939098649148,1,0,0.0013458950201884253,0.8545625841184389,1.0,634.94
C35168,1,1199.72,1199.72,2,7.0,1,2023-01-24,2023-01-24,0.0,0.0,1.0,Gift Card,Facebook,798,798,0.0,0,2.184804928131417,549.119962406015,599.86,-0.9719853836772572,1,0,0.0012531328320802004,1.5034085213032582,0.0,1199.72
C35355,1,1327.6,1327.6,4,5.0,1,2024-04-20,2024-04-20,0.0,0.0,1.0,Cash,Instagram,346,346,0.0,0,0.947296372347707,1401.4621387283237,331.9,-0.4214372716194623,0,0,0.002890173410404624,3.836994219653179,0.0,1327.6
C35377,1,3119.05,3119.05,5,6.0,1,2023-05-27,2023-05-27,0.0,1.0,1.0,Cash,Email,675,675,0.0,0,1.8480492813141685,1687.752611111111,623.8100000000001,-0.822168087696928,1,0,0.0014814814814814814,4.620814814814815,1.0,3119.05
C35483,1,671.0999999999999,671.0999999999999,3,3.0,1,2024-08-31,2024-08-31,0.0,1.0,1.0,Cash,Email,213,213,0.0,0,0.5831622176591376,1150.794718309859,223.7,-0.2594397076732528,0,0,0.004694835680751174,3.1507042253521123,1.0,671.0999999999999
C35566,1,258.76,258.76,4,7.0,1,2023-02-14,2023-02-14,0.0,0.0,1.0,Debit Card,Google,777,777,0.0,0,2.127310061601643,121.63718146718143,64.69,-0.9464068209489082,1,0,0.001287001287001287,0.333024453024453,0.0,258.76
C35628,1,1660.71,1660.71,3,4.0,1,2024-11-24,2024-11-24,0.0,1.0,1.0,Credit Card,Facebook,128,128,0.0,0,0.3504449007529089,3943.4044713284898,553.57,-0.1559074299632693,0,0,0.0078125,12.974296875,1.0,1660.71
C35669,1,2894.15,2894.15,5,6.0,1,2024-06-21,2024-06-21,0.0,1.0,0.0,Cash,Referral,284,284,0.0,0,0.7775496235455168,3722.141857394366,578.83,-0.3459196102310037,0,0,0.0035211267605633804,10.190669014084508,1.0,2894.15
C35711,1,1308.48,1308.48,4,4.0,1,2024-08-31,2024-08-31,1.0,0.0,0.0,Credit Card,Email,213,213,0.0,0,0.5831622176591376,2243.766760563381,327.12,-0.2594397076732528,0,0,0.004694835680751174,6.143098591549296,1.0,1308.48
C35785,1,427.82,427.82,1,2.0,1,2024-04-07,2024-04-07,0.0,0.0,1.0,Online,Email,359,359,0.0,0,0.9828884325804244,435.26811977715874,427.82,-0.4372716199751069,0,0,0.002785515320334262,1.1916991643454038,0.0,427.82
C35852,1,1248.39,624.195,7,5.5,1,2024-03-05,2025-03-02,0.0,0.0,0.5,Online,Instagram,30,392,362.0,1,1.0732375085557837,1163.2001211734696,178.3414285714286,0.4987819732028029,0,1,0.002551020408163265,3.184668367346939,0.0,1248.39
C35854,1,939.85,939.85,5,9.0,1,2023-08-29,2023-08-29,0.0,1.0,1.0,Cash,Google,581,581,0.0,0,1.5906913073237507,590.843739242685,187.97,-0.7076735688176521,1,0,0.0017211703958691911,1.6176419965576592,1.0,939.85
C35983,1,3137.15,3137.15,5,10.0,1,2024-03-10,2024-03-10,1.0,0.0,1.0,Credit Card,Email,387,387,0.0,0,1.0595482546201231,2960.8373062015507,627.4300000000001,-0.471376370279572,1,0,0.002583979328165375,8.106330749354006,1.0,3137.15
C35987,1,3267.3,3267.3,5,9.0,1,2023-09-04,2023-09-04,1.0,0.0,1.0,Cash,Email,575,575,0.0,0,1.5742642026009583,2075.4457826086955,653.46,-0.7003654080381237,1,0,0.0017391304347826088,5.6822608695652175,1.0,3267.3
C36014,1,869.94,869.94,2,7.0,1,2023-06-11,2023-06-11,0.0,0.0,0.0,Online,Email,660,660,0.0,0,1.8069815195071868,481.4327045454546,434.97,-0.8038976857481073,1,0,0.0015151515151515152,1.3180909090909092,0.0,869.94
C36137,1,717.24,717.24,3,8.0,1,2024-11-24,2024-11-24,0.0,0.0,0.0,Cash,Google,128,128,0.0,0,0.3504449007529089,2046.655546875,239.08,-0.1559074299632693,0,0,0.0078125,5.6034375,0.0,717.24
C36150,1,1069.82,1069.82,2,5.0,1,2023-10-06,2023-10-06,0.0,1.0,1.0,Debit Card,Google,543,543,0.0,0,1.486652977412731,719.6164917127071,534.91,-0.6613885505473065,1,0,0.001841620626151013,1.9702025782688766,1.0,1069.82
C36174,1,926.94,926.94,3,3.0,1,2024-05-31,2024-05-31,0.0,0.0,1.0,Cash,Instagram,305,305,0.0,0,0.8350444900752909,1110.0486393442625,308.98,-0.3714981729593526,0,0,0.003278688524590164,3.0391475409836066,0.0,926.94
C36383,1,2107.2,2107.2,5,5.0,1,2024-10-03,2024-10-03,0.0,0.0,1.0,Cash,Instagram,180,180,0.0,0,0.4928131416837782,3943.4044713284898,421.44,-0.2192448233858474,0,0,0.005555555555555556,11.706666666666665,0.0,2107.2
C36408,1,3075.5,3075.5,5,10.0,1,2024-01-15,2024-01-15,0.0,1.0,1.0,Gift Card,Instagram,442,442,0.0,0,1.2101300479123889,2541.462386877828,615.1,-0.5383678440919143,1,0,0.0022624434389140274,6.958144796380091,1.0,3075.5
C36467,1,75.78,75.78,1,5.0,1,2023-07-23,2023-07-23,0.0,0.0,1.0,Cash,Google,618,618,0.0,0,1.6919917864476386,44.78745145631068,75.78,-0.7527405602914096,1,0,0.0016181229773462784,0.12262135922330097,0.0,75.78
C36492,1,45.94,45.94,1,2.0,1,2024-08-30,2024-08-30,1.0,0.0,1.0,Cash,Email,214,214,0.0,0,0.5859000684462696,78.40927570093459,45.94,-0.2606577344698408,0,0,0.004672897196261682,0.21467289719626167,1.0,45.94
C36497,1,86.3,86.3,2,3.0,1,2023-08-22,2023-08-22,0.0,0.0,1.0,Debit Card,Email,588,588,0.0,0,1.6098562628336757,53.60727040816326,43.15,-0.7161997563937683,1,0,0.0017006802721088435,0.1467687074829932,0.0,86.3
C36534,1,1963.62,1963.62,3,7.0,1,2023-11-11,2023-11-11,0.0,1.0,1.0,Cash,Referral,507,507,0.0,0,1.3880903490759753,1414.6197337278106,654.54,-0.617539585870137,1,0,0.0019723865877712033,3.87301775147929,1.0,1963.62
C36540,1,728.32,728.32,4,4.0,1,2023-09-18,2023-09-18,0.0,0.0,1.0,Gift Card,Email,561,561,0.0,0,1.5359342915811087,474.1869518716578,182.08,-0.6833130328858912,1,0,0.0017825311942959,1.29825311942959,0.0,728.32
C36613,1,1894.92,1894.92,3,3.0,1,2023-08-26,2023-08-26,0.0,1.0,1.0,Credit Card,Facebook,584,584,0.0,0,1.5989048596851472,1185.1361815068494,631.64,-0.7113276492074162,1,0,0.0017123287671232876,3.2447260273972605,1.0,1894.92
C36688,1,305.17,305.17,1,3.0,1,2023-04-21,2023-04-21,0.0,1.0,1.0,Gift Card,Referral,711,711,0.0,0,1.946611909650924,156.7698206751055,305.17,-0.8660170523740974,1,0,0.0014064697609001407,0.42921237693389597,1.0,305.17
C36725,1,3253.6,3253.6,5,8.0,1,2024-10-27,2024-10-27,1.0,0.0,1.0,Credit Card,Email,156,156,0.0,0,0.4271047227926078,3943.4044713284898,650.72,-0.1900121802677344,0,0,0.00641025641025641,20.856410256410257,1.0,3253.6
C36778,1,388.33,388.33,1,2.0,1,2024-12-30,2024-12-30,0.0,1.0,1.0,Cash,Facebook,92,92,0.0,0,0.2518822724161533,1541.7123097826088,388.33,-0.1120584652860998,0,0,0.010869565217391304,4.220978260869565,1.0,388.33
C36813,1,1842.45,1842.45,3,3.0,1,2023-11-13,2023-11-13,1.0,0.0,0.0,Gift Card,Facebook,505,505,0.0,0,1.3826146475017111,1332.583886138614,614.15,-0.6151035322769609,1,0,0.0019801980198019802,3.6484158415841583,1.0,1842.45
C36825,1,877.52,877.52,2,2.0,1,2023-02-27,2023-02-27,0.0,1.0,0.0,Debit Card,Facebook,764,764,0.0,0,2.0917180013689256,419.5211780104712,438.76,-0.9305724725932636,1,0,0.0013089005235602095,1.148586387434555,1.0,877.52
C36938,1,761.9399999999999,761.9399999999999,3,3.0,1,2025-02-06,2025-02-06,1.0,0.0,1.0,Credit Card,Email,54,54,0.0,0,0.1478439425051334,3943.4044713284898,253.98,-0.0657734470157542,0,0,0.018518518518518517,14.11,1.0,761.9399999999999
C36992,1,671.37,671.37,3,3.0,1,2023-07-14,2023-07-14,0.0,0.0,0.0,Debit Card,Google,627,627,0.0,0,1.7166324435318274,391.0971172248804,223.79,-0.7637028014607019,1,0,0.001594896331738437,1.0707655502392344,0.0,671.37
C36997,1,745.64,745.64,4,6.0,1,2023-09-08,2023-09-08,0.0,0.0,1.0,Gift Card,Google,571,571,0.0,0,1.5633127994524298,476.9614886164624,186.41,-0.6954933008517716,1,0,0.0017513134851138354,1.30584938704028,0.0,745.64
C37032,1,847.76,847.76,2,7.0,1,2023-08-11,2023-08-11,0.0,0.0,1.0,Debit Card,Referral,599,599,0.0,0,1.6399726214921286,516.9354590984975,423.88,-0.7295980511562368,1,0,0.001669449081803005,1.4152921535893155,0.0,847.76
C37235,1,151.04,151.04,4,7.0,1,2023-06-02,2023-06-02,0.0,0.0,0.0,Debit Card,Google,669,669,0.0,0,1.831622176591376,82.46242152466367,37.76,-0.8148599269173997,1,0,0.0014947683109118087,0.22576980568011956,0.0,151.04
C37249,1,491.72,491.72,2,4.0,1,2023-10-23,2023-10-23,0.0,0.0,1.0,Credit Card,Instagram,526,526,0.0,0,1.4401095140314852,341.44625475285176,245.86,-0.6406820950053098,1,0,0.0019011406844106464,0.9348288973384031,0.0,491.72
C37375,1,1036.46,1036.46,2,5.0,1,2024-01-18,2024-01-18,0.0,0.0,0.0,Debit Card,Email,439,439,0.0,0,1.2019164955509924,862.3394419134397,518.23,-0.5347137637021502,1,0,0.002277904328018223,2.360956719817768,0.0,1036.46
C37412,1,432.47,432.47,1,4.0,1,2023-07-18,2023-07-18,0.0,0.0,1.0,Cash,Referral,623,623,0.0,0,1.7056810403832992,253.54681781701444,432.47,-0.7588306942743498,1,0,0.0016051364365971107,0.6941733547351525,0.0,432.47
C37455,1,2380.05,2380.05,5,7.0,1,2023-10-22,2023-10-22,0.0,0.0,1.0,Credit Card,Google,527,527,0.0,0,1.4428473648186173,1649.550782732448,476.0100000000001,-0.6419001218018978,1,0,0.0018975332068311196,4.516223908918406,0.0,2380.05
C37531,1,1349.3,1349.3,5,6.0,1,2024-03-09,2024-03-09,0.0,0.0,1.0,Cash,Facebook,388,388,0.0,0,1.0622861054072552,1270.1851159793814,269.86,-0.4725943970761601,1,0,0.002577319587628866,3.477577319587629,0.0,1349.3
C37594,1,1361.2,1361.2,4,8.0,1,2024-06-11,2024-06-11,1.0,0.0,1.0,Cash,Referral,294,294,0.0,0,0.8049281314168378,1691.0826530612244,340.3,-0.3580998781968841,0,0,0.003401360544217687,4.629931972789116,1.0,1361.2
C37969,1,362.46,362.46,3,5.0,1,2023-12-02,2023-12-02,0.0,0.0,1.0,Credit Card,Referral,486,486,0.0,0,1.3305954825462012,272.40435185185186,120.82,-0.5919610231417881,1,0,0.00205761316872428,0.7458024691358024,0.0,362.46
C38024,1,546.86,546.86,2,7.0,1,2024-05-07,2024-05-07,0.0,0.0,1.0,Cash,Referral,329,329,0.0,0,0.9007529089664612,607.114331306991,273.43,-0.4007308160774656,0,0,0.00303951367781155,1.6621884498480244,0.0,546.86
C38065,1,1178.55,1178.55,3,6.0,1,2023-03-02,2023-03-02,0.0,1.0,0.0,Credit Card,Google,761,761,0.0,0,2.083504449007529,565.6575394218135,392.85,-0.9269183922034996,1,0,0.001314060446780552,1.5486859395532193,1.0,1178.55
C38068,1,1302.65,1302.65,5,5.0,1,2024-06-02,2024-06-02,0.0,0.0,1.0,Gift Card,Instagram,303,303,0.0,0,0.8295687885010267,1570.2736386138615,260.53000000000003,-0.3690621193661765,0,0,0.0033003300330033004,4.299174917491749,0.0,1302.65
C38126,1,2060.76,2060.76,4,9.0,1,2024-12-19,2024-12-19,0.0,0.0,1.0,Credit Card,Facebook,103,103,0.0,0,0.2819986310746064,3943.4044713284898,515.19,-0.1254567600485682,0,0,0.009708737864077669,20.0073786407767,0.0,2060.76
C38134,1,419.88,419.88,2,3.0,1,2023-07-19,2023-07-19,0.0,1.0,1.0,Credit Card,Email,622,622,0.0,0,1.702943189596167,246.56136655948552,209.94,-0.7576126674777618,1,0,0.001607717041800643,0.675048231511254,1.0,419.88
C38262,1,155.27,155.27,1,6.0,1,2024-01-30,2024-01-30,0.0,0.0,0.0,Debit Card,Email,427,427,0.0,0,1.1690622861054072,132.81584894613584,155.27,-0.5200974421430937,1,0,0.00234192037470726,0.36362997658079627,0.0,155.27
C38642,1,1046.0,1046.0,5,6.0,1,2023-08-21,2023-08-21,0.0,0.0,1.0,Debit Card,Email,589,589,0.0,0,1.6125941136208075,648.644312393888,209.2,-0.7174177831903564,1,0,0.001697792869269949,1.7758913412563668,0.0,1046.0
C38669,1,405.28,405.28,4,7.0,1,2023-02-17,2023-02-17,0.0,0.0,0.0,Cash,Referral,774,774,0.0,0,2.1190965092402463,191.25131782945732,101.32,-0.942752740559144,1,0,0.0012919896640826874,0.5236175710594315,0.0,405.28
C38785,1,361.0,361.0,2,6.0,1,2024-10-15,2024-10-15,0.0,0.0,1.0,Debit Card,Referral,168,168,0.0,0,0.459958932238193,784.8526785714286,180.5,-0.2046285018267909,0,0,0.005952380952380952,2.1488095238095237,0.0,361.0
C38840,1,3339.1000000000004,2861.615,7,7.0,1,2023-06-07,2024-06-08,0.5,0.5,0.5,Credit Card,Facebook,297,664,367.0,1,1.8179329226557157,3148.207466114457,635.9144444444444,0.4987819732028029,0,1,0.0015060240963855422,5.028765060240964,1.0,3339.1000000000004
C38845,1,532.89,532.89,1,2.0,1,2024-07-16,2024-07-16,0.0,0.0,0.0,Gift Card,Referral,259,259,0.0,0,0.7091033538672142,751.4983494208494,532.89,-0.3154689403163027,0,0,0.003861003861003861,2.0574903474903476,0.0,532.89
C38928,1,1671.56,1671.56,4,4.0,1,2024-09-14,2024-09-14,0.0,0.0,0.0,Gift Card,Google,199,199,0.0,0,0.5448323066392882,3068.026582914573,417.89,-0.2423873325210202,0,0,0.005025125628140704,8.399798994974875,0.0,1671.56
C38966,1,2021.95,2021.95,5,10.0,1,2024-08-31,2024-08-31,0.0,0.0,0.0,Online,Referral,213,213,0.0,0,0.5831622176591376,3467.217077464789,404.39,-0.2594397076732528,0,0,0.004694835680751174,9.492723004694836,0.0,2021.95
C39000,1,287.46,287.46,1,3.0,1,2024-09-02,2024-09-02,0.0,1.0,1.0,Debit Card,Facebook,211,211,0.0,0,0.5776865160848734,497.6055213270141,287.46,-0.2570036540800767,0,0,0.004739336492890996,1.3623696682464455,1.0,287.46
C39017,1,994.38,994.38,3,6.0,1,2023-07-12,2023-07-12,1.0,0.0,1.0,Credit Card,Referral,629,629,0.0,0,1.7221081451060918,577.4201828298886,331.46,-0.766138855053878,1,0,0.001589825119236884,1.5808903020667726,1.0,994.38
C39074,1,3032.6,3032.6,5,6.0,1,2023-10-25,2023-10-25,0.0,0.0,1.0,Debit Card,Instagram,524,524,0.0,0,1.434633812457221,2113.849522900763,606.52,-0.6382460414121337,1,0,0.0019083969465648854,5.787404580152671,0.0,3032.6
C39106,1,546.19,546.19,1,5.0,1,2024-02-07,2024-02-07,0.0,0.0,1.0,Cash,Referral,419,419,0.0,0,1.1471594798083504,476.1238603818616,546.19,-0.5103532277703894,1,0,0.002386634844868735,1.3035560859188546,0.0,546.19
C39130,1,226.55,226.55,5,8.0,1,2023-08-23,2023-08-23,1.0,0.0,0.0,Online,Referral,587,587,0.0,0,1.6071184120465434,140.96658858603067,45.31,-0.7149817295971803,1,0,0.0017035775127768314,0.3859454855195912,1.0,226.55
C39176,1,1737.68,1737.68,4,6.0,1,2023-03-14,2023-03-14,1.0,0.0,1.0,Online,Google,749,749,0.0,0,2.050650239561944,847.3800000000001,434.42,-0.912302070644443,1,0,0.0013351134846461949,2.3200000000000003,1.0,1737.68
C39246,1,931.4,931.4,5,8.0,1,2024-04-18,2024-04-18,0.0,0.0,1.0,Debit Card,Email,348,348,0.0,0,0.9527720739219712,977.5685344827584,186.28,-0.4238733252126384,0,0,0.0028735632183908046,2.6764367816091954,0.0,931.4
C39256,1,417.1,417.1,1,3.0,1,2024-08-21,2024-08-21,0.0,1.0,1.0,Debit Card,Referral,223,223,0.0,0,0.6105407255304586,683.1649103139014,417.1,-0.2716199756391332,0,0,0.004484304932735426,1.8704035874439462,1.0,417.1
C39260,1,427.66,427.66,2,2.0,1,2023-08-13,2023-08-13,1.0,0.0,1.0,Debit Card,Email,597,597,0.0,0,1.6344969199178645,261.64625628140703,213.83,-0.7271619975630607,1,0,0.0016750418760469012,0.7163484087102178,1.0,427.66
C39416,1,473.96,473.96,1,3.0,1,2023-07-17,2023-07-17,0.0,0.0,0.0,Cash,Google,624,624,0.0,0,1.7084188911704312,277.4261057692308,473.96,-0.7600487210709378,1,0,0.0016025641025641025,0.759551282051282,0.0,473.96
C39530,1,1704.15,1704.15,3,6.0,1,2024-10-24,2024-10-24,0.0,0.0,1.0,Gift Card,Google,159,159,0.0,0,0.4353182751540041,3914.721933962264,568.0500000000001,-0.1936662606574986,0,0,0.006289308176100629,10.717924528301888,0.0,1704.15
C39551,1,76.93,76.93,1,6.0,1,2023-02-05,2023-02-05,0.0,0.0,1.0,Debit Card,Instagram,786,786,0.0,0,2.1519507186858315,35.748959923664124,76.93,-0.9573690621182004,1,0,0.001272264631043257,0.09787531806615776,0.0,76.93
C39593,1,2078.13,2078.13,3,3.0,1,2023-11-24,2023-11-24,0.0,0.0,1.0,Credit Card,Instagram,494,494,0.0,0,1.352498288843258,1536.5121103238869,692.71,-0.6017052375144925,1,0,0.0020242914979757085,4.206740890688259,0.0,2078.13
C39638,1,2161.32,2161.32,4,6.0,1,2025-02-28,2025-02-28,0.0,0.0,0.0,Cash,Google,32,32,0.0,0,0.0876112251882272,3943.4044713284898,540.33,-0.0389768574908173,0,0,0.03125,67.54125,0.0,2161.32
C39639,1,65.95,65.95,1,5.0,1,2025-01-15,2025-01-15,0.0,0.0,0.0,Credit Card,Facebook,76,76,0.0,0,0.2080766598220397,316.9504934210526,65.95,-0.0925700365406911,0,0,0.013157894736842105,0.8677631578947369,0.0,65.95
C39648,1,465.33,465.33,1,2.0,1,2023-11-30,2023-11-30,0.0,0.0,1.0,Gift Card,Google,488,488,0.0,0,1.336071184120465,348.2823411885246,465.33,-0.5943970767349642,1,0,0.0020491803278688526,0.9535450819672131,0.0,465.33
C39664,1,946.25,946.25,5,10.0,1,2024-07-26,2024-07-26,1.0,0.0,1.0,Debit Card,Email,249,249,0.0,0,0.6817248459958932,1388.023343373494,189.25,-0.3032886723504223,0,0,0.004016064257028112,3.8002008032128516,1.0,946.25
C39671,1,217.56,217.56,1,3.0,1,2023-12-27,2023-12-27,0.0,0.0,0.0,Debit Card,Facebook,461,461,0.0,0,1.2621492128678986,172.3726464208243,217.56,-0.5615103532270871,1,0,0.0021691973969631237,0.4719305856832972,0.0,217.56
C39791,1,597.06,597.06,2,5.0,1,2024-01-16,2024-01-16,1.0,0.0,1.0,Debit Card,Email,441,441,0.0,0,1.2073921971252566,494.5037755102041,298.53,-0.5371498172953263,1,0,0.0022675736961451248,1.353877551020408,1.0,597.06
C39906,1,75.01,75.01,1,3.0,1,2024-07-14,2024-07-14,0.0,1.0,0.0,Credit Card,Google,261,261,0.0,0,0.7145790554414785,104.9708908045977,75.01,-0.3179049939094788,0,0,0.0038314176245210726,0.28739463601532567,1.0,75.01
C39911,1,2073.6,2073.6,4,7.0,1,2023-08-28,2023-08-28,0.0,0.0,1.0,Credit Card,Facebook,582,582,0.0,0,1.593429158110883,1301.344329896907,518.4,-0.7088915956142401,1,0,0.001718213058419244,3.562886597938144,0.0,2073.6
C40136,1,1039.56,1039.56,3,3.0,1,2023-03-09,2023-03-09,0.0,0.0,1.0,Credit Card,Google,754,754,0.0,0,2.0643394934976045,503.5799602122015,346.52,-0.9183922046273832,1,0,0.001326259946949602,1.3787267904509284,0.0,1039.56
C40140,1,363.2,363.2,5,7.0,1,2024-02-21,2024-02-21,1.0,0.0,0.0,Credit Card,Email,405,405,0.0,0,1.108829568788501,327.5525925925926,72.64,-0.4933008526181567,1,0,0.0024691358024691358,0.8967901234567901,1.0,363.2
C40201,1,185.82,185.82,2,3.0,1,2024-09-25,2024-09-25,0.0,1.0,1.0,Cash,Instagram,188,188,0.0,0,0.5147159479808351,361.0146542553191,92.91,-0.2289890377585517,0,0,0.005319148936170213,0.9884042553191489,1.0,185.82
C40427,1,613.98,613.98,1,4.0,1,2023-08-20,2023-08-20,0.0,0.0,1.0,Online,Facebook,590,590,0.0,0,1.6153319644079398,380.09524576271184,613.98,-0.7186358099869444,1,0,0.001694915254237288,1.0406440677966102,0.0,613.98
C40466,1,541.64,541.64,1,5.0,1,2024-09-04,2024-09-04,0.0,0.0,1.0,Debit Card,Email,209,209,0.0,0,0.5722108145106092,946.5742105263156,541.64,-0.2545676004869006,0,0,0.004784688995215311,2.591578947368421,0.0,541.64
C40538,1,423.64,423.64,2,4.0,1,2024-11-25,2024-11-25,1.0,0.0,1.0,Gift Card,Email,127,127,0.0,0,0.3477070499657768,1218.381968503937,211.82,-0.1546894031666812,0,0,0.007874015748031496,3.335748031496063,1.0,423.64
C40648,1,603.76,603.76,2,5.0,1,2023-03-09,2023-03-09,0.0,1.0,1.0,Gift Card,Email,754,754,0.0,0,2.0643394934976045,292.47127320954905,301.88,-0.9183922046273832,1,0,0.001326259946949602,0.8007427055702918,1.0,603.76
C40771,1,697.96,697.96,4,5.0,1,2024-12-14,2024-12-14,0.0,0.0,1.0,Credit Card,Facebook,108,108,0.0,0,0.2956878850102669,2360.4619444444447,174.49,-0.1315468940315084,0,0,0.009259259259259259,6.462592592592593,0.0,697.96
C40798,1,1081.98,1081.98,3,5.0,1,2023-02-02,2023-02-02,0.0,1.0,1.0,Online,Instagram,789,789,0.0,0,2.160164271047228,500.8785741444867,360.66,-0.9610231425079646,1,0,0.0012674271229404308,1.3713307984790875,1.0,1081.98
C40863,1,489.39,489.39,3,5.0,1,2024-11-24,2024-11-24,0.0,0.0,1.0,Gift Card,Facebook,128,128,0.0,0,0.3504449007529089,1396.48201171875,163.13,-0.1559074299632693,0,0,0.0078125,3.823359375,0.0,489.39
C40882,1,868.52,868.52,4,8.0,1,2025-01-24,2025-01-24,0.0,0.0,1.0,Cash,Email,67,67,0.0,0,0.1834360027378508,3943.4044713284898,217.13,-0.0816077953713987,0,0,0.014925373134328358,12.962985074626866,0.0,868.52
C40949,1,1105.26,1105.26,2,7.0,1,2024-08-31,2024-08-31,0.0,0.0,1.0,Debit Card,Instagram,213,213,0.0,0,0.5831622176591376,1895.2873943661973,552.63,-0.2594397076732528,0,0,0.004694835680751174,5.1890140845070425,0.0,1105.26
C40967,1,287.25,287.25,5,10.0,1,2025-03-16,2025-03-16,1.0,0.0,0.0,Cash,Facebook,16,16,0.0,0,0.0438056125941136,3943.4044713284898,57.45,-0.0194884287454086,0,0,0.0625,17.953125,1.0,287.25
C41132,1,381.61,381.61,1,5.0,1,2023-04-03,2023-04-03,0.0,0.0,0.0,Debit Card,Email,729,729,0.0,0,1.995893223819302,191.19760288065845,381.61,-0.8879415347126822,1,0,0.0013717421124828531,0.5234705075445817,0.0,381.61
C41137,1,1347.39,1347.39,3,5.0,1,2025-01-27,2025-01-27,0.0,1.0,1.0,Cash,Referral,64,64,0.0,0,0.1752224503764544,3943.4044713284898,449.13000000000005,-0.0779537149816346,0,0,0.015625,21.05296875,1.0,1347.39
C41284,1,737.92,737.92,4,4.0,1,2024-03-31,2024-03-31,1.0,0.0,1.0,Online,Google,366,366,0.0,0,1.002053388090349,736.407868852459,184.48,-0.4457978075512231,1,0,0.00273224043715847,2.016174863387978,1.0,737.92
C41320,1,1709.52,1709.52,3,8.0,1,2024-08-04,2024-08-04,1.0,0.0,1.0,Gift Card,Instagram,240,240,0.0,0,0.6570841889117043,2601.67575,569.84,-0.2923264311811299,0,0,0.004166666666666667,7.123,1.0,1709.52
C41331,1,1203.05,1203.05,5,10.0,1,2023-05-25,2023-05-25,0.0,0.0,1.0,Credit Card,Email,677,677,0.0,0,1.8535249828884328,649.0605797636632,240.61,-0.8246041412901041,1,0,0.0014771048744460858,1.7770310192023633,0.0,1203.05
C41460,1,747.75,747.75,5,9.0,1,2023-05-12,2023-05-12,0.0,0.0,1.0,Cash,Facebook,690,690,0.0,0,1.88911704312115,395.8198369565217,149.55,-0.8404384896457485,1,0,0.0014492753623188406,1.083695652173913,0.0,747.75
C41478,1,2138.28,2138.28,4,6.0,1,2023-08-13,2023-08-13,0.0,0.0,1.0,Credit Card,Facebook,597,597,0.0,0,1.6344969199178645,1308.219045226131,534.57,-0.7271619975630607,1,0,0.0016750418760469012,3.581708542713568,0.0,2138.28
C41508,1,429.96,429.96,4,5.0,1,2024-06-25,2024-06-25,0.0,0.0,0.0,Cash,Google,280,280,0.0,0,0.7665982203969883,560.8674642857143,107.49,-0.3410475030446516,0,0,0.0035714285714285713,1.5355714285714286,0.0,429.96
C41598,1,1472.76,1472.76,3,5.0,1,2023-12-11,2023-12-11,0.0,0.0,1.0,Credit Card,Email,477,477,0.0,0,1.3059548254620124,1127.7266037735849,490.92,-0.5809987819724958,1,0,0.0020964360587002098,3.087547169811321,0.0,1472.76
C41709,1,712.7,712.7,2,6.0,1,2023-06-16,2023-06-16,0.0,1.0,1.0,Debit Card,Facebook,655,655,0.0,0,1.7932922655715264,397.4254580152672,356.35,-0.7978075517651672,1,0,0.0015267175572519084,1.088091603053435,1.0,712.7
C41903,1,160.8,160.8,3,4.0,1,2023-10-09,2023-10-09,0.0,0.0,1.0,Cash,Facebook,540,540,0.0,0,1.4784394250513346,108.76333333333336,53.6,-0.6577344701575424,1,0,0.001851851851851852,0.2977777777777778,0.0,160.8
C41974,1,2099.79,2099.79,3,7.0,1,2024-11-30,2024-11-30,0.0,1.0,1.0,Cash,Google,122,122,0.0,0,0.3340177960301163,3943.4044713284898,699.93,-0.148599269183741,0,0,0.00819672131147541,17.21139344262295,1.0,2099.79
C42108,1,641.36,641.36,2,5.0,1,2024-06-19,2024-06-19,0.0,0.0,1.0,Credit Card,Referral,286,286,0.0,0,0.783025325119781,819.0795104895105,320.68,-0.3483556638241798,0,0,0.0034965034965034965,2.2425174825174827,0.0,641.36
C42235,1,1193.44,1193.44,4,8.0,1,2023-10-31,2023-10-31,0.0,0.0,1.0,Debit Card,Google,518,518,0.0,0,1.4182067077344285,841.5134362934364,298.36,-0.6309378806326055,1,0,0.0019305019305019305,2.303938223938224,0.0,1193.44
C42270,1,482.98,482.98,2,7.0,1,2024-04-24,2024-04-24,0.0,1.0,1.0,Debit Card,Instagram,342,342,0.0,0,0.9363449691991786,515.8141666666667,241.49,-0.4165651644331101,0,0,0.0029239766081871343,1.4122222222222223,1.0,482.98
C42306,1,612.8100000000001,612.8100000000001,3,4.0,1,2024-04-23,2024-04-23,0.0,1.0,0.0,Online,Google,343,343,0.0,0,0.9390828199863108,652.562252186589,204.27,-0.4177831912296982,0,0,0.0029154518950437317,1.7866180758017494,1.0,612.8100000000001
C42365,1,214.08,214.08,1,2.0,1,2024-11-23,2024-11-23,0.0,1.0,1.0,Gift Card,Google,129,129,0.0,0,0.3531827515400411,606.1451162790697,214.08,-0.1571254567598573,0,0,0.007751937984496124,1.6595348837209303,1.0,214.08
C42577,1,399.98,399.98,1,3.0,1,2024-07-24,2024-07-24,0.0,0.0,1.0,Debit Card,Email,251,251,0.0,0,0.6872005475701575,582.042609561753,399.98,-0.3057247259435984,0,0,0.00398406374501992,1.5935458167330678,0.0,399.98
C42949,1,660.66,660.66,1,3.0,1,2023-11-29,2023-11-29,0.0,0.0,1.0,Debit Card,Instagram,489,489,0.0,0,1.3388090349075976,493.46843558282205,660.66,-0.5956151035315522,1,0,0.002044989775051125,1.351042944785276,0.0,660.66
C43124,1,2773.44,2773.44,4,8.0,1,2023-05-04,2023-05-04,0.0,0.0,0.0,Online,Instagram,698,698,0.0,0,1.911019849418207,1451.2879083094556,693.36,-0.8501827040184529,1,0,0.0014326647564469914,3.973409742120344,0.0,2773.44
C43212,1,2200.56,2200.56,4,4.0,1,2024-06-26,2024-06-26,0.0,0.0,1.0,Debit Card,Instagram,279,279,0.0,0,0.7638603696098563,2880.8406451612905,550.14,-0.3398294762480635,0,0,0.0035842293906810036,7.887311827956989,0.0,2200.56
C43249,1,1391.43,1391.43,3,8.0,1,2025-03-08,2025-03-08,0.0,1.0,1.0,Online,Email,24,24,0.0,0,0.0657084188911704,3943.4044713284898,463.81,-0.0292326431181129,0,0,0.041666666666666664,57.97625,1.0,1391.43
C43330,1,580.47,580.47,3,6.0,1,2023-12-27,2023-12-27,0.0,1.0,1.0,Gift Card,Facebook,461,461,0.0,0,1.2621492128678986,459.90600325379614,193.49,-0.5615103532270871,1,0,0.0021691973969631237,1.2591540130151844,1.0,580.47
C43338,1,1435.95,1435.95,3,4.0,1,2023-05-11,2023-05-11,0.0,0.0,0.0,Online,Referral,691,691,0.0,0,1.891854893908282,759.016986251809,478.65,-0.8416565164423366,1,0,0.001447178002894356,2.0780752532561504,0.0,1435.95
C43443,1,3129.85,3129.85,5,9.0,1,2023-12-29,2023-12-29,0.0,1.0,1.0,Credit Card,Instagram,459,459,0.0,0,1.2566735112936345,2490.583251633987,625.97,-0.559074299633911,1,0,0.002178649237472767,6.818845315904139,1.0,3129.85
C43524,1,2621.3,2621.3,5,5.0,1,2024-01-10,2024-01-10,0.0,0.0,1.0,Gift Card,Referral,447,447,0.0,0,1.2238193018480492,2141.9011744966447,524.26,-0.5444579780748545,1,0,0.0022371364653243847,5.8642058165548105,0.0,2621.3
C43545,1,1876.25,1876.25,5,9.0,1,2024-12-22,2024-12-22,0.0,0.0,1.0,Gift Card,Email,100,100,0.0,0,0.2737850787132101,3943.4044713284898,375.25,-0.1218026796588041,0,0,0.01,18.7625,0.0,1876.25
C43721,1,131.61,131.61,1,2.0,1,2023-02-06,2023-02-06,0.0,0.0,1.0,Cash,Facebook,785,785,0.0,0,2.1492128678986995,61.23637261146498,131.61,-0.9561510353216124,1,0,0.0012738853503184713,0.16765605095541403,0.0,131.61
C43842,1,1303.14,1303.14,2,7.0,1,2024-10-19,2024-10-19,0.0,0.0,1.0,Debit Card,Facebook,164,164,0.0,0,0.4490075290896646,2902.267591463414,651.57,-0.1997563946404388,0,0,0.006097560975609756,7.945975609756098,0.0,1303.14
C43867,1,524.06,524.06,1,3.0,1,2024-07-25,2024-07-25,0.0,0.0,1.0,Debit Card,Email,250,250,0.0,0,0.6844626967830253,765.65166,524.06,-0.3045066991470103,0,0,0.004,2.09624,0.0,524.06
C43911,1,1674.84,1674.84,4,8.0,1,2023-06-11,2023-06-11,0.0,0.0,1.0,Cash,Instagram,660,660,0.0,0,1.8069815195071868,926.871681818182,418.71,-0.8038976857481073,1,0,0.0015151515151515152,2.5376363636363637,0.0,1674.84
C43919,1,1804.8,1804.8,3,7.0,1,2024-10-17,2024-10-17,1.0,0.0,1.0,Credit Card,Facebook,166,166,0.0,0,0.4544832306639288,3943.4044713284898,601.6,-0.2021924482336148,0,0,0.006024096385542169,10.872289156626506,1.0,1804.8
C43965,1,359.92,359.92,2,5.0,1,2025-01-11,2025-01-11,0.0,0.0,0.0,Gift Card,Instagram,80,80,0.0,0,0.2190280629705681,1643.2597500000002,179.96,-0.0974421437270433,0,0,0.0125,4.4990000000000006,0.0,359.92
C44148,1,1505.72,1505.72,4,5.0,1,2025-02-10,2025-02-10,0.0,0.0,1.0,Gift Card,Instagram,50,50,0.0,0,0.136892539356605,3943.4044713284898,376.43,-0.060901339829402,0,0,0.02,30.1144,0.0,1505.72
C44176,1,77.64,77.64,1,1.0,1,2025-02-28,2025-02-28,0.0,0.0,1.0,Credit Card,Facebook,32,32,0.0,0,0.0876112251882272,886.1878125000001,77.64,-0.0389768574908173,0,0,0.03125,2.42625,0.0,77.64
C44267,1,853.4,853.4,2,5.0,1,2025-03-22,2025-03-22,0.0,0.0,1.0,Online,Referral,10,10,0.0,0,0.027378507871321,3943.4044713284898,426.7,-0.0121802679658804,0,0,0.1,85.34,0.0,853.4
C44277,1,458.63,458.63,1,4.0,1,2024-04-28,2024-04-28,0.0,1.0,1.0,Debit Card,Referral,338,338,0.0,0,0.9253935660506504,495.6053476331361,458.63,-0.411693057246758,0,0,0.0029585798816568047,1.3568934911242603,1.0,458.63
C44366,1,776.44,776.44,2,2.0,1,2023-01-04,2023-01-04,0.0,0.0,1.0,Cash,Instagram,818,818,0.0,0,2.239561943874059,346.6927995110024,388.22,-0.996345919609018,1,0,0.0012224938875305623,0.9491931540342299,0.0,776.44
C44492,1,277.05,277.05,5,5.0,1,2023-10-24,2023-10-24,1.0,0.0,0.0,Online,Google,525,525,0.0,0,1.4373716632443532,192.7476428571429,55.41,-0.6394640682087217,1,0,0.0019047619047619048,0.5277142857142857,1.0,277.05
C44619,1,475.11,475.11,3,6.0,1,2025-03-05,2025-03-05,0.0,0.0,0.0,Cash,Referral,27,27,0.0,0,0.0739219712525667,3943.4044713284898,158.37,-0.0328867235078771,0,0,0.037037037037037035,17.596666666666668,0.0,475.11
C44674,1,627.34,627.34,1,1.0,1,2024-11-11,2024-11-11,0.0,0.0,0.0,Online,Referral,141,141,0.0,0,0.3860369609856263,1625.0775531914894,627.34,-0.1717417783189138,0,0,0.0070921985815602835,4.449219858156028,0.0,627.34
C44733,1,87.06,87.06,1,4.0,1,2025-03-01,2025-03-01,0.0,0.0,1.0,Credit Card,Email,31,31,0.0,0,0.0848733744010951,1025.763387096774,87.06,-0.0377588306942292,0,0,0.03225806451612903,2.8083870967741937,0.0,87.06
C44778,1,153.0,153.0,1,4.0,1,2023-10-25,2023-10-25,0.0,1.0,0.0,Credit Card,Referral,524,524,0.0,0,1.434633812457221,106.64742366412212,153.0,-0.6382460414121337,1,0,0.0019083969465648854,0.2919847328244275,1.0,153.0
C45175,1,70.82,70.82,1,1.0,1,2023-01-08,2023-01-08,0.0,0.0,1.0,Gift Card,Instagram,814,814,0.0,0,2.2286105407255303,31.777647420147417,70.82,-0.9914738124226656,1,0,0.0012285012285012285,0.087002457002457,0.0,70.82
C45187,1,420.65,420.65,5,9.0,1,2023-06-28,2023-06-28,0.0,0.0,1.0,Online,Google,643,643,0.0,0,1.7604380561259412,238.94620917573872,84.13,-0.7831912302061106,1,0,0.0015552099533437014,0.654199066874028,0.0,420.65
C45482,1,198.2,198.2,2,6.0,1,2023-03-09,2023-03-09,0.0,0.0,0.0,Cash,Instagram,754,754,0.0,0,2.0643394934976045,96.0113395225464,99.1,-0.9183922046273832,1,0,0.001326259946949602,0.2628647214854111,0.0,198.2
C45599,1,2379.75,2379.75,5,8.0,1,2023-02-16,2023-02-16,0.0,1.0,1.0,Credit Card,Facebook,775,775,0.0,0,2.1218343600273784,1121.5531451612903,475.95,-0.943970767355732,1,0,0.0012903225806451613,3.0706451612903227,1.0,2379.75
C45671,1,1314.96,1314.96,2,5.0,1,2024-03-01,2024-03-01,0.0,0.0,1.0,Online,Referral,396,396,0.0,0,1.0841889117043122,1212.8513636363637,657.48,-0.4823386114488644,1,0,0.0025252525252525255,3.320606060606061,0.0,1314.96
C45862,1,176.1,176.1,1,1.0,1,2023-07-29,2023-07-29,0.0,0.0,1.0,Credit Card,Instagram,612,612,0.0,0,1.675564681724846,105.09889705882352,176.1,-0.7454323995118813,1,0,0.0016339869281045752,0.28774509803921566,0.0,176.1
C45899,1,1285.96,1285.96,2,7.0,1,2023-12-23,2023-12-23,0.0,1.0,1.0,Debit Card,Email,465,465,0.0,0,1.273100616016427,1010.1008387096774,642.98,-0.5663824604134392,1,0,0.002150537634408602,2.765505376344086,1.0,1285.96
C46015,1,1812.3,1812.3,5,6.0,1,2024-11-18,2024-11-18,0.0,0.0,1.0,Cash,Instagram,134,134,0.0,0,0.3668720054757016,3943.4044713284898,362.46,-0.1632155907427975,0,0,0.007462686567164179,13.52462686567164,0.0,1812.3
C46210,1,1286.64,1286.64,3,3.0,1,2024-09-24,2024-09-24,0.0,0.0,1.0,Debit Card,Facebook,189,189,0.0,0,0.5174537987679672,2486.482857142857,428.88000000000005,-0.2302070645551398,0,0,0.005291005291005291,6.807619047619048,0.0,1286.64
C46504,1,745.84,745.84,2,7.0,1,2023-02-21,2023-02-21,0.0,0.0,1.0,Credit Card,Email,770,770,0.0,0,2.108145106091718,353.78968831168834,372.92,-0.937880633372792,1,0,0.0012987012987012987,0.9686233766233767,0.0,745.84
C46509,1,1174.98,1174.98,2,6.0,1,2024-02-27,2024-02-27,0.0,1.0,1.0,Gift Card,Referral,399,399,0.0,0,1.0924024640657084,1075.5925939849624,587.49,-0.4859926918386285,1,0,0.002506265664160401,2.944812030075188,1.0,1174.98
C46557,1,237.18,237.18,2,2.0,1,2024-03-18,2024-03-18,0.0,0.0,0.0,Credit Card,Email,379,379,0.0,0,1.0376454483230664,228.57518469656992,118.59,-0.4616321559068677,1,0,0.002638522427440633,0.6258047493403694,0.0,237.18
C46651,1,1360.89,680.4449999999999,5,5.0,1,2023-08-01,2024-03-20,0.0,0.0,1.0,Cash,Facebook,377,609,232.0,1,1.6673511293634498,816.1988054187191,272.178,0.4987819732028029,1,1,0.0016420361247947454,2.2346305418719212,0.0,1360.89
C46873,1,1965.16,1965.16,4,6.0,1,2024-09-06,2024-09-06,0.0,0.0,0.0,Debit Card,Email,207,207,0.0,0,0.5667351129363449,3467.510579710145,491.29,-0.2521315468937246,0,0,0.004830917874396135,9.49352657004831,0.0,1965.16
C46877,1,210.7,210.7,1,2.0,1,2025-02-02,2025-02-02,0.0,0.0,1.0,Online,Referral,58,58,0.0,0,0.1587953456536618,1326.8650862068964,210.7,-0.0706455542021064,0,0,0.017241379310344827,3.632758620689655,0.0,210.7
C46920,1,1362.12,1362.12,2,3.0,1,2024-01-21,2024-01-21,0.0,0.0,1.0,Debit Card,Facebook,436,436,0.0,0,1.1937029431895962,1141.0879128440365,681.06,-0.5310596833123861,1,0,0.0022935779816513763,3.124128440366972,0.0,1362.12
C46967,1,1026.84,1026.84,2,5.0,1,2023-12-23,2023-12-23,0.0,0.0,1.0,Online,Instagram,465,465,0.0,0,1.273100616016427,806.5662580645161,513.42,-0.5663824604134392,1,0,0.002150537634408602,2.2082580645161287,0.0,1026.84
C47022,1,500.97,500.97,3,8.0,1,2024-04-07,2024-04-07,0.0,1.0,0.0,Cash,Facebook,359,359,0.0,0,0.9828884325804244,509.6916225626741,166.99,-0.4372716199751069,0,0,0.002785515320334262,1.3954596100278551,1.0,500.97
C47086,1,609.16,609.16,4,6.0,1,2023-08-09,2023-08-09,1.0,0.0,1.0,Debit Card,Google,601,601,0.0,0,1.6454483230663928,370.2091347753744,152.29,-0.7320341047494129,1,0,0.0016638935108153079,1.013577371048253,1.0,609.16
C47283,1,263.96,263.96,1,2.0,1,2024-05-13,2024-05-13,0.0,1.0,1.0,Gift Card,Google,323,323,0.0,0,0.8843258042436687,298.48727554179567,263.96,-0.3934226552979373,0,0,0.0030959752321981426,0.8172136222910216,1.0,263.96
C47284,1,893.01,893.01,3,6.0,1,2024-09-21,2024-09-21,0.0,0.0,0.0,Online,Google,192,192,0.0,0,0.5256673511293635,1698.8119921875,297.67,-0.2338611449449039,0,0,0.005208333333333333,4.65109375,0.0,893.01
C47307,1,1202.86,1202.86,2,5.0,1,2023-11-02,2023-11-02,0.0,0.0,1.0,Online,Instagram,516,516,0.0,0,1.4127310061601643,851.4430523255813,601.43,-0.6285018270394294,1,0,0.001937984496124031,2.331124031007752,0.0,1202.86
C47486,1,320.92,320.92,1,5.0,1,2024-12-04,2024-12-04,0.0,1.0,1.0,Online,Facebook,118,118,0.0,0,0.3230663928815879,993.356186440678,320.92,-0.1437271619973888,0,0,0.00847457627118644,2.7196610169491526,1.0,320.92
C47761,1,1165.4,1165.4,4,6.0,1,2023-03-19,2023-03-19,1.0,0.0,1.0,Credit Card,Facebook,744,744,0.0,0,2.036960985626284,572.1268145161291,291.35,-0.9062119366615028,1,0,0.0013440860215053765,1.5663978494623658,1.0,1165.4
C47778,1,3334.0,3320.9700000000003,5,7.0,1,2023-10-30,2023-10-30,0.0,0.0,1.0,Debit Card,Referral,519,519,0.0,0,1.4209445585215603,2346.326589595376,666.8,-0.6321559074291935,1,0,0.0019267822736030828,6.4238921001926785,0.0,3334.0
C47823,1,956.72,956.72,2,3.0,1,2024-12-03,2024-12-03,0.0,0.0,0.0,Online,Google,119,119,0.0,0,0.3258042436687201,2936.487226890756,478.36,-0.1449451887939769,0,0,0.008403361344537815,8.039663865546219,0.0,956.72
C48120,1,280.25,280.25,1,5.0,1,2025-03-27,2025-03-27,0.0,0.0,1.0,Online,Email,5,5,0.0,0,0.0136892539356605,3943.4044713284898,280.25,-0.0060901339829402,0,0,0.2,56.05,0.0,280.25
C48176,1,1736.92,1736.92,4,8.0,1,2024-11-18,2024-11-18,0.0,0.0,1.0,Online,Email,134,134,0.0,0,0.3668720054757016,3943.4044713284898,434.23,-0.1632155907427975,0,0,0.007462686567164179,12.962089552238806,0.0,1736.92
C48207,1,833.62,833.62,2,2.0,1,2024-04-07,2024-04-07,0.0,1.0,0.0,Cash,Facebook,359,359,0.0,0,0.9828884325804244,848.1328830083565,416.81,-0.4372716199751069,0,0,0.002785515320334262,2.322061281337047,1.0,833.62
C48453,1,3194.0,3194.0,5,10.0,1,2024-06-19,2024-06-19,1.0,0.0,1.0,Debit Card,Referral,286,286,0.0,0,0.783025325119781,3943.4044713284898,638.8,-0.3483556638241798,0,0,0.0034965034965034965,11.167832167832168,1.0,3194.0
C48531,1,30.54,30.54,1,1.0,1,2024-12-07,2024-12-07,0.0,1.0,0.0,Debit Card,Google,115,115,0.0,0,0.3148528405201916,96.99769565217392,30.54,-0.1400730816076247,0,0,0.008695652173913044,0.26556521739130434,1.0,30.54
C48577,1,1640.84,1640.84,4,5.0,1,2024-07-29,2024-07-29,0.0,0.0,1.0,Cash,Instagram,246,246,0.0,0,0.6735112936344969,2436.247195121952,410.21,-0.2996345919606581,0,0,0.0040650406504065045,6.670081300813008,0.0,1640.84
C48601,1,414.47,414.47,1,3.0,1,2023-05-27,2023-05-27,0.0,1.0,1.0,Debit Card,Instagram,675,675,0.0,0,1.8480492813141685,224.27432222222225,414.47,-0.822168087696928,1,0,0.0014814814814814814,0.6140296296296297,1.0,414.47
C48646,1,1159.1,1159.1,5,6.0,1,2024-06-14,2024-06-14,0.0,0.0,1.0,Debit Card,Facebook,291,291,0.0,0,0.7967145790554415,1454.8497422680412,231.82,-0.35444579780712,0,0,0.003436426116838488,3.983161512027491,0.0,1159.1
C48649,1,204.36,204.36,3,3.0,1,2024-07-24,2024-07-24,1.0,0.0,1.0,Online,Email,251,251,0.0,0,0.6872005475701575,297.380438247012,68.12,-0.3057247259435984,0,0,0.00398406374501992,0.8141832669322709,1.0,204.36
C48713,1,159.8,159.8,5,5.0,1,2024-03-10,2024-03-10,0.0,1.0,1.0,Credit Card,Referral,387,387,0.0,0,1.0595482546201231,150.81899224806205,31.96,-0.471376370279572,1,0,0.002583979328165375,0.4129198966408269,1.0,159.8
C48790,1,107.7,107.7,5,10.0,1,2024-07-22,2024-07-22,0.0,1.0,0.0,Gift Card,Google,253,253,0.0,0,0.6926762491444216,155.48389328063243,21.54,-0.3081607795367744,0,0,0.003952569169960474,0.42569169960474307,1.0,107.7
C48939,1,2147.25,2147.25,5,5.0,1,2023-07-05,2023-07-05,1.0,0.0,1.0,Gift Card,Email,636,636,0.0,0,1.7412731006160165,1233.1494693396226,429.45,-0.7746650426299944,1,0,0.0015723270440251573,3.376179245283019,1.0,2147.25
C48942,1,2654.68,2654.68,4,7.0,1,2023-11-25,2023-11-25,0.0,0.0,1.0,Credit Card,Google,493,493,0.0,0,1.349760438056126,1966.778640973631,663.67,-0.6004872107179045,1,0,0.002028397565922921,5.3847464503042595,0.0,2654.68
C48965,1,299.35,299.35,1,5.0,1,2023-10-31,2023-10-31,1.0,0.0,1.0,Credit Card,Email,518,518,0.0,0,1.4182067077344285,211.07642374517377,299.35,-0.6309378806326055,1,0,0.0019305019305019305,0.5778957528957529,1.0,299.35
C49009,1,537.4,537.4,5,9.0,1,2023-01-25,2023-01-25,1.0,0.0,1.0,Debit Card,Email,797,797,0.0,0,2.1820670773442847,246.2802383939774,107.48,-0.970767356880669,1,0,0.0012547051442910915,0.6742785445420326,1.0,537.4
C49111,1,1510.17,1510.17,3,5.0,1,2025-02-27,2025-02-27,0.0,0.0,0.0,Online,Facebook,33,33,0.0,0,0.0903490759753593,3943.4044713284898,503.39,-0.0401948842874053,0,0,0.030303030303030304,45.762727272727275,0.0,1510.17
C49187,1,535.5,535.5,1,5.0,1,2023-03-08,2023-03-08,1.0,0.0,1.0,Gift Card,Referral,755,755,0.0,0,2.067077344284737,259.0614238410596,535.5,-0.9196102314239712,1,0,0.0013245033112582781,0.7092715231788079,1.0,535.5
C49198,1,1940.37,1940.37,3,5.0,1,2023-08-17,2023-08-17,1.0,0.0,1.0,Cash,Google,593,593,0.0,0,1.623545516769336,1195.14357925801,646.79,-0.7222898903767085,1,0,0.0016863406408094434,3.2721247892074197,1.0,1940.37
C49282,1,253.7,253.7,5,7.0,1,2023-06-15,2023-06-15,1.0,0.0,1.0,Gift Card,Google,656,656,0.0,0,1.7960301163586585,141.25598323170732,50.74,-0.7990255785617552,1,0,0.001524390243902439,0.38673780487804876,1.0,253.7
C49491,1,114.7,114.7,5,10.0,1,2023-04-12,2023-04-12,0.0,0.0,0.0,Cash,Email,720,720,0.0,0,1.9712525667351128,58.18635416666667,22.94,-0.8769792935433898,1,0,0.001388888888888889,0.15930555555555556,0.0,114.7
C49517,1,594.96,594.96,1,6.0,1,2025-01-04,2025-01-04,0.0,1.0,0.0,Cash,Facebook,87,87,0.0,0,0.2381930184804928,2497.806206896552,594.96,-0.1059683313031596,0,0,0.011494252873563218,6.838620689655173,1.0,594.96
C49605,1,457.82,457.82,2,4.0,1,2024-05-10,2024-05-10,0.0,0.0,1.0,Debit Card,Referral,326,326,0.0,0,0.892539356605065,512.9409662576687,228.91,-0.3970767356877015,0,0,0.003067484662576687,1.4043558282208588,0.0,457.82
C49710,1,1637.12,1637.12,4,8.0,1,2024-01-13,2024-01-13,0.0,0.0,0.0,Cash,Email,444,444,0.0,0,1.215605749486653,1346.7524324324322,409.28,-0.5408038976850904,1,0,0.0022522522522522522,3.687207207207207,0.0,1637.12
C49726,1,17.98,17.98,1,6.0,1,2023-11-14,2023-11-14,1.0,0.0,1.0,Cash,Email,504,504,0.0,0,1.379876796714579,13.03014880952381,17.98,-0.6138855054803729,1,0,0.001984126984126984,0.03567460317460318,1.0,17.98
C49831,1,1474.29,1474.29,3,6.0,1,2023-11-30,2023-11-30,0.0,0.0,1.0,Gift Card,Instagram,488,488,0.0,0,1.336071184120465,1103.4516854508197,491.43,-0.5943970767349642,1,0,0.0020491803278688526,3.0210860655737704,0.0,1474.29
C49838,1,1105.66,1105.66,2,3.0,1,2024-06-24,2024-06-24,1.0,0.0,0.0,Credit Card,Referral,281,281,0.0,0,0.7693360711841205,1437.1612633451955,552.83,-0.3422655298412396,0,0,0.0035587188612099642,3.9347330960854094,1.0,1105.66
C49938,1,62.12,62.12,1,2.0,1,2024-09-03,2024-09-03,0.0,1.0,0.0,Cash,Email,210,210,0.0,0,0.5749486652977412,108.04442857142855,62.12,-0.2557856272834887,0,0,0.004761904761904762,0.2958095238095238,1.0,62.12
C49995,1,984.44,984.44,4,4.0,1,2023-03-23,2023-03-23,0.0,0.0,1.0,Credit Card,Instagram,740,740,0.0,0,2.026009582477755,485.9009594594594,246.11,-0.9013398294751508,1,0,0.0013513513513513514,1.3303243243243243,0.0,984.44
C50087,1,366.33,366.33,3,4.0,1,2023-10-16,2023-10-16,0.0,0.0,1.0,Online,Email,533,533,0.0,0,1.45927446954141,251.03570825515948,122.11,-0.649208282581426,1,0,0.001876172607879925,0.6872983114446529,0.0,366.33
C50097,1,2339.05,2339.05,5,10.0,1,2024-07-22,2024-07-22,1.0,0.0,0.0,Online,Facebook,253,253,0.0,0,0.6926762491444216,3376.8300889328066,467.81000000000006,-0.3081607795367744,0,0,0.003952569169960474,9.245256916996048,1.0,2339.05
C50114,1,98.16,98.16,2,7.0,1,2025-03-30,2025-03-30,0.0,1.0,1.0,Debit Card,Instagram,2,2,0.0,0,0.0054757015742642,3943.4044713284898,49.08,-0.002436053593176,0,0,0.5,49.08,1.0,98.16
C50121,1,583.18,583.18,1,5.0,1,2024-05-24,2024-05-24,0.0,1.0,0.0,Credit Card,Google,312,312,0.0,0,0.8542094455852156,682.713125,583.18,-0.3800243605354689,0,0,0.003205128205128205,1.8691666666666664,1.0,583.18
C50137,1,59.19,59.19,3,3.0,1,2023-07-07,2023-07-07,0.0,0.0,0.0,Online,Referral,634,634,0.0,0,1.735797399041752,34.099601735015774,19.73,-0.7722289890368182,1,0,0.0015772870662460567,0.0933596214511041,0.0,59.19
C50159,1,667.02,667.02,3,5.0,1,2023-11-27,2023-11-27,0.0,1.0,1.0,Credit Card,Email,491,491,0.0,0,1.3442847364818618,496.1895213849287,222.34,-0.5980511571247283,1,0,0.002036659877800407,1.3584928716904277,1.0,667.02
C50211,1,53.0,53.0,2,3.0,1,2024-04-22,2024-04-22,0.0,0.0,1.0,Online,Instagram,344,344,0.0,0,0.9418206707734428,56.27398255813953,26.5,-0.4190012180262862,0,0,0.0029069767441860465,0.15406976744186046,0.0,53.0
C50274,1,1528.26,1528.26,3,5.0,1,2023-07-23,2023-07-23,1.0,0.0,1.0,Credit Card,Google,618,618,0.0,0,1.6919917864476386,903.2313349514563,509.42,-0.7527405602914096,1,0,0.0016181229773462784,2.472912621359223,1.0,1528.26
C50275,1,269.65,269.65,5,7.0,1,2024-09-04,2024-09-04,0.0,0.0,1.0,Gift Card,Instagram,209,209,0.0,0,0.5722108145106092,471.24240430622007,53.92999999999999,-0.2545676004869006,0,0,0.004784688995215311,1.2901913875598086,0.0,269.65
C50304,1,930.3,930.3,2,2.0,1,2024-12-07,2024-12-07,0.0,0.0,1.0,Online,Facebook,115,115,0.0,0,0.3148528405201916,2954.713695652174,465.15,-0.1400730816076247,0,0,0.008695652173913044,8.089565217391304,0.0,930.3
C50415,1,2830.35,2830.35,5,6.0,1,2024-10-10,2024-10-10,0.0,0.0,1.0,Credit Card,Instagram,173,173,0.0,0,0.4736481861738535,3943.4044713284898,566.0699999999999,-0.2107186358097311,0,0,0.005780346820809248,16.360404624277457,0.0,2830.35
C50422,1,1129.16,1129.16,2,4.0,1,2025-02-21,2025-02-21,0.0,1.0,1.0,Online,Facebook,39,39,0.0,0,0.1067761806981519,3943.4044713284898,564.58,-0.0475030450669336,0,0,0.02564102564102564,28.952820512820516,1.0,1129.16
C50565,1,411.34,411.34,1,5.0,1,2024-09-03,2024-09-03,0.0,1.0,0.0,Debit Card,Instagram,210,210,0.0,0,0.5749486652977412,715.4377857142857,411.34,-0.2557856272834887,0,0,0.004761904761904762,1.9587619047619047,1.0,411.34
C50612,1,226.64,226.64,4,4.0,1,2024-01-12,2024-01-12,0.0,0.0,1.0,Online,Instagram,445,445,0.0,0,1.218343600273785,186.02305617977527,56.66,-0.5420219244816784,1,0,0.0022471910112359553,0.5093033707865168,0.0,226.64
C50682,1,501.96,501.96,2,5.0,1,2024-11-26,2024-11-26,0.0,0.0,0.0,Credit Card,Google,126,126,0.0,0,0.3449691991786447,1455.0864285714283,250.98,-0.1534713763700932,0,0,0.007936507936507936,3.9838095238095237,0.0,501.96
C50683,1,576.42,576.42,2,5.0,1,2023-10-15,2023-10-15,1.0,0.0,0.0,Debit Card,Email,534,534,0.0,0,1.462012320328542,394.2648033707865,288.21,-0.6504263093780142,1,0,0.0018726591760299626,1.079438202247191,1.0,576.42
C50732,1,590.04,590.04,4,4.0,1,2024-12-11,2024-12-11,0.0,0.0,1.0,Debit Card,Instagram,111,111,0.0,0,0.3039014373716632,1941.5505405405404,147.51,-0.1352009744212726,0,0,0.009009009009009009,5.315675675675675,0.0,590.04
C50967,1,364.8,364.8,2,5.0,1,2023-02-04,2023-02-04,1.0,0.0,1.0,Gift Card,Referral,787,787,0.0,0,2.154688569472964,169.30520965692506,182.4,-0.9585870889147886,1,0,0.0012706480304955528,0.46353240152477765,1.0,364.8
C51024,1,489.8,489.8,1,4.0,1,2023-08-02,2023-08-02,0.0,0.0,1.0,Gift Card,Facebook,608,608,0.0,0,1.6646132785763177,294.2425164473684,489.8,-0.7405602923255292,1,0,0.001644736842105263,0.8055921052631579,0.0,489.8
C51145,1,2403.24,2403.24,4,9.0,1,2024-04-16,2024-04-16,0.0,0.0,1.0,Debit Card,Email,350,350,0.0,0,0.9582477754962354,2507.9526,600.81,-0.4263093788058145,0,0,0.002857142857142857,6.8664,0.0,2403.24
C51157,1,1778.61,1778.61,3,3.0,1,2023-09-17,2023-09-17,0.0,0.0,1.0,Gift Card,Referral,562,562,0.0,0,1.538672142368241,1155.9382606761565,592.87,-0.6845310596824793,1,0,0.0017793594306049821,3.1647864768683274,0.0,1778.61
C51404,1,378.12,378.12,2,7.0,1,2024-01-18,2024-01-18,0.0,0.0,1.0,Gift Card,Facebook,439,439,0.0,0,1.2019164955509924,314.59756264236904,189.06,-0.5347137637021502,1,0,0.002277904328018223,0.8613211845102505,0.0,378.12
C51481,1,1244.2,1244.2,5,10.0,1,2023-06-23,2023-06-23,1.0,0.0,0.0,Debit Card,Instagram,648,648,0.0,0,1.7741273100616015,701.3025462962963,248.84,-0.7892813641890508,1,0,0.0015432098765432098,1.9200617283950618,1.0,1244.2
C51494,1,977.74,977.74,2,4.0,1,2025-03-08,2025-03-08,1.0,0.0,1.0,Online,Google,24,24,0.0,0,0.0657084188911704,3943.4044713284898,488.87,-0.0292326431181129,0,0,0.041666666666666664,40.73916666666667,1.0,977.74
C51694,1,1361.7,1361.7,2,6.0,1,2024-08-25,2024-08-25,0.0,0.0,1.0,Gift Card,Referral,219,219,0.0,0,0.5995893223819302,2271.054452054794,680.85,-0.2667478684527811,0,0,0.0045662100456621,6.217808219178083,0.0,1361.7
C51811,1,1335.36,1335.36,3,8.0,1,2023-06-02,2023-06-02,1.0,0.0,0.0,Gift Card,Google,669,669,0.0,0,1.831622176591376,729.0586547085201,445.12,-0.8148599269173997,1,0,0.0014947683109118087,1.9960538116591926,1.0,1335.36
C51898,1,898.44,898.44,4,6.0,1,2024-01-23,2024-01-23,0.0,1.0,1.0,Credit Card,Facebook,434,434,0.0,0,1.188227241615332,756.1179953917052,224.61,-0.52862362971921,1,0,0.002304147465437788,2.0701382488479263,1.0,898.44
C51921,1,1318.59,1318.59,3,5.0,1,2023-08-11,2023-08-11,0.0,0.0,0.0,Debit Card,Google,599,599,0.0,0,1.6399726214921286,804.0317153589315,439.53,-0.7295980511562368,1,0,0.001669449081803005,2.201318864774624,0.0,1318.59
C52184,1,162.77,162.77,1,4.0,1,2023-06-05,2023-06-05,1.0,0.0,1.0,Online,Facebook,666,666,0.0,0,1.8234086242299796,89.26688063063064,162.77,-0.8112058465276356,1,0,0.0015015015015015015,0.24439939939939942,1.0,162.77
C52313,1,836.52,836.52,2,2.0,1,2023-11-19,2023-11-19,0.0,0.0,1.0,Debit Card,Google,499,499,0.0,0,1.3661875427789183,612.3024649298598,418.26,-0.6077953714974327,1,0,0.002004008016032064,1.6763927855711422,0.0,836.52
C52342,1,369.15,369.15,5,9.0,1,2025-02-07,2025-02-07,0.0,0.0,0.0,Debit Card,Instagram,53,53,0.0,0,0.1451060917180013,2544.000707547169,73.83,-0.0645554202191661,0,0,0.018867924528301886,6.965094339622641,0.0,369.15
C52604,1,506.5,506.5,5,7.0,1,2024-11-23,2024-11-23,0.0,0.0,1.0,Online,Email,129,129,0.0,0,0.3531827515400411,1434.1017441860463,101.3,-0.1571254567598573,0,0,0.007751937984496124,3.9263565891472867,0.0,506.5
C52751,1,1055.72,1055.72,4,4.0,1,2023-10-27,2023-10-27,0.0,0.0,1.0,Debit Card,Facebook,522,522,0.0,0,1.429158110882957,738.700632183908,263.93,-0.6358099878189576,1,0,0.0019157088122605363,2.0224521072796935,0.0,1055.72
C52914,1,839.96,839.96,4,8.0,1,2023-03-19,2023-03-19,0.0,0.0,0.0,Cash,Google,744,744,0.0,0,2.036960985626284,412.3593951612904,209.99,-0.9062119366615028,1,0,0.0013440860215053765,1.128978494623656,0.0,839.96
C52915,1,657.08,657.08,2,6.0,1,2023-12-13,2023-12-13,0.0,1.0,1.0,Gift Card,Email,475,475,0.0,0,1.3004791238877482,505.2599368421053,328.54,-0.5785627283793197,1,0,0.002105263157894737,1.3833263157894737,1.0,657.08
C53049,1,1126.12,1126.12,2,6.0,1,2023-12-02,2023-12-02,0.0,1.0,0.0,Cash,Instagram,486,486,0.0,0,1.3305954825462012,846.3278395061728,563.06,-0.5919610231417881,1,0,0.00205761316872428,2.3171193415637856,1.0,1126.12
C53070,1,2048.24,2048.24,4,5.0,1,2024-04-11,2024-04-11,0.0,0.0,1.0,Online,Google,355,355,0.0,0,0.971937029431896,2107.379323943662,512.06,-0.4323995127887547,0,0,0.0028169014084507044,5.76969014084507,0.0,2048.24
C53215,1,265.38,265.38,1,6.0,1,2023-06-20,2023-06-20,1.0,0.0,1.0,Credit Card,Email,651,651,0.0,0,1.782340862422998,148.89407834101382,265.38,-0.7929354445788149,1,0,0.0015360983102918587,0.40764976958525345,1.0,265.38
C53252,1,570.32,570.32,4,4.0,1,2024-05-26,2024-05-26,0.0,0.0,1.0,Cash,Facebook,310,310,0.0,0,0.8487337440109514,671.965741935484,142.58,-0.3775883069422928,0,0,0.0032258064516129032,1.839741935483871,0.0,570.32
C53277,1,1595.16,1595.16,3,7.0,1,2025-02-18,2025-02-18,0.0,0.0,1.0,Gift Card,Google,42,42,0.0,0,0.1149897330595482,3943.4044713284898,531.72,-0.0511571254566977,0,0,0.023809523809523808,37.980000000000004,0.0,1595.16
C53334,1,1496.04,1496.04,3,4.0,1,2023-08-06,2023-08-06,0.0,1.0,1.0,Online,Email,604,604,0.0,0,1.6536618754277892,904.6831291390728,498.68,-0.735688185139177,1,0,0.0016556291390728477,2.476887417218543,1.0,1496.04
C53464,1,3299.25,3299.25,5,9.0,1,2024-06-29,2024-06-29,0.0,0.0,1.0,Credit Card,Facebook,276,276,0.0,0,0.75564681724846,3943.4044713284898,659.85,-0.3361753958582994,0,0,0.0036231884057971015,11.953804347826088,0.0,3299.25
C53488,1,410.52,410.52,3,3.0,1,2024-05-12,2024-05-12,0.0,0.0,1.0,Cash,Facebook,324,324,0.0,0,0.8870636550308009,462.7852777777777,136.84,-0.3946406820945254,0,0,0.0030864197530864196,1.267037037037037,0.0,410.52
C53501,1,249.57,249.57,1,3.0,1,2024-06-08,2024-06-08,0.0,0.0,1.0,Cash,Google,297,297,0.0,0,0.813141683778234,306.92068181818183,249.57,-0.3617539585866482,0,0,0.003367003367003367,0.8403030303030303,0.0,249.57
C53545,1,1084.17,1084.17,3,8.0,1,2023-06-29,2023-06-29,0.0,0.0,0.0,Credit Card,Referral,642,642,0.0,0,1.757700205338809,616.8116705607476,361.39,-0.7819732034095226,1,0,0.001557632398753894,1.6887383177570094,0.0,1084.17
C53627,1,1527.45,1527.45,5,10.0,1,2023-11-08,2023-11-08,0.0,0.0,0.0,Debit Card,Referral,510,510,0.0,0,1.3963039014373717,1093.92375,305.49,-0.6211936662599011,1,0,0.00196078431372549,2.995,0.0,1527.45
C53645,1,1450.59,1450.59,3,4.0,1,2025-02-14,2025-02-14,0.0,1.0,0.0,Cash,Referral,46,46,0.0,0,0.1259411362080766,3943.4044713284898,483.53,-0.0560292326430499,0,0,0.021739130434782608,31.534565217391304,1.0,1450.59
C53697,1,827.36,827.36,4,5.0,1,2023-06-27,2023-06-27,1.0,0.0,1.0,Cash,Instagram,644,644,0.0,0,1.7631759069130732,469.2441614906832,206.84,-0.7844092570026987,1,0,0.0015527950310559005,1.28472049689441,1.0,827.36
C53810,1,2358.28,2358.28,4,8.0,1,2024-06-06,2024-06-06,0.0,0.0,0.0,Cash,Instagram,299,299,0.0,0,0.8186173853524983,2880.808595317726,589.57,-0.3641900121798244,0,0,0.0033444816053511705,7.8872240802675595,0.0,2358.28
C54160,1,1010.13,1010.13,3,4.0,1,2023-06-13,2023-06-13,0.0,0.0,0.0,Credit Card,Email,658,658,0.0,0,1.8015058179329224,560.714259118541,336.71,-0.8014616321549313,1,0,0.001519756838905775,1.5351519756838905,0.0,1010.13
C54277,1,519.16,519.16,2,7.0,1,2025-03-12,2025-03-12,0.0,0.0,1.0,Debit Card,Instagram,20,20,0.0,0,0.054757015742642,3943.4044713284898,259.58,-0.0243605359317608,0,0,0.05,25.958,0.0,519.16
C54298,1,1437.63,1437.63,3,5.0,1,2023-05-21,2023-05-21,1.0,0.0,1.0,Cash,Referral,681,681,0.0,0,1.864476386036961,771.0636674008811,479.21,-0.8294762484764562,1,0,0.0014684287812041115,2.111057268722467,1.0,1437.63
C54390,1,580.74,580.74,3,7.0,1,2025-01-03,2025-01-03,0.0,0.0,1.0,Gift Card,Email,88,88,0.0,0,0.2409308692676249,2410.400965909091,193.58,-0.1071863580997476,0,0,0.011363636363636364,6.599318181818182,0.0,580.74
C54494,1,352.92,352.92,2,2.0,1,2023-09-02,2023-09-02,0.0,0.0,1.0,Credit Card,Email,577,577,0.0,0,1.5797399041752225,223.40386481802423,176.46,-0.7028014616312999,1,0,0.0017331022530329288,0.6116464471403813,0.0,352.92
C54499,1,668.48,668.48,1,1.0,1,2023-12-03,2023-12-03,0.0,0.0,1.0,Debit Card,Email,485,485,0.0,0,1.3278576317590691,503.4274639175258,668.48,-0.5907429963452001,1,0,0.002061855670103093,1.3783092783505155,0.0,668.48
C54595,1,121.96,121.96,1,3.0,1,2025-03-18,2025-03-18,0.0,0.0,0.0,Debit Card,Google,14,14,0.0,0,0.0383299110198494,3181.849285714286,121.96,-0.0170523751522325,0,0,0.07142857142857142,8.711428571428572,0.0,121.96
C54675,1,1291.7,1291.7,2,5.0,1,2023-01-01,2023-01-01,0.0,0.0,0.0,Online,Referral,821,821,0.0,0,2.2477754962354557,574.6570341047503,645.85,-0.999999999998782,1,0,0.001218026796589525,1.5733252131546895,0.0,1291.7
C54759,1,109.29,109.29,1,5.0,1,2024-11-27,2024-11-27,1.0,0.0,1.0,Debit Card,Google,125,125,0.0,0,0.3422313483915126,319.34538000000003,109.29,-0.1522533495735051,0,0,0.008,0.8743200000000001,1.0,109.29
C54829,1,312.55,312.55,5,9.0,1,2023-05-08,2023-05-08,0.0,0.0,1.0,Cash,Instagram,694,694,0.0,0,1.9000684462696784,164.4940742074928,62.510000000000005,-0.8453105968321007,1,0,0.001440922190201729,0.4503602305475504,0.0,312.55
C54886,1,355.15,355.15,1,2.0,1,2024-06-25,2024-06-25,0.0,1.0,1.0,Cash,Email,280,280,0.0,0,0.7665982203969883,463.28049107142857,355.15,-0.3410475030446516,0,0,0.0035714285714285713,1.268392857142857,1.0,355.15
C55164,1,1979.64,1979.64,3,3.0,1,2023-03-16,2023-03-16,1.0,0.0,0.0,Gift Card,Google,747,747,0.0,0,2.04517453798768,967.9565060240964,659.88,-0.9098660170512668,1,0,0.0013386880856760374,2.650120481927711,1.0,1979.64
C55205,1,793.4,793.4,4,7.0,1,2024-04-09,2024-04-09,1.0,0.0,1.0,Cash,Google,357,357,0.0,0,0.9774127310061602,811.7348739495798,198.35,-0.4348355663819307,0,0,0.0028011204481792717,2.2224089635854343,1.0,793.4
C55286,1,2873.95,2873.95,5,8.0,1,2024-02-21,2024-02-21,0.0,0.0,1.0,Credit Card,Referral,405,405,0.0,0,1.108829568788501,2591.877129629629,574.79,-0.4933008526181567,1,0,0.0024691358024691358,7.096172839506172,0.0,2873.95
C55354,1,684.22,684.22,2,2.0,1,2024-08-30,2024-08-30,0.0,0.0,1.0,Gift Card,Instagram,214,214,0.0,0,0.5859000684462696,1167.810070093458,342.11,-0.2606577344698408,0,0,0.004672897196261682,3.1972897196261685,0.0,684.22
C55388,1,1213.86,1213.86,3,6.0,1,2023-03-27,2023-03-27,0.0,0.0,1.0,Gift Card,Instagram,736,736,0.0,0,2.0150581793292264,602.3945176630435,404.62,-0.8964677222887985,1,0,0.001358695652173913,1.649266304347826,0.0,1213.86
C55454,1,677.48,677.48,1,1.0,1,2023-05-01,2023-05-01,0.0,0.0,1.0,Online,Facebook,701,701,0.0,0,1.919233401779603,352.9951069900143,677.48,-0.853836784408217,1,0,0.0014265335235378032,0.9664479315263909,0.0,677.48
C55464,1,601.36,601.36,1,1.0,1,2024-11-11,2024-11-11,0.0,0.0,0.0,Online,Facebook,141,141,0.0,0,0.3860369609856263,1557.7782978723403,601.36,-0.1717417783189138,0,0,0.0070921985815602835,4.264964539007092,0.0,601.36
C55590,1,625.51,625.51,1,1.0,1,2024-12-19,2024-12-19,0.0,0.0,1.0,Credit Card,Facebook,103,103,0.0,0,0.2819986310746064,2218.131334951456,625.51,-0.1254567600485682,0,0,0.009708737864077669,6.072912621359223,0.0,625.51
C55632,1,2158.45,2158.45,5,10.0,1,2023-08-05,2023-08-05,0.0,0.0,0.0,Credit Card,Facebook,605,605,0.0,0,1.6563997262149213,1303.0972933884298,431.69,-0.736906211935765,1,0,0.001652892561983471,3.567685950413223,0.0,2158.45
C55636,1,1702.4,1702.4,4,5.0,1,2023-04-21,2023-04-21,0.0,0.0,1.0,Credit Card,Google,711,711,0.0,0,1.946611909650924,874.5451476793249,425.6,-0.8660170523740974,1,0,0.0014064697609001407,2.3943741209563996,0.0,1702.4
C55757,1,922.26,922.26,2,4.0,1,2023-09-10,2023-09-10,0.0,1.0,0.0,Gift Card,Email,569,569,0.0,0,1.5578370978781657,592.0131195079085,461.13,-0.6930572472585955,1,0,0.0017574692442882249,1.6208435852372582,1.0,922.26
C55778,1,551.9,551.9,5,10.0,1,2023-11-09,2023-11-09,0.0,0.0,0.0,Cash,Referral,509,509,0.0,0,1.3935660506502396,396.0343320235756,110.38,-0.619975639463313,1,0,0.0019646365422396855,1.0842829076620826,0.0,551.9
C55819,1,1268.75,1268.75,5,9.0,1,2023-09-01,2023-09-01,0.0,0.0,1.0,Online,Instagram,578,578,0.0,0,1.5824777549623543,801.749026816609,253.75,-0.704019488427888,1,0,0.0017301038062283738,2.195069204152249,0.0,1268.75
C55996,1,2543.45,2543.45,5,10.0,1,2023-07-14,2023-07-14,0.0,0.0,1.0,Cash,Google,627,627,0.0,0,1.7166324435318274,1481.650897129187,508.69,-0.7637028014607019,1,0,0.001594896331738437,4.056539074960127,0.0,2543.45
C56266,1,640.88,640.88,4,9.0,1,2024-09-28,2024-09-28,0.0,1.0,1.0,Debit Card,Instagram,185,185,0.0,0,0.5065023956194388,1265.3049729729728,160.22,-0.2253349573687876,0,0,0.005405405405405406,3.464216216216216,1.0,640.88
C56506,1,773.52,773.52,3,4.0,1,2024-03-10,2024-03-10,0.0,0.0,0.0,Online,Instagram,387,387,0.0,0,1.0595482546201231,730.046976744186,257.84,-0.471376370279572,1,0,0.002583979328165375,1.9987596899224807,0.0,773.52
C56553,1,212.43,212.43,3,8.0,1,2024-07-15,2024-07-15,0.0,0.0,1.0,Credit Card,Referral,260,260,0.0,0,0.7118412046543463,298.4232980769231,70.81,-0.3166869671128907,0,0,0.0038461538461538464,0.8170384615384616,0.0,212.43
C56564,1,507.48,507.48,2,5.0,1,2025-03-05,2025-03-05,0.0,0.0,1.0,Online,Google,27,27,0.0,0,0.0739219712525667,3943.4044713284898,253.74,-0.0328867235078771,0,0,0.037037037037037035,18.795555555555556,0.0,507.48
C56796,1,678.38,678.38,1,4.0,1,2025-02-14,2025-02-14,1.0,0.0,1.0,Credit Card,Referral,46,46,0.0,0,0.1259411362080766,3943.4044713284898,678.38,-0.0560292326430499,0,0,0.021739130434782608,14.747391304347826,1.0,678.38
C56851,1,958.15,958.15,5,6.0,1,2023-10-31,2023-10-31,0.0,0.0,1.0,Gift Card,Facebook,518,518,0.0,0,1.4182067077344285,675.6067326254827,191.63,-0.6309378806326055,1,0,0.0019305019305019305,1.8497104247104246,0.0,958.15
C56928,1,1435.0,1435.0,4,9.0,1,2024-01-09,2024-01-09,0.0,0.0,1.0,Gift Card,Facebook,448,448,0.0,0,1.2265571526351813,1169.94140625,358.75,-0.5456760048714425,1,0,0.002232142857142857,3.203125,0.0,1435.0
C56969,1,193.0,96.5,3,4.0,1,2023-06-29,2024-01-09,0.0,0.0,1.0,Debit Card,Email,448,642,194.0,1,1.757700205338809,109.80257009345794,64.33333333333333,0.4543239941285574,1,1,0.001557632398753894,0.30062305295950154,0.0,193.0
C57093,1,553.41,553.41,3,4.0,1,2024-02-08,2024-02-08,1.0,0.0,0.0,Online,Referral,418,418,0.0,0,1.1444216290212184,483.5717763157895,184.47,-0.5091352009738013,1,0,0.0023923444976076554,1.3239473684210525,1.0,553.41
C57276,1,3339.1000000000004,3320.9700000000003,5,10.0,1,2023-08-17,2023-08-17,0.0,0.0,1.0,Online,Email,593,593,0.0,0,1.623545516769336,2128.9209106239464,691.28,-0.7222898903767085,1,0,0.0016863406408094434,5.6308600337268135,0.0,3339.1000000000004
C57502,1,2242.32,2242.32,4,6.0,1,2023-06-11,2023-06-11,0.0,1.0,1.0,Gift Card,Referral,660,660,0.0,0,1.8069815195071868,1240.920272727273,560.58,-0.8038976857481073,1,0,0.0015151515151515152,3.3974545454545457,1.0,2242.32
C57601,1,294.6,294.6,4,9.0,1,2024-09-09,2024-09-09,0.0,0.0,0.0,Debit Card,Google,204,204,0.0,0,0.5585215605749486,527.4639705882354,73.65,-0.2484774665039604,0,0,0.004901960784313725,1.4441176470588237,0.0,294.6
C57798,1,2308.32,2308.32,4,8.0,1,2024-04-11,2024-04-11,0.0,0.0,0.0,Online,Facebook,355,355,0.0,0,0.971937029431896,2374.968676056338,577.08,-0.4323995127887547,0,0,0.0028169014084507044,6.50230985915493,0.0,2308.32
C57861,1,915.48,915.48,3,8.0,1,2025-03-07,2025-03-07,1.0,0.0,1.0,Credit Card,Referral,25,25,0.0,0,0.0684462696783025,3943.4044713284898,305.16,-0.030450669914701,0,0,0.04,36.6192,1.0,915.48
C57867,1,1543.68,1543.68,4,8.0,1,2023-05-17,2023-05-17,1.0,0.0,0.0,Credit Card,Instagram,685,685,0.0,0,1.8754277891854891,823.108204379562,385.92,-0.8343483556628084,1,0,0.00145985401459854,2.2535474452554745,1.0,1543.68
C58063,1,987.26,987.26,2,6.0,1,2024-08-11,2024-08-11,0.0,1.0,1.0,Online,Referral,233,233,0.0,0,0.6379192334017796,1547.6253862660944,493.63,-0.2838002436050136,0,0,0.004291845493562232,4.237167381974249,1.0,987.26
C58108,1,2517.36,2517.36,4,4.0,1,2023-04-11,2023-04-11,1.0,0.0,1.0,Cash,Instagram,721,721,0.0,0,1.9739904175222447,1275.2645492371705,629.34,-0.8781973203399779,1,0,0.0013869625520110957,3.491484049930652,1.0,2517.36
C58156,1,95.1,95.1,1,1.0,1,2024-11-15,2024-11-15,0.0,0.0,1.0,Gift Card,Instagram,137,137,0.0,0,0.3750855578370979,253.5421532846715,95.1,-0.1668696711325616,0,0,0.0072992700729927005,0.6941605839416058,0.0,95.1
C58168,1,754.4399999999999,754.4399999999999,3,4.0,1,2024-05-24,2024-05-24,0.0,1.0,0.0,Credit Card,Email,312,312,0.0,0,0.8542094455852156,883.2025961538461,251.48,-0.3800243605354689,0,0,0.003205128205128205,2.418076923076923,1.0,754.4399999999999
C58341,1,639.83,639.83,1,2.0,1,2024-03-26,2024-03-26,0.0,0.0,1.0,Debit Card,Referral,371,371,0.0,0,1.0157426420260096,629.9134973045823,639.83,-0.4518879415341633,1,0,0.0026954177897574125,1.7246091644204853,0.0,639.83
C58410,1,645.46,645.46,1,5.0,1,2023-08-11,2023-08-11,1.0,0.0,1.0,Gift Card,Google,599,599,0.0,0,1.6399726214921286,393.5797412353924,645.46,-0.7295980511562368,1,0,0.001669449081803005,1.0775626043405677,1.0,645.46
C58443,1,848.64,848.64,2,6.0,1,2023-09-04,2023-09-04,0.0,1.0,0.0,Credit Card,Referral,575,575,0.0,0,1.5742642026009583,539.0708869565217,424.32,-0.7003654080381237,1,0,0.0017391304347826088,1.475895652173913,1.0,848.64
C58638,1,1531.52,1531.52,4,6.0,1,2024-03-31,2024-03-31,1.0,0.0,1.0,Cash,Email,366,366,0.0,0,1.002053388090349,1528.3816393442623,382.88,-0.4457978075512231,1,0,0.00273224043715847,4.1844808743169395,1.0,1531.52
C58721,1,617.58,617.58,3,4.0,1,2025-03-03,2025-03-03,0.0,0.0,0.0,Gift Card,Email,29,29,0.0,0,0.0793976728268309,3943.4044713284898,205.86,-0.0353227771010532,0,0,0.034482758620689655,21.29586206896552,0.0,617.58
C58773,1,2567.45,2567.45,5,8.0,1,2024-02-26,2024-02-26,1.0,0.0,0.0,Gift Card,Google,400,400,0.0,0,1.0951403148528405,2344.40278125,513.49,-0.4872107186352165,1,0,0.0025,6.418625,1.0,2567.45
C58808,1,539.66,539.66,2,4.0,1,2024-11-08,2024-11-08,0.0,0.0,1.0,Online,Email,144,144,0.0,0,0.3942505133470226,1368.8251041666665,269.83,-0.1753958587086779,0,0,0.006944444444444444,3.7476388888888885,0.0,539.66
C58858,1,674.64,674.64,2,4.0,1,2024-12-02,2024-12-02,1.0,0.0,1.0,Credit Card,Email,120,120,0.0,0,0.3285420944558521,2053.4355,337.32,-0.1461632155905649,0,0,0.008333333333333333,5.622,1.0,674.64
C59169,1,2517.36,2517.36,4,7.0,1,2023-07-10,2023-07-10,0.0,0.0,0.0,Cash,Email,631,631,0.0,0,1.727583846680356,1457.1564817749604,629.34,-0.7685749086470541,1,0,0.001584786053882726,3.989477020602219,0.0,2517.36
C59183,1,3322.55,3320.9700000000003,5,8.0,1,2023-02-28,2023-02-28,0.0,0.0,1.0,Debit Card,Email,763,763,0.0,0,2.088980150581793,1590.5129587155966,664.51,-0.9293544457966756,1,0,0.001310615989515072,4.354587155963303,0.0,3322.55
C59278,1,2360.05,2360.05,5,10.0,1,2024-10-15,2024-10-15,1.0,0.0,1.0,Gift Card,Email,168,168,0.0,0,0.459958932238193,3943.4044713284898,472.0100000000001,-0.2046285018267909,0,0,0.005952380952380952,14.047916666666667,1.0,2360.05
C59338,1,2070.9,2070.9,3,6.0,1,2024-02-25,2024-02-25,0.0,0.0,1.0,Credit Card,Google,401,401,0.0,0,1.0978781656399723,1886.274875311721,690.3000000000001,-0.4884287454318046,1,0,0.0024937655860349127,5.164339152119701,0.0,2070.9
C59441,1,2092.65,2092.65,5,6.0,1,2024-02-09,2024-02-09,0.0,0.0,1.0,Credit Card,Google,417,417,0.0,0,1.1416837782340865,1832.9506294964028,418.53,-0.5079171741772133,1,0,0.002398081534772182,5.018345323741007,0.0,2092.65
C59554,1,912.08,912.08,2,4.0,1,2024-12-16,2024-12-16,0.0,1.0,1.0,Debit Card,Email,106,106,0.0,0,0.2902121834360027,3142.803962264151,456.04,-0.1291108404383323,0,0,0.009433962264150943,8.604528301886793,1.0,912.08
C59572,1,542.07,542.07,1,6.0,1,2023-03-28,2023-03-28,0.0,0.0,1.0,Cash,Referral,735,735,0.0,0,2.0123203285420943,269.3756020408164,542.07,-0.8952496954922105,1,0,0.0013605442176870747,0.7375102040816327,0.0,542.07
C59579,1,897.7,897.7,2,6.0,1,2023-01-03,2023-01-03,0.0,0.0,0.0,Credit Card,Instagram,819,819,0.0,0,2.242299794661191,400.34789377289377,448.85,-0.997563946405606,1,0,0.001221001221001221,1.0960927960927962,0.0,897.7
C59685,1,788.32,788.32,2,2.0,1,2023-01-26,2023-01-26,0.0,0.0,0.0,Online,Referral,796,796,0.0,0,2.1793292265571527,361.72597989949753,394.16,-0.969549330084081,1,0,0.001256281407035176,0.9903517587939699,0.0,788.32
C59724,1,819.5,819.5,2,2.0,1,2024-12-09,2024-12-09,0.0,0.0,1.0,Debit Card,Facebook,113,113,0.0,0,0.3093771389459274,2648.870575221239,409.75,-0.1376370280144487,0,0,0.008849557522123894,7.252212389380531,0.0,819.5
C59752,1,1538.8,1538.8,5,9.0,1,2023-01-05,2023-01-05,0.0,0.0,1.0,Gift Card,Google,817,817,0.0,0,2.236824093086927,687.9396572827417,307.76,-0.99512789281243,1,0,0.0012239902080783353,1.8834761321909423,0.0,1538.8
C59774,1,72.6,72.6,1,6.0,1,2024-04-15,2024-04-15,1.0,0.0,1.0,Debit Card,Instagram,351,351,0.0,0,0.9609856262833676,75.54743589743589,72.6,-0.4275274056024025,0,0,0.002849002849002849,0.20683760683760682,1.0,72.6
C59823,1,640.28,640.28,4,5.0,1,2023-11-21,2023-11-21,0.0,0.0,0.0,Online,Email,497,497,0.0,0,1.3607118412046544,470.54782696177057,160.07,-0.6053593179042566,1,0,0.002012072434607646,1.2882897384305834,0.0,640.28
C60029,1,1524.36,1524.36,3,8.0,1,2023-01-06,2023-01-06,1.0,0.0,1.0,Credit Card,Referral,816,816,0.0,0,2.2340862422997945,682.3192279411765,508.12,-0.9939098660158416,1,0,0.0012254901960784314,1.8680882352941175,1.0,1524.36
C60037,1,1054.92,1054.92,2,3.0,1,2025-01-16,2025-01-16,1.0,0.0,1.0,Debit Card,Referral,75,75,0.0,0,0.2053388090349076,3943.4044713284898,527.46,-0.0913520097441031,0,0,0.013333333333333334,14.065600000000002,1.0,1054.92
C60042,1,1761.24,1761.24,4,6.0,1,2023-02-17,2023-02-17,1.0,0.0,0.0,Cash,Instagram,774,774,0.0,0,2.1190965092402463,831.1277906976745,440.31,-0.942752740559144,1,0,0.0012919896640826874,2.275503875968992,1.0,1761.24
C60178,1,1023.45,1023.45,3,4.0,1,2023-01-02,2023-01-02,0.0,0.0,1.0,Cash,Instagram,820,820,0.0,0,2.245037645448323,455.87208841463416,341.15000000000003,-0.998781973202194,1,0,0.0012195121951219512,1.2481097560975611,0.0,1023.45
C60190,1,1898.76,1898.76,4,6.0,1,2023-01-15,2023-01-15,1.0,0.0,1.0,Gift Card,Google,807,807,0.0,0,2.209445585215606,859.3830111524163,474.69,-0.9829476248465494,1,0,0.0012391573729863693,2.3528624535315985,1.0,1898.76
C60203,1,583.7,583.7,2,5.0,1,2024-05-27,2024-05-27,0.0,0.0,1.0,Cash,Instagram,309,309,0.0,0,0.8459958932238193,689.9560679611651,291.85,-0.3763702801457048,0,0,0.003236245954692557,1.8889967637540455,0.0,583.7
C60215,1,334.4,334.4,4,4.0,1,2024-11-05,2024-11-05,0.0,0.0,1.0,Debit Card,Facebook,147,147,0.0,0,0.4024640657084189,830.8816326530612,83.6,-0.179049939098442,0,0,0.006802721088435374,2.274829931972789,0.0,334.4
C60329,1,2476.75,2476.75,5,5.0,1,2024-04-26,2024-04-26,0.0,0.0,0.0,Credit Card,Facebook,340,340,0.0,0,0.9308692676249144,2660.6851102941177,495.35,-0.4141291108399341,0,0,0.0029411764705882353,7.284558823529411,0.0,2476.75
C60355,1,1000.58,1000.58,2,7.0,1,2024-09-14,2024-09-14,0.0,1.0,1.0,Online,Google,199,199,0.0,0,0.5448323066392882,1836.4916834170851,500.29,-0.2423873325210202,0,0,0.005025125628140704,5.028040201005025,1.0,1000.58
C60361,1,1948.1,1948.1,5,7.0,1,2024-06-16,2024-06-16,0.0,1.0,1.0,Cash,Facebook,289,289,0.0,0,0.7912388774811773,2462.088321799308,389.62,-0.352009744213944,0,0,0.0034602076124567475,6.740830449826989,1.0,1948.1
C60384,1,1484.28,1484.28,4,7.0,1,2023-10-05,2023-10-05,1.0,0.0,1.0,Cash,Facebook,544,544,0.0,0,1.4893908281998631,996.5685110294118,371.07,-0.6626065773438945,1,0,0.001838235294117647,2.7284558823529412,1.0,1484.28
C60547,1,257.0,257.0,1,5.0,1,2023-02-05,2023-02-05,1.0,0.0,0.0,Debit Card,Referral,786,786,0.0,0,2.1519507186858315,119.42652671755724,257.0,-0.9573690621182004,1,0,0.001272264631043257,0.32697201017811706,1.0,257.0
C60572,1,1497.63,1497.63,3,8.0,1,2023-12-14,2023-12-14,1.0,0.0,0.0,Online,Instagram,474,474,0.0,0,1.297741273100616,1154.028180379747,499.21,-0.5773447015827317,1,0,0.002109704641350211,3.1595569620253166,1.0,1497.63
C60575,1,1959.3,1959.3,5,6.0,1,2024-07-18,2024-07-18,0.0,0.0,0.0,Credit Card,Instagram,257,257,0.0,0,0.70362765229295,2784.569357976654,391.86,-0.3130328867231266,0,0,0.0038910505836575876,7.623735408560311,0.0,1959.3
C60672,1,423.4,423.4,1,3.0,1,2024-03-02,2024-03-02,0.0,0.0,0.0,Debit Card,Referral,395,395,0.0,0,1.08145106091718,391.5110126582279,423.4,-0.4811205846522763,1,0,0.002531645569620253,1.071898734177215,0.0,423.4
C60699,1,1235.85,1235.85,3,7.0,1,2024-01-14,2024-01-14,0.0,0.0,1.0,Credit Card,Referral,443,443,0.0,0,1.212867898699521,1018.9485609480812,411.95,-0.5395858708885023,1,0,0.002257336343115124,2.789729119638826,0.0,1235.85
C61070,1,951.56,951.56,2,2.0,1,2024-07-04,2024-07-04,0.0,0.0,1.0,Online,Google,271,271,0.0,0,0.7419575633127995,1282.4992250922508,475.78,-0.3300852618753592,0,0,0.0036900369003690036,3.511291512915129,0.0,951.56
C61090,1,2062.36,2062.36,4,7.0,1,2024-04-07,2024-04-07,0.0,0.0,1.0,Credit Card,Google,359,359,0.0,0,0.9828884325804244,2098.2645961002786,515.59,-0.4372716199751069,0,0,0.002785515320334262,5.744735376044568,0.0,2062.36
C61162,1,721.0,721.0,4,7.0,1,2024-07-13,2024-07-13,1.0,0.0,0.0,Debit Card,Facebook,262,262,0.0,0,0.7173169062286106,1005.1345419847328,180.25,-0.3191230207060668,0,0,0.003816793893129771,2.7519083969465647,1.0,721.0
C61225,1,1300.5,1300.5,2,6.0,1,2023-02-25,2023-02-25,0.0,1.0,0.0,Gift Card,Instagram,766,766,0.0,0,2.0971937029431897,620.1143929503916,650.25,-0.9330085261864396,1,0,0.0013054830287206266,1.697780678851175,1.0,1300.5
C61257,1,507.34,507.34,2,3.0,1,2024-07-05,2024-07-05,0.0,1.0,1.0,Cash,Facebook,270,270,0.0,0,0.7392197125256673,686.3182777777778,253.67,-0.3288672350787712,0,0,0.003703703703703704,1.8790370370370368,1.0,507.34
C61280,1,1472.22,1472.22,3,3.0,1,2024-05-24,2024-05-24,0.0,0.0,1.0,Cash,Email,312,312,0.0,0,0.8542094455852156,1723.4883173076923,490.74,-0.3800243605354689,0,0,0.003205128205128205,4.718653846153846,0.0,1472.22
C61384,1,802.3499999999999,802.3499999999999,3,5.0,1,2024-04-06,2024-04-06,0.0,0.0,1.0,Gift Card,Instagram,360,360,0.0,0,0.9856262833675564,814.0509374999999,267.45,-0.4384896467716949,0,0,0.002777777777777778,2.22875,0.0,802.3499999999999
C61440,1,583.9,583.9,1,1.0,1,2023-04-10,2023-04-10,0.0,1.0,0.0,Cash,Email,722,722,0.0,0,1.9767282683093768,295.3870844875346,583.9,-0.8794153471365659,1,0,0.0013850415512465374,0.8087257617728532,1.0,583.9
C61521,1,690.02,690.02,2,6.0,1,2024-05-12,2024-05-12,0.0,0.0,1.0,Credit Card,Google,324,324,0.0,0,0.8870636550308009,777.8697685185184,345.01,-0.3946406820945254,0,0,0.0030864197530864196,2.1296913580246914,0.0,690.02
C61549,1,1286.04,1286.04,4,9.0,1,2024-05-20,2024-05-20,0.0,1.0,0.0,Cash,Google,316,316,0.0,0,0.865160848733744,1486.4750316455695,321.51,-0.384896467721821,0,0,0.0031645569620253164,4.069746835443038,1.0,1286.04
C61618,1,488.8,488.8,4,7.0,1,2024-03-24,2024-03-24,0.0,0.0,1.0,Cash,Facebook,373,373,0.0,0,1.0212183436002735,478.6439678284183,122.2,-0.4543239951273394,1,0,0.002680965147453083,1.3104557640750671,0.0,488.8
C61668,1,139.28,139.28,2,6.0,1,2024-05-14,2024-05-14,0.0,1.0,0.0,Cash,Facebook,322,322,0.0,0,0.8815879534565366,157.9876397515528,69.64,-0.3922046285013493,0,0,0.003105590062111801,0.4325465838509317,1.0,139.28
C61773,1,981.12,981.12,4,6.0,1,2023-10-02,2023-10-02,0.0,0.0,1.0,Credit Card,Email,547,547,0.0,0,1.497604380561259,655.1262888482632,245.28,-0.6662606577336586,1,0,0.0018281535648994515,1.79363802559415,0.0,981.12
C61849,1,2311.28,2311.28,4,9.0,1,2024-12-10,2024-12-10,0.0,0.0,0.0,Credit Card,Google,112,112,0.0,0,0.3066392881587953,3943.4044713284898,577.82,-0.1364190012178606,0,0,0.008928571428571428,20.636428571428574,0.0,2311.28
C61957,1,483.38,483.38,1,6.0,1,2023-12-24,2023-12-24,0.0,0.0,1.0,Cash,Google,464,464,0.0,0,1.270362765229295,380.5054849137931,483.38,-0.5651644336168512,1,0,0.0021551724137931034,1.0417672413793104,0.0,483.38
C62042,1,1539.9,1539.9,5,10.0,1,2023-05-14,2023-05-14,0.0,0.0,0.0,Online,Facebook,688,688,0.0,0,1.8836413415468856,817.5123183139535,307.98,-0.8380024360525725,1,0,0.0014534883720930232,2.2382267441860466,0.0,1539.9
C62070,1,176.58,176.58,1,4.0,1,2025-03-12,2025-03-12,0.0,1.0,0.0,Debit Card,Referral,20,20,0.0,0,0.054757015742642,3224.7922500000004,176.58,-0.0243605359317608,0,0,0.05,8.829,1.0,176.58
C62277,1,309.88,309.88,4,7.0,1,2024-04-08,2024-04-08,0.0,1.0,1.0,Gift Card,Instagram,358,358,0.0,0,0.9801505817932924,316.1555027932961,77.47,-0.4360535931785188,0,0,0.002793296089385475,0.865586592178771,1.0,309.88
C62312,1,52.54,52.54,1,6.0,1,2024-10-06,2024-10-06,1.0,0.0,1.0,Debit Card,Facebook,177,177,0.0,0,0.4845995893223819,108.41940677966102,52.54,-0.2155907429960833,0,0,0.005649717514124294,0.2968361581920904,1.0,52.54
C62405,1,460.72,460.72,2,4.0,1,2024-12-19,2024-12-19,0.0,1.0,1.0,Online,Email,103,103,0.0,0,0.2819986310746064,1633.766796116505,230.36,-0.1254567600485682,0,0,0.009708737864077669,4.473009708737864,1.0,460.72
C62512,1,275.22,275.22,3,8.0,1,2024-09-10,2024-09-10,0.0,1.0,1.0,Debit Card,Referral,203,203,0.0,0,0.5557837097878165,495.1926354679804,91.74,-0.2472594397073724,0,0,0.0049261083743842365,1.3557635467980298,1.0,275.22
C62557,1,1232.64,1232.64,3,8.0,1,2023-01-13,2023-01-13,0.0,0.0,1.0,Cash,Instagram,809,809,0.0,0,2.21492128678987,556.5163906056861,410.88000000000005,-0.9853836784397256,1,0,0.0012360939431396785,1.5236588380716936,0.0,1232.64
C62622,1,562.61,562.61,1,3.0,1,2025-03-28,2025-03-28,0.0,0.0,1.0,Credit Card,Facebook,4,4,0.0,0,0.0109514031485284,3943.4044713284898,562.61,-0.0048721071863521,0,0,0.25,140.6525,0.0,562.61
C62627,1,41.09,41.09,1,4.0,1,2023-03-18,2023-03-18,0.0,1.0,1.0,Online,Email,745,745,0.0,0,2.0396988364134154,20.145130872483225,41.09,-0.9074299634580908,1,0,0.0013422818791946308,0.05515436241610739,1.0,41.09
C62656,1,873.72,873.72,4,9.0,1,2025-01-25,2025-01-25,1.0,0.0,1.0,Credit Card,Email,66,66,0.0,0,0.1806981519507187,3943.4044713284898,218.43,-0.0803897685748107,0,0,0.015151515151515152,13.238181818181818,1.0,873.72
C62661,1,1147.11,1147.11,3,8.0,1,2023-06-12,2023-06-12,0.0,1.0,0.0,Debit Card,Instagram,659,659,0.0,0,1.8042436687200547,635.7844119878604,382.37,-0.8026796589515193,1,0,0.0015174506828528073,1.7406828528072835,1.0,1147.11
C62666,1,322.5,322.5,5,8.0,1,2024-02-01,2024-02-01,0.0,0.0,1.0,Credit Card,Instagram,425,425,0.0,0,1.163586584531143,277.1602941176471,64.5,-0.5176613885499176,1,0,0.002352941176470588,0.7588235294117647,0.0,322.5
C62740,1,424.4,424.4,1,6.0,1,2023-02-27,2023-02-27,0.0,0.0,1.0,Online,Referral,764,764,0.0,0,2.0917180013689256,202.8954188481675,424.4,-0.9305724725932636,1,0,0.0013089005235602095,0.5554973821989528,0.0,424.4
C63150,1,410.91,410.91,3,4.0,1,2024-10-18,2024-10-18,0.0,1.0,1.0,Credit Card,Referral,165,165,0.0,0,0.4517453798767967,909.6053181818182,136.97,-0.2009744214370268,0,0,0.006060606060606061,2.4903636363636363,1.0,410.91
C63153,1,2199.04,2199.04,4,4.0,1,2023-10-03,2023-10-03,0.0,0.0,1.0,Debit Card,Facebook,546,546,0.0,0,1.4948665297741273,1471.0610989010988,549.76,-0.6650426309370706,1,0,0.0018315018315018315,4.027545787545788,0.0,2199.04
C63365,1,1098.9,1098.9,5,8.0,1,2023-08-04,2023-08-04,0.0,0.0,0.0,Credit Card,Facebook,606,606,0.0,0,1.659137577002053,662.3320544554456,219.78000000000003,-0.7381242387323531,1,0,0.0016501650165016502,1.8133663366336634,0.0,1098.9
C63372,1,2428.55,2428.55,5,10.0,1,2024-03-12,2024-03-12,0.0,0.0,1.0,Online,Referral,385,385,0.0,0,1.054072553045859,2303.968538961039,485.71,-0.4689403166863959,1,0,0.0025974025974025974,6.307922077922078,0.0,2428.55
C63378,1,512.39,512.39,1,2.0,1,2024-04-18,2024-04-18,0.0,0.0,1.0,Online,Instagram,348,348,0.0,0,0.9527720739219712,537.7886422413793,512.39,-0.4238733252126384,0,0,0.0028735632183908046,1.4723850574712642,0.0,512.39
C63619,1,1857.63,1857.63,3,6.0,1,2024-04-22,2024-04-22,1.0,0.0,0.0,Debit Card,Email,344,344,0.0,0,0.9418206707734428,1972.3818531976744,619.21,-0.4190012180262862,0,0,0.0029069767441860465,5.400087209302326,1.0,1857.63
C63657,1,1274.67,1274.67,3,6.0,1,2025-02-28,2025-02-28,1.0,0.0,1.0,Debit Card,Google,32,32,0.0,0,0.0876112251882272,3943.4044713284898,424.89,-0.0389768574908173,0,0,0.03125,39.8334375,1.0,1274.67
C63727,1,724.28,724.28,2,2.0,1,2024-12-27,2024-12-27,0.0,0.0,1.0,Debit Card,Instagram,95,95,0.0,0,0.2600958247775496,2784.666,362.14,-0.1157125456758639,0,0,0.010526315789473684,7.624,0.0,724.28
C63822,1,507.56,507.56,4,9.0,1,2023-11-25,2023-11-25,0.0,0.0,1.0,Cash,Instagram,493,493,0.0,0,1.349760438056126,376.0370993914808,126.89,-0.6004872107179045,1,0,0.002028397565922921,1.0295334685598376,0.0,507.56
C64128,1,284.64,284.64,3,8.0,1,2025-02-09,2025-02-09,0.0,0.0,0.0,Gift Card,Referral,51,51,0.0,0,0.1396303901437371,2038.524705882353,94.88,-0.0621193666259901,0,0,0.0196078431372549,5.581176470588235,0.0,284.64
C64160,1,330.98,330.98,2,4.0,1,2023-08-28,2023-08-28,0.0,0.0,1.0,Online,Instagram,582,582,0.0,0,1.593429158110883,207.7155412371134,165.49,-0.7088915956142401,1,0,0.001718213058419244,0.5686941580756014,0.0,330.98
C64502,1,1600.05,1600.05,5,6.0,1,2024-07-02,2024-07-02,0.0,0.0,0.0,Gift Card,Referral,273,273,0.0,0,0.7474332648870636,2140.726236263736,320.01,-0.3325213154685353,0,0,0.003663003663003663,5.860989010989011,0.0,1600.05
C64516,1,1517.37,1517.37,3,3.0,1,2023-07-19,2023-07-19,0.0,0.0,1.0,Debit Card,Referral,622,622,0.0,0,1.702943189596167,891.0279622186495,505.79,-0.7576126674777618,1,0,0.001607717041800643,2.4395016077170415,0.0,1517.37
C64549,1,1006.1,1006.1,5,6.0,1,2023-08-24,2023-08-24,0.0,0.0,1.0,Debit Card,Facebook,586,586,0.0,0,1.6043805612594113,627.0956058020478,201.22,-0.7137637028005922,1,0,0.0017064846416382253,1.7168941979522185,0.0,1006.1
C64554,1,410.52,410.52,3,4.0,1,2023-08-31,2023-08-31,0.0,0.0,1.0,Online,Facebook,579,579,0.0,0,1.5852156057494866,258.9679274611399,136.84,-0.705237515224476,1,0,0.0017271157167530224,0.7090155440414507,0.0,410.52
C64579,1,234.37,234.37,1,5.0,1,2025-02-07,2025-02-07,0.0,0.0,1.0,Debit Card,Email,53,53,0.0,0,0.1451060917180013,1615.163066037736,234.37,-0.0645554202191661,0,0,0.018867924528301886,4.422075471698113,0.0,234.37
C64638,1,527.57,527.57,1,3.0,1,2023-02-26,2023-02-26,0.0,0.0,1.0,Debit Card,Facebook,765,765,0.0,0,2.0944558521560577,251.8888137254902,527.57,-0.9317904993898516,1,0,0.00130718954248366,0.6896339869281046,0.0,527.57
C64641,1,2119.65,2119.65,5,5.0,1,2024-01-07,2024-01-07,0.0,1.0,1.0,Debit Card,Facebook,450,450,0.0,0,1.2320328542094456,1720.44925,423.93,-0.5481120584646186,1,0,0.0022222222222222222,4.710333333333334,1.0,2119.65
C64753,1,1050.08,1050.08,4,4.0,1,2024-08-22,2024-08-22,1.0,0.0,1.0,Debit Card,Instagram,222,222,0.0,0,0.6078028747433265,1727.6654054054052,262.52,-0.2704019488425452,0,0,0.0045045045045045045,4.73009009009009,1.0,1050.08
C64935,1,304.11,304.11,1,2.0,1,2024-09-06,2024-09-06,0.0,0.0,1.0,Gift Card,Referral,207,207,0.0,0,0.5667351129363449,536.5998913043479,304.11,-0.2521315468937246,0,0,0.004830917874396135,1.4691304347826089,0.0,304.11
C65021,1,809.92,809.92,2,4.0,1,2024-05-04,2024-05-04,0.0,0.0,1.0,Cash,Email,332,332,0.0,0,0.9089664613278576,891.0339759036144,404.96,-0.4043848964672297,0,0,0.0030120481927710845,2.4395180722891565,0.0,809.92
C65083,1,2631.16,2631.16,4,6.0,1,2025-02-18,2025-02-18,0.0,1.0,1.0,Credit Card,Google,42,42,0.0,0,0.1149897330595482,3943.4044713284898,657.79,-0.0511571254566977,0,0,0.023809523809523808,62.64666666666666,1.0,2631.16
C65107,1,70.24,70.24,1,4.0,1,2024-09-08,2024-09-08,1.0,0.0,1.0,Credit Card,Google,205,205,0.0,0,0.5612594113620808,125.1471219512195,70.24,-0.2496954933005485,0,0,0.004878048780487805,0.3426341463414634,1.0,70.24
C65180,1,858.16,858.16,4,7.0,1,2024-04-04,2024-04-04,1.0,0.0,0.0,Gift Card,Referral,362,362,0.0,0,0.9911019849418208,865.8644751381215,214.54,-0.440925700364871,0,0,0.0027624309392265192,2.37060773480663,1.0,858.16
C65251,1,1168.35,1168.35,5,10.0,1,2024-09-23,2024-09-23,0.0,0.0,0.0,Cash,Referral,190,190,0.0,0,0.5201916495550992,2245.999144736842,233.67,-0.2314250913517278,0,0,0.005263157894736842,6.149210526315789,0.0,1168.35
C65414,1,595.42,595.42,2,7.0,1,2025-04-01,2025-04-01,0.0,0.0,1.0,Online,Referral,0,0,0.0,0,0.0027378507871321,3943.4044713284898,297.71,0.0,0,0,0.0,0.0,0.0,595.42
C65497,1,163.32,163.32,1,6.0,1,2023-11-18,2023-11-18,0.0,0.0,1.0,Cash,Facebook,500,500,0.0,0,1.3689253935660506,119.30526,163.32,-0.6090133982940207,1,0,0.002,0.32664,0.0,163.32
C65524,1,1919.1,1919.1,5,7.0,1,2025-01-20,2025-01-20,0.0,1.0,1.0,Credit Card,Google,71,71,0.0,0,0.1943874058863792,3943.4044713284898,383.82,-0.0864799025577509,0,0,0.014084507042253521,27.02957746478873,1.0,1919.1
C65565,1,402.15,402.15,3,3.0,1,2024-02-13,2024-02-13,0.0,0.0,0.0,Credit Card,Google,413,413,0.0,0,1.1307323750855578,355.6544491525424,134.04999999999998,-0.503045066990861,1,0,0.002421307506053269,0.973728813559322,0.0,402.15
C65744,1,582.04,582.04,1,1.0,1,2024-07-30,2024-07-30,0.0,0.0,1.0,Gift Card,Email,245,245,0.0,0,0.6707734428473648,867.7147346938775,582.04,-0.2984165651640701,0,0,0.004081632653061225,2.375673469387755,0.0,582.04
C65799,1,2260.8,2260.8,4,9.0,1,2024-01-05,2024-01-05,0.0,0.0,1.0,Debit Card,Google,452,452,0.0,0,1.2375085557837098,1826.8964601769912,565.2,-0.5505481120577947,1,0,0.0022123893805309734,5.001769911504425,0.0,2260.8
C65890,1,1577.85,1577.85,5,6.0,1,2024-01-08,2024-01-08,0.0,0.0,1.0,Debit Card,Email,449,449,0.0,0,1.2292950034223136,1283.5405623608017,315.57,-0.5468940316680306,1,0,0.0022271714922048997,3.5141425389755008,0.0,1577.85
C65905,1,950.4,950.4,5,9.0,1,2024-01-17,2024-01-17,0.0,0.0,1.0,Cash,Instagram,440,440,0.0,0,1.2046543463381243,788.9400000000002,190.08,-0.5359317904987382,1,0,0.0022727272727272726,2.16,0.0,950.4
C65986,1,3339.1000000000004,3320.9700000000003,5,5.0,1,2024-07-01,2024-07-01,0.0,1.0,1.0,Gift Card,Facebook,274,274,0.0,0,0.7501711156741958,3943.4044713284898,670.48,-0.3337393422651233,0,0,0.0036496350364963502,12.186496350364965,1.0,3339.1000000000004
C66078,1,1101.12,1101.12,4,9.0,1,2023-10-02,2023-10-02,0.0,0.0,1.0,Gift Card,Facebook,547,547,0.0,0,1.497604380561259,735.2542595978061,275.28,-0.6662606577336586,1,0,0.0018281535648994515,2.013016453382084,0.0,1101.12
C66093,1,2595.64,2595.64,4,6.0,1,2023-06-28,2023-06-28,0.0,0.0,1.0,Credit Card,Instagram,643,643,0.0,0,1.7604380561259412,1474.4284758942456,648.91,-0.7831912302061106,1,0,0.0015552099533437014,4.036765163297045,0.0,2595.64
C66112,1,1866.8,1866.8,4,8.0,1,2024-02-23,2024-02-23,0.0,1.0,0.0,Debit Card,Instagram,403,403,0.0,0,1.103353867214237,1691.932258064516,466.7,-0.4908647990249807,1,0,0.0024813895781637717,4.632258064516129,1.0,1866.8
C66116,1,322.45,322.45,5,7.0,1,2025-03-21,2025-03-21,1.0,0.0,0.0,Online,Facebook,11,11,0.0,0,0.0301163586584531,3943.4044713284898,64.49,-0.0133982947624684,0,0,0.09090909090909091,29.313636363636363,1.0,322.45
C66149,1,1537.28,1537.28,4,6.0,1,2024-12-13,2024-12-13,0.0,0.0,1.0,Credit Card,Google,109,109,0.0,0,0.298425735797399,3943.4044713284898,384.32,-0.1327649208280965,0,0,0.009174311926605505,14.10348623853211,0.0,1537.28
C66196,1,796.9,796.9,2,7.0,1,2024-09-28,2024-09-28,1.0,0.0,1.0,Debit Card,Google,185,185,0.0,0,0.5065023956194388,1573.3390540540538,398.45,-0.2253349573687876,0,0,0.005405405405405406,4.307567567567568,1.0,796.9
C66254,1,515.32,515.32,1,1.0,1,2024-04-20,2024-04-20,1.0,0.0,1.0,Gift Card,Email,346,346,0.0,0,0.947296372347707,543.990260115607,515.32,-0.4214372716194623,0,0,0.002890173410404624,1.489364161849711,1.0,515.32
C66332,1,1907.94,1907.94,3,5.0,1,2023-03-10,2023-03-10,0.0,1.0,0.0,Cash,Referral,753,753,0.0,0,2.0616016427104724,925.464920318725,635.98,-0.9171741778307952,1,0,0.0013280212483399733,2.533784860557769,1.0,1907.94
C66349,1,565.85,565.85,1,1.0,1,2023-03-05,2023-03-05,0.0,1.0,1.0,Gift Card,Facebook,758,758,0.0,0,2.0752908966461328,272.66057058047494,565.85,-0.9232643118137354,1,0,0.0013192612137203166,0.7465039577836412,1.0,565.85
C66438,1,90.27,90.27,1,5.0,1,2024-06-09,2024-06-09,0.0,0.0,1.0,Cash,Facebook,296,296,0.0,0,0.810403832991102,111.38891047297297,90.27,-0.3605359317900602,0,0,0.0033783783783783786,0.3049662162162162,0.0,90.27
C66462,1,1739.6,1739.6,5,6.0,1,2023-01-18,2023-01-18,0.0,0.0,1.0,Cash,Google,804,804,0.0,0,2.2012320328542097,790.2847014925372,347.92,-0.9792935444567852,1,0,0.0012437810945273632,2.1636815920398007,0.0,1739.6
C66521,1,1600.28,1600.28,4,5.0,1,2024-06-13,2024-06-13,0.0,0.0,0.0,Online,Referral,292,292,0.0,0,0.7994524298425736,2001.720102739726,400.07,-0.3556638246037081,0,0,0.003424657534246575,5.48041095890411,0.0,1600.28
C66567,1,79.02,79.02,2,5.0,1,2024-06-19,2024-06-19,0.0,0.0,0.0,Online,Facebook,286,286,0.0,0,0.783025325119781,100.91627622377622,39.51,-0.3483556638241798,0,0,0.0034965034965034965,0.27629370629370625,0.0,79.02
C66840,1,2313.08,2313.08,4,9.0,1,2023-10-15,2023-10-15,0.0,0.0,1.0,Online,Email,534,534,0.0,0,1.462012320328542,1582.1207303370786,578.27,-0.6504263093780142,1,0,0.0018726591760299626,4.331610486891385,0.0,2313.08
C66906,1,518.64,518.64,2,2.0,1,2024-04-25,2024-04-25,0.0,0.0,1.0,Gift Card,Referral,341,341,0.0,0,0.9336071184120466,555.5227565982404,259.32,-0.4153471376365221,0,0,0.002932551319648094,1.5209384164222874,0.0,518.64
C67195,1,2306.08,2306.08,4,5.0,1,2023-01-07,2023-01-07,0.0,0.0,1.0,Credit Card,Facebook,815,815,0.0,0,2.2313483915126624,1033.4916809815952,576.52,-0.9926918392192536,1,0,0.001226993865030675,2.8295460122699385,0.0,2306.08
C67260,1,3339.1000000000004,3320.9700000000003,5,7.0,1,2023-05-02,2023-05-02,0.0,0.0,1.0,Gift Card,Facebook,700,700,0.0,0,1.9164955509924708,1769.2710000000002,678.1600000000001,-0.852618757611629,1,0,0.0014285714285714286,4.770142857142858,0.0,3339.1000000000004
C67528,1,1185.12,1185.12,4,5.0,1,2024-11-24,2024-11-24,0.0,0.0,1.0,Gift Card,Email,128,128,0.0,0,0.3504449007529089,3381.7584375,296.28,-0.1559074299632693,0,0,0.0078125,9.25875,0.0,1185.12
C67533,1,26.95,26.95,1,1.0,1,2024-03-20,2024-03-20,0.0,0.0,1.0,Cash,Email,377,377,0.0,0,1.0321697467488022,26.11004641909814,26.95,-0.4591961023136916,1,0,0.002652519893899204,0.07148541114058356,0.0,26.95
C67551,1,1955.12,1955.12,4,5.0,1,2024-05-18,2024-05-18,0.0,1.0,1.0,Online,Google,318,318,0.0,0,0.8706365503080082,2245.6213207547166,488.78,-0.3873325213149972,0,0,0.0031446540880503146,6.14817610062893,1.0,1955.12
C67561,1,1660.56,1660.56,3,4.0,1,2023-03-14,2023-03-14,0.0,0.0,1.0,Gift Card,Facebook,749,749,0.0,0,2.050650239561944,809.7724165554073,553.52,-0.912302070644443,1,0,0.0013351134846461949,2.2170360480640854,0.0,1660.56
C67604,1,279.38,279.38,2,7.0,1,2024-01-22,2024-01-22,0.0,1.0,1.0,Online,Email,435,435,0.0,0,1.1909650924024642,234.58286206896548,139.69,-0.529841656515798,1,0,0.0022988505747126436,0.6422528735632184,1.0,279.38
C67687,1,868.6,868.6,2,7.0,1,2023-07-09,2023-07-09,0.0,0.0,1.0,Cash,Instagram,632,632,0.0,0,1.730321697467488,501.9875791139241,434.3,-0.7697929354436421,1,0,0.0015822784810126582,1.374367088607595,0.0,868.6
C67818,1,442.39,442.39,1,6.0,1,2023-11-23,2023-11-23,0.0,0.0,1.0,Gift Card,Facebook,495,495,0.0,0,1.3552361396303902,326.4301969696969,442.39,-0.6029232643110805,1,0,0.00202020202020202,0.8937171717171717,0.0,442.39
C67870,1,1648.8,1648.8,4,6.0,1,2024-02-08,2024-02-08,0.0,0.0,1.0,Credit Card,Referral,418,418,0.0,0,1.1444216290212184,1440.7277511961722,412.2,-0.5091352009738013,1,0,0.0023923444976076554,3.9444976076555025,0.0,1648.8
C67932,1,514.98,514.98,3,7.0,1,2024-12-19,2024-12-19,0.0,0.0,0.0,Debit Card,Google,103,103,0.0,0,0.2819986310746064,1826.1790776699029,171.66,-0.1254567600485682,0,0,0.009708737864077669,4.999805825242719,0.0,514.98
C67936,1,1072.5,1072.5,2,3.0,1,2024-10-16,2024-10-16,0.0,0.0,0.0,Debit Card,Email,167,167,0.0,0,0.4572210814510609,2345.692365269461,536.25,-0.2034104750302029,0,0,0.005988023952095809,6.422155688622754,0.0,1072.5
C68078,1,987.76,987.76,2,7.0,1,2023-02-22,2023-02-22,0.0,1.0,1.0,Credit Card,Instagram,769,769,0.0,0,2.105407255304586,469.1538881664499,493.88,-0.9366626065762038,1,0,0.0013003901170351106,1.2844733420026007,1.0,987.76
C68266,1,1960.89,1960.89,3,7.0,1,2024-07-26,2024-07-26,0.0,0.0,1.0,Online,Email,249,249,0.0,0,0.6817248459958932,2876.365753012048,653.63,-0.3032886723504223,0,0,0.004016064257028112,7.8750602409638555,0.0,1960.89
C68508,1,123.28,123.28,1,3.0,1,2024-07-09,2024-07-09,0.0,0.0,1.0,Credit Card,Email,266,266,0.0,0,0.7282683093771389,169.27827067669173,123.28,-0.323995127892419,0,0,0.0037593984962406013,0.46345864661654135,0.0,123.28
C68553,1,742.41,742.41,3,4.0,1,2025-03-23,2025-03-23,0.0,0.0,1.0,Online,Facebook,9,9,0.0,0,0.0246406570841889,3943.4044713284898,247.47,-0.0109622411692923,0,0,0.1111111111111111,82.49,0.0,742.41
C68609,1,1330.32,1330.32,3,3.0,1,2024-10-22,2024-10-22,0.0,0.0,1.0,Gift Card,Google,161,161,0.0,0,0.4407939767282683,3018.0085714285715,443.44,-0.1961023142506746,0,0,0.006211180124223602,8.262857142857143,0.0,1330.32
C68936,1,1662.75,1662.75,3,6.0,1,2023-04-14,2023-04-14,0.0,0.0,1.0,Debit Card,Referral,718,718,0.0,0,1.9657768651608487,845.8487987465181,554.25,-0.8745432399502138,1,0,0.001392757660167131,2.3158077994428967,0.0,1662.75
C68937,1,850.06,850.06,2,2.0,1,2023-02-15,2023-02-15,0.0,1.0,1.0,Cash,Google,776,776,0.0,0,2.1245722108145104,400.1087822164948,425.03,-0.9451887941523202,1,0,0.001288659793814433,1.0954381443298968,1.0,850.06
C69009,1,2280.3,2280.3,5,10.0,1,2023-08-07,2023-08-07,0.0,0.0,0.0,Cash,Instagram,603,603,0.0,0,1.6509240246406571,1381.2264925373136,456.06000000000006,-0.734470158342589,1,0,0.001658374792703151,3.7815920398009952,0.0,2280.3
C69021,1,1874.52,1874.52,3,8.0,1,2023-03-26,2023-03-26,1.0,0.0,1.0,Credit Card,Facebook,737,737,0.0,0,2.0177960301163584,928.9937991858887,624.84,-0.8976857490853866,1,0,0.0013568521031207597,2.543446404341927,1.0,1874.52
C69149,1,1062.98,1062.98,2,7.0,1,2023-10-14,2023-10-14,0.0,0.0,1.0,Credit Card,Facebook,535,535,0.0,0,1.4647501711156743,725.7073738317756,531.49,-0.6516443361746022,1,0,0.001869158878504673,1.9868785046728972,0.0,1062.98
C69167,1,165.03,165.03,3,7.0,1,2023-10-20,2023-10-20,0.0,0.0,1.0,Online,Email,529,529,0.0,0,1.4483230663928817,113.9455718336484,55.01,-0.6443361753950739,1,0,0.001890359168241966,0.31196597353497163,0.0,165.03
C69168,1,21.19,21.19,1,5.0,1,2023-08-21,2023-08-21,0.0,1.0,1.0,Cash,Google,589,589,0.0,0,1.6125941136208075,13.140318336162988,21.19,-0.7174177831903564,1,0,0.001697792869269949,0.03597623089983022,1.0,21.19
C69213,1,2579.84,2579.84,4,7.0,1,2024-09-07,2024-09-07,0.0,0.0,1.0,Credit Card,Email,206,206,0.0,0,0.5639972621492129,3943.4044713284898,644.96,-0.2509135200971365,0,0,0.0048543689320388345,12.523495145631069,0.0,2579.84
C69332,1,1695.75,1695.75,3,7.0,1,2023-05-20,2023-05-20,0.0,1.0,1.0,Debit Card,Email,682,682,0.0,0,1.8672142368240927,908.1710960410556,565.25,-0.8306942752730442,1,0,0.001466275659824047,2.4864369501466275,1.0,1695.75
C69396,1,1808.25,1808.25,3,6.0,1,2025-03-15,2025-03-15,0.0,0.0,1.0,Credit Card,Email,17,17,0.0,0,0.0465434633812457,3943.4044713284898,602.75,-0.0207064555419967,0,0,0.058823529411764705,106.36764705882354,0.0,1808.25
C69471,1,1448.24,1448.24,4,4.0,1,2024-10-11,2024-10-11,0.0,1.0,0.0,Debit Card,Facebook,172,172,0.0,0,0.4709103353867214,3075.405,362.06,-0.2095006090131431,0,0,0.005813953488372093,8.42,1.0,1448.24
C69476,1,996.28,996.28,4,5.0,1,2023-01-10,2023-01-10,0.0,1.0,1.0,Credit Card,Referral,812,812,0.0,0,2.223134839151266,448.1419581280789,249.07,-0.9890377588294896,1,0,0.0012315270935960591,1.2269458128078818,1.0,996.28
C69542,1,422.54,422.54,1,1.0,1,2024-01-23,2024-01-23,0.0,0.0,1.0,Cash,Google,434,434,0.0,0,1.188227241615332,355.60538018433186,422.54,-0.52862362971921,1,0,0.002304147465437788,0.973594470046083,0.0,422.54
C70148,1,2647.75,2647.75,5,10.0,1,2023-07-05,2023-07-05,0.0,0.0,0.0,Gift Card,Facebook,636,636,0.0,0,1.7412731006160165,1520.582841981132,529.55,-0.7746650426299944,1,0,0.0015723270440251573,4.16312893081761,0.0,2647.75
C70246,1,476.22,476.22,3,7.0,1,2023-07-27,2023-07-27,0.0,0.0,1.0,Online,Instagram,614,614,0.0,0,1.68104038329911,283.288851791531,158.74,-0.7478684531050575,1,0,0.0016286644951140066,0.7756026058631922,0.0,476.22
C70315,1,2024.44,2024.44,4,5.0,1,2023-11-12,2023-11-12,1.0,0.0,0.0,Cash,Referral,506,506,0.0,0,1.3853524982888432,1461.3176086956523,506.11,-0.6163215590735489,1,0,0.001976284584980237,4.000869565217392,1.0,2024.44
C70352,1,626.6,626.6,1,4.0,1,2025-02-10,2025-02-10,0.0,1.0,1.0,Gift Card,Facebook,50,50,0.0,0,0.136892539356605,3943.4044713284898,626.6,-0.060901339829402,0,0,0.02,12.532,1.0,626.6
C70437,1,2620.72,2620.72,4,5.0,1,2023-11-24,2023-11-24,0.0,0.0,0.0,Online,Facebook,494,494,0.0,0,1.352498288843258,1937.6882186234816,655.18,-0.6017052375144925,1,0,0.0020242914979757085,5.305101214574899,0.0,2620.72
C70452,1,1265.28,1265.28,4,7.0,1,2024-06-29,2024-06-29,0.0,0.0,0.0,Debit Card,Facebook,276,276,0.0,0,0.75564681724846,1674.433043478261,316.32,-0.3361753958582994,0,0,0.0036231884057971015,4.584347826086956,0.0,1265.28
C70495,1,114.14,114.14,2,3.0,1,2024-06-07,2024-06-07,0.0,1.0,1.0,Debit Card,Instagram,298,298,0.0,0,0.8158795345653662,139.89810402684563,57.07,-0.3629719853832363,0,0,0.003355704697986577,0.3830201342281879,1.0,114.14
C70506,1,454.23,454.23,1,3.0,1,2023-02-25,2023-02-25,0.0,1.0,0.0,Gift Card,Facebook,766,766,0.0,0,2.0971937029431897,216.58943537859008,454.23,-0.9330085261864396,1,0,0.0013054830287206266,0.5929895561357703,1.0,454.23
C70529,1,105.92,105.92,1,6.0,1,2023-05-18,2023-05-18,0.0,1.0,1.0,Gift Card,Email,684,684,0.0,0,1.8726899383983573,56.56035087719298,105.92,-0.8331303288662203,1,0,0.0014619883040935672,0.15485380116959063,1.0,105.92
C70566,1,2682.9,2682.9,5,5.0,1,2023-12-28,2023-12-28,0.0,0.0,1.0,Gift Card,Google,460,460,0.0,0,1.2594113620807663,2130.280923913044,536.58,-0.5602923264304991,1,0,0.002173913043478261,5.832391304347826,0.0,2682.9
C70613,1,2323.7,2323.7,5,7.0,1,2023-01-20,2023-01-20,0.0,0.0,0.0,Gift Card,Referral,802,802,0.0,0,2.195756331279945,1058.2686097256858,464.74,-0.9768574908636092,1,0,0.0012468827930174563,2.897381546134663,0.0,2323.7
C70633,1,367.34,367.34,2,3.0,1,2024-04-07,2024-04-07,1.0,0.0,1.0,Online,Google,359,359,0.0,0,0.9828884325804244,373.7351949860724,183.67,-0.4372716199751069,0,0,0.002785515320334262,1.0232311977715878,1.0,367.34
C70659,1,1853.96,926.98,7,6.5,1,2023-08-20,2025-03-01,0.5,0.5,0.5,Gift Card,Email,31,590,559.0,1,1.6153319644079398,1147.72693220339,231.745,0.4987819732028029,0,1,0.001694915254237288,3.1423050847457628,1.0,1853.96
C70921,1,457.08,457.08,2,3.0,1,2023-01-14,2023-01-14,0.0,0.0,0.0,Debit Card,Email,808,808,0.0,0,2.212183436002738,206.6193935643564,228.54,-0.9841656516431374,1,0,0.0012376237623762376,0.5656930693069306,0.0,457.08
C70999,1,433.32,433.32,2,6.0,1,2024-04-17,2024-04-17,0.0,0.0,1.0,Debit Card,Instagram,349,349,0.0,0,0.9555099247091032,453.49607449856734,216.66,-0.4250913520092264,0,0,0.0028653295128939827,1.2416045845272206,0.0,433.32
C71035,1,436.77,436.77,1,5.0,1,2024-08-03,2024-08-03,0.0,1.0,1.0,Cash,Google,241,241,0.0,0,0.6598220396988365,661.951213692946,436.77,-0.293544457977718,0,0,0.004149377593360996,1.812323651452282,1.0,436.77
C71040,1,1739.4,1739.4,4,4.0,1,2023-03-25,2023-03-25,0.0,0.0,1.0,Credit Card,Google,738,738,0.0,0,2.020533880903491,860.8615853658537,434.85,-0.8989037758819746,1,0,0.0013550135501355014,2.356910569105691,0.0,1739.4
C71076,1,511.98,511.98,2,4.0,1,2023-11-14,2023-11-14,0.0,0.0,1.0,Credit Card,Instagram,504,504,0.0,0,1.379876796714579,371.033125,255.99,-0.6138855054803729,1,0,0.001984126984126984,1.0158333333333334,0.0,511.98
C71122,1,634.4,634.4,1,6.0,1,2023-04-20,2023-04-20,1.0,0.0,1.0,Cash,Email,712,712,0.0,0,1.949349760438056,325.44185393258425,634.4,-0.8672350791706854,1,0,0.0014044943820224719,0.8910112359550562,1.0,634.4
C71310,1,2922.3,2922.3,5,8.0,1,2024-06-07,2024-06-07,0.0,1.0,0.0,Credit Card,Email,298,298,0.0,0,0.8158795345653662,3581.778775167785,584.46,-0.3629719853832363,0,0,0.003355704697986577,9.806375838926176,1.0,2922.3
C71471,1,595.54,595.54,1,4.0,1,2024-05-15,2024-05-15,0.0,0.0,0.0,Gift Card,Instagram,321,321,0.0,0,0.8788501026694046,677.6354672897196,595.54,-0.3909866017047613,0,0,0.003115264797507788,1.855264797507788,0.0,595.54
C71473,1,1709.2,1709.2,5,8.0,1,2024-06-05,2024-06-05,0.0,0.0,1.0,Online,Instagram,300,300,0.0,0,0.8213552361396304,2080.951,341.84000000000003,-0.3654080389764124,0,0,0.0033333333333333335,5.697333333333334,0.0,1709.2
C71486,1,1407.96,1407.96,3,3.0,1,2023-08-10,2023-08-10,0.0,0.0,0.0,Debit Card,Google,600,600,0.0,0,1.6427104722792607,857.0956500000001,469.32,-0.7308160779528249,1,0,0.0016666666666666668,2.3466,0.0,1407.96
C71570,1,2137.92,2137.92,4,9.0,1,2024-12-18,2024-12-18,0.0,1.0,1.0,Online,Instagram,104,104,0.0,0,0.2847364818617385,3943.4044713284898,534.48,-0.1266747868451563,0,0,0.009615384615384616,20.556923076923077,1.0,2137.92
C71680,1,2270.28,2270.28,4,9.0,1,2024-06-30,2024-06-30,0.0,0.0,1.0,Debit Card,Google,275,275,0.0,0,0.7529089664613279,3015.3446181818185,567.57,-0.3349573690617113,0,0,0.0036363636363636364,8.255563636363638,0.0,2270.28
C71899,1,2004.99,2004.99,3,4.0,1,2023-09-24,2023-09-24,0.0,0.0,1.0,Gift Card,Facebook,555,555,0.0,0,1.5195071868583163,1319.5001756756756,668.33,-0.676004872106363,1,0,0.0018018018018018018,3.6125945945945945,0.0,2004.99
C72007,1,1298.55,1298.55,3,4.0,1,2024-02-28,2024-02-28,0.0,0.0,0.0,Online,Instagram,398,398,0.0,0,1.0896646132785763,1191.696953517588,432.85,-0.4847746650420405,1,0,0.002512562814070352,3.262688442211055,0.0,1298.55
C72043,1,394.53,394.53,1,2.0,1,2024-06-04,2024-06-04,0.0,0.0,1.0,Cash,Referral,301,301,0.0,0,0.8240930869267625,478.7444601328903,394.53,-0.3666260657730004,0,0,0.0033222591362126247,1.3107308970099667,0.0,394.53
C72166,1,314.38,314.38,1,6.0,1,2024-02-11,2024-02-11,0.0,1.0,0.0,Online,Google,415,415,0.0,0,1.136208076659822,276.69227710843376,314.38,-0.5054811205840372,1,0,0.0024096385542168677,0.7575421686746988,1.0,314.38
C72241,1,2709.48,2709.48,4,8.0,1,2023-04-30,2023-04-30,0.0,0.0,1.0,Cash,Google,702,702,0.0,0,1.9219712525667352,1409.7401282051285,677.37,-0.8550548112048051,1,0,0.0014245014245014246,3.85965811965812,0.0,2709.48
C72290,1,556.2,556.2,3,7.0,1,2024-10-24,2024-10-24,1.0,0.0,0.0,Gift Card,Facebook,159,159,0.0,0,0.4353182751540041,1277.6858490566035,185.4,-0.1936662606574986,0,0,0.006289308176100629,3.49811320754717,1.0,556.2
C72293,1,688.02,688.02,3,6.0,1,2023-11-15,2023-11-15,0.0,0.0,1.0,Credit Card,Referral,503,503,0.0,0,1.377138945927447,499.6010039761431,229.34,-0.6126674786837848,1,0,0.0019880715705765406,1.3678330019880716,0.0,688.02
C72533,1,376.76,376.76,1,5.0,1,2024-12-16,2024-12-16,0.0,0.0,1.0,Debit Card,Email,106,106,0.0,0,0.2902121834360027,1298.2225471698112,376.76,-0.1291108404383323,0,0,0.009433962264150943,3.554339622641509,0.0,376.76
C72588,1,1574.7,1574.7,5,8.0,1,2024-05-06,2024-05-06,0.0,0.0,1.0,Cash,Instagram,330,330,0.0,0,0.9034907597535934,1742.906590909091,314.94,-0.4019488428740536,0,0,0.0030303030303030303,4.7718181818181815,0.0,1574.7
C72596,1,770.32,770.32,2,7.0,1,2025-01-10,2025-01-10,0.0,0.0,1.0,Online,Email,81,81,0.0,0,0.2217659137577002,3473.5725925925926,385.16,-0.0986601705236313,0,0,0.012345679012345678,9.510123456790124,0.0,770.32
C72649,1,2853.1,2853.1,5,7.0,1,2023-01-04,2023-01-04,0.0,0.0,1.0,Debit Card,Instagram,818,818,0.0,0,2.239561943874059,1273.9544926650365,570.62,-0.996345919609018,1,0,0.0012224938875305623,3.487897310513447,0.0,2853.1
C72664,1,627.15,627.15,1,5.0,1,2024-09-07,2024-09-07,0.0,0.0,1.0,Cash,Instagram,206,206,0.0,0,0.5639972621492129,1111.9734830097086,627.15,-0.2509135200971365,0,0,0.0048543689320388345,3.0444174757281552,0.0,627.15
C72862,1,84.8,84.8,1,5.0,1,2023-01-08,2023-01-08,0.0,0.0,0.0,Gift Card,Instagram,814,814,0.0,0,2.2286105407255303,38.05061425061425,84.8,-0.9914738124226656,1,0,0.0012285012285012285,0.10417690417690417,0.0,84.8
C73289,1,1945.77,1945.77,3,4.0,1,2024-06-06,2024-06-06,1.0,0.0,1.0,Debit Card,Email,299,299,0.0,0,0.8186173853524983,2376.897968227425,648.59,-0.3641900121798244,0,0,0.0033444816053511705,6.507591973244147,1.0,1945.77
C73370,1,44.35,44.35,1,1.0,1,2024-04-27,2024-04-27,1.0,0.0,1.0,Gift Card,Instagram,339,339,0.0,0,0.9281314168377824,47.7841814159292,44.35,-0.412911084043346,0,0,0.0029498525073746312,0.1308259587020649,1.0,44.35
C73514,1,1395.15,1395.15,3,3.0,1,2023-09-08,2023-09-08,1.0,0.0,1.0,Credit Card,Email,571,571,0.0,0,1.5633127994524298,892.4317644483363,465.05,-0.6954933008517716,1,0,0.0017513134851138354,2.443345008756568,1.0,1395.15
C73575,1,3219.45,3219.45,5,8.0,1,2023-01-12,2023-01-12,0.0,1.0,1.0,Cash,Facebook,810,810,0.0,0,2.217659137577002,1451.7334722222222,643.89,-0.9866017052363136,1,0,0.0012345679012345679,3.9746296296296295,1.0,3219.45
C73587,1,1632.84,1632.84,4,9.0,1,2023-07-20,2023-07-20,0.0,0.0,0.0,Credit Card,Instagram,621,621,0.0,0,1.700205338809035,960.3781159420288,408.21,-0.7563946406811737,1,0,0.001610305958132045,2.6293719806763285,0.0,1632.84
C73629,1,265.64,265.64,1,3.0,1,2024-09-22,2024-09-22,0.0,1.0,1.0,Credit Card,Instagram,191,191,0.0,0,0.5229295003422314,507.9843455497381,265.64,-0.2326431181483159,0,0,0.005235602094240838,1.3907853403141361,1.0,265.64
C73813,1,445.2,445.2,4,7.0,1,2023-03-02,2023-03-02,0.0,0.0,1.0,Debit Card,Email,761,761,0.0,0,2.083504449007529,213.6784494086728,111.3,-0.9269183922034996,1,0,0.001314060446780552,0.5850197109067017,0.0,445.2
C73873,1,661.38,661.38,2,5.0,1,2023-06-01,2023-06-01,1.0,0.0,1.0,Online,Google,670,670,0.0,0,1.834360027378508,360.5508134328358,330.69,-0.8160779537139877,1,0,0.0014925373134328358,0.9871343283582089,1.0,661.38
C73893,1,1638.4,1638.4,5,6.0,1,2023-10-22,2023-10-22,0.0,1.0,0.0,Credit Card,Facebook,527,527,0.0,0,1.4428473648186173,1135.532447817837,327.68,-0.6419001218018978,1,0,0.0018975332068311196,3.1089184060721062,1.0,1638.4
C73941,1,1250.44,1250.44,2,5.0,1,2023-03-04,2023-03-04,1.0,0.0,0.0,Online,Google,759,759,0.0,0,2.078028747433265,601.7433596837946,625.22,-0.9244823386103236,1,0,0.0013175230566534915,1.647483530961792,1.0,1250.44
C73961,1,530.24,530.24,4,8.0,1,2023-07-12,2023-07-12,0.0,1.0,1.0,Cash,Instagram,629,629,0.0,0,1.7221081451060918,307.9016852146264,132.56,-0.766138855053878,1,0,0.001589825119236884,0.8429888712241653,1.0,530.24
C73996,1,287.64,287.64,2,6.0,1,2024-04-13,2024-04-13,0.0,1.0,1.0,Credit Card,Instagram,353,353,0.0,0,0.9664613278576316,297.6218413597734,143.82,-0.4299634591955786,0,0,0.0028328611898017,0.8148441926345609,1.0,287.64
C73999,1,375.76,375.76,2,4.0,1,2023-06-04,2023-06-04,0.0,0.0,1.0,Online,Facebook,667,667,0.0,0,1.8261464750171117,205.76662668665668,187.88,-0.8124238733242236,1,0,0.0014992503748125937,0.5633583208395802,0.0,375.76
C74003,1,1221.28,1221.28,4,4.0,1,2023-03-27,2023-03-27,1.0,0.0,1.0,Online,Google,736,736,0.0,0,2.0150581793292264,606.0767934782609,305.32,-0.8964677222887985,1,0,0.001358695652173913,1.6593478260869565,1.0,1221.28
C74005,1,2240.75,2240.75,5,7.0,1,2023-06-07,2023-06-07,0.0,1.0,1.0,Gift Card,Google,664,664,0.0,0,1.8179329226557157,1232.5812311746988,448.15,-0.8087697929344595,1,0,0.0015060240963855422,3.3746234939759034,1.0,2240.75
C74138,1,196.94,196.94,2,3.0,1,2023-12-19,2023-12-19,0.0,1.0,0.0,Cash,Instagram,469,469,0.0,0,1.2840520191649556,153.37384861407247,98.47,-0.5712545675997914,1,0,0.0021321961620469083,0.4199147121535181,1.0,196.94
C74169,1,310.93,310.93,1,3.0,1,2023-01-11,2023-01-11,1.0,0.0,0.0,Online,Facebook,811,811,0.0,0,2.220396988364134,140.03351726263872,310.93,-0.9878197320329016,1,0,0.0012330456226880395,0.38339087546239214,1.0,310.93
C74499,1,744.46,744.46,2,7.0,1,2023-05-18,2023-05-18,0.0,0.0,1.0,Gift Card,Email,684,684,0.0,0,1.8726899383983573,397.5351096491228,372.23,-0.8331303288662203,1,0,0.0014619883040935672,1.088391812865497,0.0,744.46
C74519,1,945.81,945.81,3,4.0,1,2023-10-23,2023-10-23,1.0,0.0,1.0,Credit Card,Email,526,526,0.0,0,1.4401095140314852,656.7625522813688,315.27,-0.6406820950053098,1,0,0.0019011406844106464,1.7981178707224335,1.0,945.81
C74562,1,220.77,220.77,1,5.0,1,2024-04-21,2024-04-21,0.0,0.0,1.0,Gift Card,Instagram,345,345,0.0,0,0.944558521560575,233.7282391304348,220.77,-0.4202192448228742,0,0,0.002898550724637681,0.639913043478261,0.0,220.77
C74866,1,1994.37,1994.37,3,6.0,1,2023-02-17,2023-02-17,0.0,0.0,0.0,Online,Facebook,774,774,0.0,0,2.1190965092402463,941.1416569767442,664.79,-0.942752740559144,1,0,0.0012919896640826874,2.576705426356589,0.0,1994.37
C74928,1,612.48,612.48,2,4.0,1,2024-07-22,2024-07-22,0.0,1.0,1.0,Online,Email,253,253,0.0,0,0.6926762491444216,884.2226086956522,306.24,-0.3081607795367744,0,0,0.003952569169960474,2.4208695652173913,1.0,612.48
C74982,1,2042.8,2042.8,5,8.0,1,2023-07-08,2023-07-08,0.0,0.0,1.0,Debit Card,Instagram,633,633,0.0,0,1.73305954825462,1178.724644549763,408.56,-0.7710109622402302,1,0,0.001579778830963665,3.227172195892575,0.0,2042.8
C75018,1,2007.18,2007.18,3,7.0,1,2023-05-31,2023-05-31,0.0,0.0,1.0,Cash,Facebook,671,671,0.0,0,1.83709787816564,1092.58195976155,669.0600000000001,-0.8172959805105757,1,0,0.0014903129657228018,2.9913263785394935,0.0,2007.18
C75456,1,276.66,276.66,3,5.0,1,2024-06-23,2024-06-23,0.0,0.0,1.0,Credit Card,Email,282,282,0.0,0,0.7720739219712526,358.33356382978724,92.22,-0.3434835566378276,0,0,0.0035460992907801418,0.9810638297872342,0.0,276.66
C75619,1,742.58,742.58,2,5.0,1,2023-10-07,2023-10-07,0.0,0.0,1.0,Gift Card,Facebook,542,542,0.0,0,1.483915126625599,500.4194557195572,371.29,-0.6601705237507184,1,0,0.0018450184501845018,1.3700738007380076,0.0,742.58
C75739,1,302.7,302.7,2,3.0,1,2024-08-23,2024-08-23,0.0,0.0,1.0,Online,Referral,221,221,0.0,0,0.6050650239561944,500.2768099547511,151.35,-0.2691839220459571,0,0,0.004524886877828055,1.369683257918552,0.0,302.7
C75888,1,1346.7,1346.7,3,7.0,1,2023-12-11,2023-12-11,0.0,1.0,1.0,Debit Card,Instagram,477,477,0.0,0,1.3059548254620124,1031.1995283018869,448.9,-0.5809987819724958,1,0,0.0020964360587002098,2.8232704402515725,1.0,1346.7
C76140,1,826.4,826.4,4,6.0,1,2023-06-05,2023-06-05,0.0,1.0,1.0,Gift Card,Referral,666,666,0.0,0,1.8234086242299796,453.21711711711714,206.6,-0.8112058465276356,1,0,0.0015015015015015015,1.240840840840841,1.0,826.4
C76207,1,2606.25,2606.25,5,8.0,1,2023-04-23,2023-04-23,1.0,0.0,0.0,Cash,Email,709,709,0.0,0,1.94113620807666,1342.6414844851904,521.25,-0.8635809987809213,1,0,0.0014104372355430183,3.6759520451339913,1.0,2606.25
C76362,1,709.5,709.5,3,8.0,1,2024-01-01,2024-01-01,0.0,0.0,1.0,Online,Email,456,456,0.0,0,1.2484599589322385,568.3001644736842,236.5,-0.5554202192441469,1,0,0.0021929824561403508,1.555921052631579,0.0,709.5
C76653,1,1539.4,1539.4,4,9.0,1,2023-03-09,2023-03-09,0.0,0.0,1.0,Online,Instagram,754,754,0.0,0,2.0643394934976045,745.710676392573,384.85,-0.9183922046273832,1,0,0.001326259946949602,2.0416445623342176,0.0,1539.4
C76675,1,1991.79,1991.79,3,6.0,1,2023-10-06,2023-10-06,0.0,1.0,1.0,Gift Card,Email,543,543,0.0,0,1.486652977412731,1339.7813950276245,663.93,-0.6613885505473065,1,0,0.001841620626151013,3.6681215469613258,1.0,1991.79
C76700,1,623.82,623.82,2,2.0,1,2025-03-10,2025-03-10,0.0,0.0,0.0,Online,Facebook,22,22,0.0,0,0.0602327173169062,3943.4044713284898,311.91,-0.0267965895249369,0,0,0.045454545454545456,28.35545454545455,0.0,623.82
C76761,1,470.04,470.04,4,7.0,1,2023-03-24,2023-03-24,0.0,1.0,0.0,Debit Card,Referral,739,739,0.0,0,2.023271731690623,232.3167929634641,117.51,-0.9001218026785626,1,0,0.0013531799729364006,0.6360487144790258,1.0,470.04
C76766,1,2512.48,2512.48,4,6.0,1,2024-07-16,2024-07-16,0.0,0.0,1.0,Online,Instagram,259,259,0.0,0,0.7091033538672142,3543.1788416988416,628.12,-0.3154689403163027,0,0,0.003861003861003861,9.700694980694982,0.0,2512.48
C76929,1,356.81,356.81,1,1.0,1,2023-10-13,2023-10-13,0.0,0.0,1.0,Online,Instagram,536,536,0.0,0,1.4674880219028064,243.14338152985076,356.81,-0.6528623629711902,1,0,0.0018656716417910447,0.6656902985074626,0.0,356.81
C77046,1,741.64,741.64,4,9.0,1,2023-01-22,2023-01-22,0.0,1.0,1.0,Online,Google,800,800,0.0,0,2.190280629705681,338.6050125,185.41,-0.9744214372704332,1,0,0.00125,0.9270499999999999,1.0,741.64
C77085,1,1050.32,1050.32,4,8.0,1,2024-11-26,2024-11-26,1.0,0.0,1.0,Online,Email,126,126,0.0,0,0.3449691991786447,3044.677619047619,262.58,-0.1534713763700932,0,0,0.007936507936507936,8.335873015873016,1.0,1050.32
C77122,1,438.37,438.37,1,4.0,1,2024-08-26,2024-08-26,1.0,0.0,1.0,Cash,Referral,218,218,0.0,0,0.5968514715947981,734.4708371559633,438.37,-0.265529841656193,0,0,0.0045871559633027525,2.0108715596330273,1.0,438.37
C77166,1,741.33,741.33,3,3.0,1,2024-05-09,2024-05-09,0.0,1.0,1.0,Debit Card,Referral,327,327,0.0,0,0.8952772073921971,828.0452064220184,247.11,-0.3982947624842895,0,0,0.0030581039755351682,2.2670642201834865,1.0,741.33
C77272,1,2492.4,2492.4,5,8.0,1,2025-01-27,2025-01-27,0.0,0.0,1.0,Online,Google,64,64,0.0,0,0.1752224503764544,3943.4044713284898,498.48,-0.0779537149816346,0,0,0.015625,38.94375,0.0,2492.4
C77344,1,343.31,343.31,1,6.0,1,2024-07-08,2024-07-08,0.0,1.0,1.0,Gift Card,Google,267,267,0.0,0,0.731006160164271,469.64036516853935,343.31,-0.3252131546890071,0,0,0.003745318352059925,1.2858052434456928,1.0,343.31
C77357,1,474.6,474.6,1,4.0,1,2025-02-22,2025-02-22,0.0,0.0,1.0,Debit Card,Email,38,38,0.0,0,0.1040383299110198,3943.4044713284898,474.6,-0.0462850182703455,0,0,0.02631578947368421,12.489473684210527,0.0,474.6
C77363,1,96.81,96.81,1,3.0,1,2024-03-08,2024-03-08,1.0,0.0,0.0,Gift Card,Referral,389,389,0.0,0,1.0650239561943875,90.89936375321336,96.81,-0.4738124238727481,1,0,0.002570694087403599,0.24886889460154243,1.0,96.81
C77499,1,547.4399999999999,547.4399999999999,3,3.0,1,2023-07-08,2023-07-08,0.0,0.0,0.0,Cash,Instagram,633,633,0.0,0,1.73305954825462,315.880663507109,182.48,-0.7710109622402302,1,0,0.001579778830963665,0.8648341232227488,0.0,547.4399999999999
C77736,1,798.08,798.08,2,3.0,1,2025-01-02,2025-01-02,1.0,0.0,1.0,Cash,Referral,89,89,0.0,0,0.243668720054757,3275.266516853933,399.04,-0.1084043848963356,0,0,0.011235955056179775,8.967191011235956,1.0,798.08
C77763,1,1508.31,1508.31,3,8.0,1,2023-05-29,2023-05-29,0.0,1.0,1.0,Debit Card,Email,673,673,0.0,0,1.842573579739904,818.5887481426449,502.77,-0.8197320341037518,1,0,0.0014858841010401188,2.241173848439822,1.0,1508.31
C77800,1,1378.02,1378.02,3,3.0,1,2025-01-03,2025-01-03,0.0,0.0,1.0,Gift Card,Instagram,88,88,0.0,0,0.2409308692676249,3943.4044713284898,459.34,-0.1071863580997476,0,0,0.011363636363636364,15.65931818181818,0.0,1378.02
C77872,1,1027.18,1027.18,2,4.0,1,2024-01-15,2024-01-15,0.0,1.0,1.0,Online,Referral,442,442,0.0,0,1.2101300479123889,848.8178619909502,513.59,-0.5383678440919143,1,0,0.0022624434389140274,2.3239366515837108,1.0,1027.18
C77961,1,1087.59,1087.59,3,5.0,1,2025-03-15,2025-03-15,0.0,1.0,0.0,Debit Card,Facebook,17,17,0.0,0,0.0465434633812457,3943.4044713284898,362.53,-0.0207064555419967,0,0,0.058823529411764705,63.97588235294117,1.0,1087.59
C78170,1,341.7,341.7,5,6.0,1,2025-02-08,2025-02-08,0.0,0.0,1.0,Debit Card,Referral,52,52,0.0,0,0.1423682409308692,2400.113942307692,68.34,-0.0633373934225781,0,0,0.019230769230769232,6.571153846153846,0.0,341.7
C78500,1,2512.35,2512.35,5,10.0,1,2024-12-20,2024-12-20,0.0,0.0,1.0,Online,Email,102,102,0.0,0,0.2792607802874743,3943.4044713284898,502.47,-0.1242387332519802,0,0,0.00980392156862745,24.630882352941175,0.0,2512.35
C78684,1,1765.32,1765.32,3,8.0,1,2024-05-20,2024-05-20,0.0,0.0,1.0,Gift Card,Google,316,316,0.0,0,0.865160848733744,2040.4529430379744,588.4399999999999,-0.384896467721821,0,0,0.0031645569620253164,5.586455696202531,0.0,1765.32
C78724,1,1266.39,1266.39,3,7.0,1,2023-04-15,2023-04-15,0.0,0.0,1.0,Online,Facebook,717,717,0.0,0,1.9630390143737169,645.1170815899582,422.13000000000005,-0.8733252131536257,1,0,0.001394700139470014,1.7662343096234312,0.0,1266.39
C78959,1,632.4,632.4,2,2.0,1,2023-06-06,2023-06-06,0.0,1.0,0.0,Online,Instagram,665,665,0.0,0,1.8206707734428476,347.34451127819545,316.2,-0.8099878197310475,1,0,0.0015037593984962407,0.9509774436090225,1.0,632.4
C79142,1,569.96,569.96,1,4.0,1,2023-04-06,2023-04-06,0.0,0.0,1.0,Online,Email,726,726,0.0,0,1.9876796714579053,286.7464049586777,569.96,-0.884287454322918,1,0,0.0013774104683195593,0.785068870523416,0.0,569.96
C79475,1,2542.95,2542.95,5,8.0,1,2024-04-07,2024-04-07,0.0,1.0,1.0,Cash,Facebook,359,359,0.0,0,0.9828884325804244,2587.2214136490247,508.59,-0.4372716199751069,0,0,0.002785515320334262,7.0834261838440105,1.0,2542.95
C79506,1,746.34,746.34,2,6.0,1,2023-07-18,2023-07-18,0.0,0.0,1.0,Credit Card,Referral,623,623,0.0,0,1.7056810403832992,437.5612921348315,373.17,-0.7588306942743498,1,0,0.0016051364365971107,1.1979775280898877,0.0,746.34
C79508,1,135.17,135.17,1,6.0,1,2024-06-08,2024-06-08,0.0,0.0,1.0,Online,Instagram,297,297,0.0,0,0.813141683778234,166.23179292929294,135.17,-0.3617539585866482,0,0,0.003367003367003367,0.4551178451178451,0.0,135.17
C79533,1,3008.6,3008.6,5,5.0,1,2024-04-10,2024-04-10,1.0,0.0,1.0,Gift Card,Instagram,356,356,0.0,0,0.974674880219028,3086.772893258427,601.72,-0.4336175395853427,0,0,0.0028089887640449437,8.451123595505617,1.0,3008.6
C79674,1,873.68,873.68,2,2.0,1,2023-07-13,2023-07-13,0.0,0.0,1.0,Online,Instagram,628,628,0.0,0,1.7193702943189595,508.1395222929936,436.84,-0.76492082825729,1,0,0.0015923566878980893,1.3912101910828025,0.0,873.68
C79722,1,1382.2,1382.2,5,10.0,1,2023-08-20,2023-08-20,0.0,0.0,1.0,Gift Card,Referral,590,590,0.0,0,1.6153319644079398,855.6755084745763,276.44,-0.7186358099869444,1,0,0.001694915254237288,2.34271186440678,0.0,1382.2
C79821,1,531.18,531.18,1,6.0,1,2023-02-11,2023-02-11,0.0,1.0,1.0,Gift Card,Instagram,780,780,0.0,0,2.135523613963039,248.73524999999995,531.18,-0.9500609013386724,1,0,0.001282051282051282,0.6809999999999999,1.0,531.18
C79842,1,945.64,945.64,4,7.0,1,2024-11-26,2024-11-26,0.0,0.0,1.0,Debit Card,Google,126,126,0.0,0,0.3449691991786447,2741.230238095238,236.41,-0.1534713763700932,0,0,0.007936507936507936,7.505079365079365,0.0,945.64
C79909,1,137.62,137.62,2,5.0,1,2023-08-04,2023-08-04,0.0,0.0,1.0,Gift Card,Referral,606,606,0.0,0,1.659137577002053,82.94670792079208,68.81,-0.7381242387323531,1,0,0.0016501650165016502,0.2270957095709571,0.0,137.62
C80004,1,2052.42,2052.42,3,3.0,1,2023-11-18,2023-11-18,1.0,0.0,1.0,Cash,Instagram,500,500,0.0,0,1.3689253935660506,1499.29281,684.14,-0.6090133982940207,1,0,0.002,4.10484,1.0,2052.42
C80135,1,1107.55,1107.55,5,5.0,1,2023-08-27,2023-08-27,0.0,1.0,1.0,Cash,Referral,583,583,0.0,0,1.596167008898015,693.8810248713551,221.51,-0.7101096224108281,1,0,0.0017152658662092624,1.8997427101200686,1.0,1107.55
C80183,1,365.57,365.57,1,5.0,1,2023-12-12,2023-12-12,1.0,0.0,1.0,Online,Email,476,476,0.0,0,1.3032169746748803,280.5135346638655,365.57,-0.5797807551759077,1,0,0.0021008403361344537,0.7680042016806723,1.0,365.57
C80416,1,1087.15,1087.15,5,10.0,1,2024-04-09,2024-04-09,0.0,0.0,1.0,Debit Card,Instagram,357,357,0.0,0,0.9774127310061602,1112.2732142857144,217.43,-0.4348355663819307,0,0,0.0028011204481792717,3.0452380952380955,0.0,1087.15
C80651,1,1194.51,1194.51,3,5.0,1,2023-09-26,2023-09-26,0.0,0.0,1.0,Debit Card,Email,553,553,0.0,0,1.514031485284052,788.9598146473779,398.17,-0.6735688185131868,1,0,0.0018083182640144665,2.1600542495479202,0.0,1194.51
C80735,1,130.14,130.14,2,4.0,1,2023-11-04,2023-11-04,1.0,0.0,1.0,Credit Card,Google,514,514,0.0,0,1.4072553045859,92.47788910505837,65.07,-0.6260657734462532,1,0,0.0019455252918287938,0.2531906614785992,1.0,130.14
C80868,1,1420.47,1420.47,3,7.0,1,2023-05-17,2023-05-17,0.0,0.0,0.0,Credit Card,Email,685,685,0.0,0,1.8754277891854891,757.4111934306569,473.49,-0.8343483556628084,1,0,0.00145985401459854,2.0736788321167885,0.0,1420.47
C80872,1,1984.3,1984.3,5,9.0,1,2024-08-13,2024-08-13,1.0,0.0,1.0,Cash,Instagram,231,231,0.0,0,0.6324435318275154,3137.513311688311,396.86,-0.2813641900118375,0,0,0.004329004329004329,8.59004329004329,1.0,1984.3
C80987,1,132.05,132.05,1,2.0,1,2025-03-07,2025-03-07,0.0,0.0,0.0,Online,Google,25,25,0.0,0,0.0684462696783025,1929.2505000000003,132.05,-0.030450669914701,0,0,0.04,5.282,0.0,132.05
C81074,1,157.72,157.72,1,2.0,1,2024-02-22,2024-02-22,0.0,0.0,1.0,Debit Card,Google,404,404,0.0,0,1.106091718001369,142.59215346534654,157.72,-0.4920828258215687,1,0,0.0024752475247524753,0.3903960396039604,0.0,157.72
C81192,1,1939.02,1939.02,3,5.0,1,2024-11-12,2024-11-12,0.0,0.0,0.0,Debit Card,Google,140,140,0.0,0,0.3832991101984941,3943.4044713284898,646.34,-0.1705237515223258,0,0,0.007142857142857143,13.850142857142856,0.0,1939.02
C81319,1,1342.15,1342.15,5,5.0,1,2025-03-22,2025-03-22,0.0,1.0,1.0,Cash,Email,10,10,0.0,0,0.027378507871321,3943.4044713284898,268.43,-0.0121802679658804,0,0,0.1,134.215,1.0,1342.15
C81366,1,410.6,410.6,1,2.0,1,2023-01-01,2023-01-01,1.0,0.0,1.0,Online,Referral,821,821,0.0,0,2.2477754962354557,182.66948842874544,410.6,-0.999999999998782,1,0,0.001218026796589525,0.500121802679659,1.0,410.6
C81370,1,2532.25,2532.25,5,7.0,1,2024-12-26,2024-12-26,0.0,0.0,1.0,Gift Card,Google,96,96,0.0,0,0.2628336755646817,3943.4044713284898,506.45,-0.1169305724724519,0,0,0.010416666666666666,26.377604166666668,0.0,2532.25
C81547,1,510.52,510.52,2,6.0,1,2024-01-26,2024-01-26,1.0,0.0,1.0,Credit Card,Google,431,431,0.0,0,1.1800136892539357,432.6390487238979,255.26,-0.5249695493294458,1,0,0.002320185614849188,1.1845011600928075,1.0,510.52
C81573,1,36.65,36.65,1,1.0,1,2024-12-05,2024-12-05,1.0,0.0,1.0,Online,Email,117,117,0.0,0,0.3203285420944558,114.41378205128206,36.65,-0.1425091352008008,0,0,0.008547008547008548,0.31324786324786325,1.0,36.65
C81726,1,2161.36,2161.36,4,6.0,1,2023-06-23,2023-06-23,0.0,0.0,1.0,Gift Card,Referral,648,648,0.0,0,1.7741273100616015,1218.266574074074,540.34,-0.7892813641890508,1,0,0.0015432098765432098,3.3354320987654322,0.0,2161.36
C81728,1,2753.4,2753.4,5,8.0,1,2024-02-27,2024-02-27,1.0,0.0,1.0,Credit Card,Email,399,399,0.0,0,1.0924024640657084,2520.4996240601504,550.6800000000001,-0.4859926918386285,1,0,0.002506265664160401,6.900751879699248,1.0,2753.4
C81857,1,1127.64,1127.64,2,3.0,1,2024-06-17,2024-06-17,0.0,0.0,0.0,Credit Card,Instagram,288,288,0.0,0,0.7885010266940452,1430.1059375,563.82,-0.3507917174173559,0,0,0.003472222222222222,3.915416666666667,0.0,1127.64
C81882,1,463.92,463.92,3,6.0,1,2023-11-09,2023-11-09,0.0,0.0,1.0,Debit Card,Facebook,509,509,0.0,0,1.3935660506502396,332.90133595284874,154.64,-0.619975639463313,1,0,0.0019646365422396855,0.911434184675835,0.0,463.92
C82068,1,408.13,408.13,1,3.0,1,2023-01-23,2023-01-23,0.0,0.0,1.0,Gift Card,Instagram,799,799,0.0,0,2.187542778918549,186.57006570713392,408.13,-0.9732034104738452,1,0,0.0012515644555694619,0.5108010012515645,0.0,408.13
C82217,1,1717.48,1717.48,4,8.0,1,2024-10-03,2024-10-03,0.0,0.0,1.0,Credit Card,Google,180,180,0.0,0,0.4928131416837782,3485.053166666667,429.37,-0.2192448233858474,0,0,0.005555555555555556,9.541555555555556,0.0,1717.48
C82313,1,197.58,197.58,3,8.0,1,2023-07-27,2023-07-27,0.0,0.0,1.0,Online,Google,614,614,0.0,0,1.68104038329911,117.53435667752444,65.86,-0.7478684531050575,1,0,0.0016286644951140066,0.3217915309446254,0.0,197.58
C82318,1,528.06,528.06,1,2.0,1,2024-02-25,2024-02-25,0.0,0.0,0.0,Credit Card,Facebook,401,401,0.0,0,1.0978781656399723,480.9823316708229,528.06,-0.4884287454318046,1,0,0.0024937655860349127,1.316857855361596,0.0,528.06
C82344,1,2028.63,2028.63,3,5.0,1,2024-11-10,2024-11-10,0.0,0.0,1.0,Online,Google,142,142,0.0,0,0.3887748117727584,3943.4044713284898,676.21,-0.1729598051155018,0,0,0.007042253521126761,14.28612676056338,0.0,2028.63
C82399,1,158.68,158.68,1,6.0,1,2024-03-01,2024-03-01,0.0,1.0,1.0,Credit Card,Instagram,396,396,0.0,0,1.0841889117043122,146.35825757575756,158.68,-0.4823386114488644,1,0,0.0025252525252525255,0.40070707070707073,1.0,158.68
C82550,1,667.66,667.66,2,4.0,1,2023-08-23,2023-08-23,1.0,0.0,1.0,Gift Card,Referral,587,587,0.0,0,1.6071184120465434,415.43920783645655,333.83,-0.7149817295971803,1,0,0.0017035775127768314,1.1374105621805792,1.0,667.66
C82685,1,475.98,475.98,3,7.0,1,2023-05-13,2023-05-13,0.0,0.0,1.0,Gift Card,Email,689,689,0.0,0,1.8863791923340176,252.32466618287373,158.66,-0.8392204628491605,1,0,0.001451378809869376,0.6908272859216256,0.0,475.98
C82781,1,109.68,109.68,4,4.0,1,2023-04-20,2023-04-20,0.0,0.0,1.0,Debit Card,Referral,712,712,0.0,0,1.949349760438056,56.26491573033709,27.42,-0.8672350791706854,1,0,0.0014044943820224719,0.15404494382022474,0.0,109.68
C82858,1,593.91,593.91,3,5.0,1,2023-08-24,2023-08-24,1.0,0.0,0.0,Online,Google,586,586,0.0,0,1.6043805612594113,370.1802517064846,197.97,-0.7137637028005922,1,0,0.0017064846416382253,1.0134982935153583,1.0,593.91
C82921,1,208.36,208.36,1,4.0,1,2024-10-04,2024-10-04,0.0,0.0,1.0,Online,Email,179,179,0.0,0,0.4900752908966461,425.1591620111732,208.36,-0.2180267965892594,0,0,0.00558659217877095,1.1640223463687152,0.0,208.36
C82990,1,300.1,300.1,2,4.0,1,2023-01-02,2023-01-02,1.0,0.0,1.0,Credit Card,Facebook,820,820,0.0,0,2.245037645448323,133.67259146341465,150.05,-0.998781973202194,1,0,0.0012195121951219512,0.3659756097560976,1.0,300.1
C83026,1,1686.9,1686.9,5,5.0,1,2023-04-09,2023-04-09,0.0,0.0,0.0,Gift Card,Referral,723,723,0.0,0,1.9794661190965093,852.1994813278009,337.38,-0.8806333739331539,1,0,0.0013831258644536654,2.333195020746888,0.0,1686.9
C83223,1,650.84,650.84,4,7.0,1,2024-04-18,2024-04-18,1.0,0.0,1.0,Cash,Email,348,348,0.0,0,0.9527720739219712,683.1014655172414,162.71,-0.4238733252126384,0,0,0.0028735632183908046,1.8702298850574715,1.0,650.84
C83548,1,144.25,144.25,1,2.0,1,2024-10-06,2024-10-06,0.0,1.0,1.0,Cash,Referral,177,177,0.0,0,0.4845995893223819,297.66843220338984,144.25,-0.2155907429960833,0,0,0.005649717514124294,0.8149717514124294,1.0,144.25
C83556,1,1059.16,1059.16,4,5.0,1,2024-02-03,2024-02-03,0.0,0.0,1.0,Credit Card,Google,423,423,0.0,0,1.158110882956879,914.5583687943264,264.79,-0.5152253349567415,1,0,0.002364066193853428,2.503924349881797,0.0,1059.16
C83653,1,925.04,925.04,4,6.0,1,2023-05-02,2023-05-02,0.0,0.0,1.0,Online,Google,700,700,0.0,0,1.9164955509924708,482.67265714285713,231.26,-0.852618757611629,1,0,0.0014285714285714286,1.3214857142857142,0.0,925.04
C84041,1,1001.6,1001.6,2,3.0,1,2025-02-10,2025-02-10,0.0,0.0,1.0,Cash,Referral,50,50,0.0,0,0.136892539356605,3943.4044713284898,500.8,-0.060901339829402,0,0,0.02,20.032,0.0,1001.6
C84115,1,1362.87,1362.87,3,4.0,1,2024-06-13,2024-06-13,0.0,0.0,1.0,Credit Card,Google,292,292,0.0,0,0.7994524298425736,1704.7543407534245,454.29,-0.3556638246037081,0,0,0.003424657534246575,4.66736301369863,0.0,1362.87
C84134,1,2772.28,2772.28,4,8.0,1,2025-03-23,2025-03-23,0.0,0.0,1.0,Online,Instagram,9,9,0.0,0,0.0246406570841889,3943.4044713284898,693.07,-0.0109622411692923,0,0,0.1111111111111111,308.03111111111116,0.0,2772.28
C84320,1,208.95,208.95,3,7.0,1,2023-10-14,2023-10-14,0.0,0.0,1.0,Cash,Instagram,535,535,0.0,0,1.4647501711156743,142.65231308411214,69.64999999999999,-0.6516443361746022,1,0,0.001869158878504673,0.39056074766355137,0.0,208.95
C84329,1,431.44,431.44,1,3.0,1,2025-03-26,2025-03-26,0.0,0.0,1.0,Gift Card,Facebook,6,6,0.0,0,0.0164271047227926,3943.4044713284898,431.44,-0.0073081607795282,0,0,0.16666666666666666,71.90666666666667,0.0,431.44
C84331,1,3223.2,3223.2,5,6.0,1,2024-02-17,2024-02-17,1.0,0.0,1.0,Gift Card,Email,409,409,0.0,0,1.1197809719370295,2878.420048899756,644.64,-0.4981729598045089,1,0,0.0024449877750611247,7.880684596577017,1.0,3223.2
C84524,1,2071.92,2071.92,4,8.0,1,2024-06-16,2024-06-16,1.0,0.0,1.0,Cash,Facebook,289,289,0.0,0,0.7912388774811773,2618.5770934256057,517.98,-0.352009744213944,0,0,0.0034602076124567475,7.169273356401384,1.0,2071.92
C84563,1,472.66,472.66,2,3.0,1,2024-04-10,2024-04-10,0.0,0.0,1.0,Online,Instagram,356,356,0.0,0,0.974674880219028,484.9411938202248,236.33,-0.4336175395853427,0,0,0.0028089887640449437,1.3276966292134833,0.0,472.66
C84570,1,120.2,120.2,4,6.0,1,2024-12-03,2024-12-03,0.0,1.0,0.0,Online,Facebook,119,119,0.0,0,0.3258042436687201,368.9331932773109,30.05,-0.1449451887939769,0,0,0.008403361344537815,1.0100840336134453,1.0,120.2
C84630,1,2592.75,2592.75,5,6.0,1,2023-01-08,2023-01-08,1.0,0.0,1.0,Credit Card,Instagram,814,814,0.0,0,2.2286105407255303,1163.3930436117937,518.55,-0.9914738124226656,1,0,0.0012285012285012285,3.18519656019656,1.0,2592.75
C84700,1,1599.85,1599.85,5,7.0,1,2023-01-11,2023-01-11,0.0,0.0,1.0,Cash,Google,811,811,0.0,0,2.220396988364134,720.5243064118372,319.97,-0.9878197320329016,1,0,0.0012330456226880395,1.9726880394574597,0.0,1599.85
C84766,1,688.04,688.04,2,4.0,1,2023-08-20,2023-08-20,0.0,0.0,1.0,Online,Instagram,590,590,0.0,0,1.6153319644079398,425.94340677966096,344.02,-0.7186358099869444,1,0,0.001694915254237288,1.1661694915254237,0.0,688.04
C84834,1,409.02,409.02,3,8.0,1,2024-03-27,2024-03-27,0.0,1.0,1.0,Debit Card,Referral,370,370,0.0,0,1.0130047912388775,403.7690675675675,136.34,-0.4506699147375753,1,0,0.002702702702702703,1.1054594594594593,1.0,409.02
C84888,1,51.73,51.73,1,1.0,1,2023-04-21,2023-04-21,0.0,0.0,1.0,Debit Card,Facebook,711,711,0.0,0,1.946611909650924,26.5743776371308,51.73,-0.8660170523740974,1,0,0.0014064697609001407,0.07275668073136426,0.0,51.73
C84908,1,420.26,420.26,1,4.0,1,2025-01-28,2025-01-28,0.0,0.0,1.0,Credit Card,Facebook,63,63,0.0,0,0.1724845995893223,2436.507380952381,420.26,-0.0767356881850466,0,0,0.015873015873015872,6.670793650793651,0.0,420.26
C85018,1,824.25,824.25,3,3.0,1,2024-11-06,2024-11-06,1.0,0.0,1.0,Cash,Google,146,146,0.0,0,0.3997262149212868,2062.0363869863013,274.75,-0.177831912301854,0,0,0.00684931506849315,5.64554794520548,1.0,824.25
C85059,1,987.4,987.4,4,8.0,1,2023-04-28,2023-04-28,0.0,0.0,1.0,Credit Card,Google,704,704,0.0,0,1.9274469541409995,512.2838778409091,246.85,-0.8574908647979811,1,0,0.0014204545454545455,1.4025568181818182,0.0,987.4
C85074,1,934.8,934.8,4,8.0,1,2025-03-12,2025-03-12,0.0,0.0,1.0,Online,Facebook,20,20,0.0,0,0.054757015742642,3943.4044713284898,233.7,-0.0243605359317608,0,0,0.05,46.739999999999995,0.0,934.8
C85282,1,3143.7,3143.7,5,9.0,1,2023-11-24,2023-11-24,1.0,0.0,1.0,Cash,Facebook,494,494,0.0,0,1.352498288843258,2324.3652327935224,628.74,-0.6017052375144925,1,0,0.0020242914979757085,6.363765182186235,1.0,3143.7
C85322,1,813.06,813.06,3,6.0,1,2023-05-01,2023-05-01,1.0,0.0,0.0,Credit Card,Google,701,701,0.0,0,1.919233401779603,423.63789586305273,271.02,-0.853836784408217,1,0,0.0014265335235378032,1.159857346647646,1.0,813.06
C85330,1,1140.45,1140.45,5,9.0,1,2025-03-02,2025-03-02,0.0,1.0,1.0,Gift Card,Facebook,30,30,0.0,0,0.082135523613963,3943.4044713284898,228.09,-0.0365408038976412,0,0,0.03333333333333333,38.015,1.0,1140.45
C85421,1,1641.45,1641.45,3,4.0,1,2024-10-07,2024-10-07,0.0,0.0,1.0,Online,Instagram,176,176,0.0,0,0.4818617385352498,3406.475071022727,547.15,-0.2143727161994952,0,0,0.005681818181818182,9.326420454545454,0.0,1641.45
C85466,1,441.87,441.87,3,3.0,1,2024-10-18,2024-10-18,0.0,0.0,1.0,Gift Card,Google,165,165,0.0,0,0.4517453798767967,978.1395,147.29,-0.2009744214370268,0,0,0.006060606060606061,2.678,0.0,441.87
C85520,1,1862.64,1862.64,4,9.0,1,2023-09-07,2023-09-07,0.0,1.0,1.0,Online,Email,572,572,0.0,0,1.566050650239562,1189.3868181818182,465.66,-0.6967113276483596,1,0,0.0017482517482517483,3.2563636363636363,1.0,1862.64
C85841,1,2597.88,2597.88,4,8.0,1,2023-01-28,2023-01-28,0.0,0.0,1.0,Cash,Google,794,794,0.0,0,2.1738535249828885,1195.0575188916876,649.47,-0.9671132764909048,1,0,0.0012594458438287153,3.2718891687657434,0.0,2597.88
C85863,1,397.4399999999999,397.4399999999999,3,4.0,1,2024-02-24,2024-02-24,0.0,0.0,0.0,Online,Referral,402,402,0.0,0,1.1006160164271048,361.1068656716416,132.47999999999996,-0.4896467722283926,1,0,0.0024875621890547263,0.9886567164179102,0.0,397.4399999999999
C85929,1,440.73,440.73,3,6.0,1,2024-03-02,2024-03-02,0.0,0.0,1.0,Credit Card,Google,395,395,0.0,0,1.08145106091718,407.5357784810127,146.91,-0.4811205846522763,1,0,0.002531645569620253,1.1157721518987342,0.0,440.73
C85993,1,2189.28,2189.28,4,8.0,1,2023-08-13,2023-08-13,0.0,1.0,1.0,Cash,Instagram,597,597,0.0,0,1.6344969199178645,1339.4213065326635,547.32,-0.7271619975630607,1,0,0.0016750418760469012,3.66713567839196,1.0,2189.28
C86064,1,834.1200000000001,834.1200000000001,3,5.0,1,2023-07-06,2023-07-06,0.0,0.0,0.0,Online,Instagram,635,635,0.0,0,1.7385352498288844,479.7831968503937,278.04,-0.7734470158334062,1,0,0.0015748031496062992,1.3135748031496064,0.0,834.1200000000001
C86266,1,1618.32,1618.32,4,5.0,1,2024-07-24,2024-07-24,0.0,0.0,1.0,Cash,Instagram,251,251,0.0,0,0.6872005475701575,2354.9457370517925,404.58,-0.3057247259435984,0,0,0.00398406374501992,6.447490039840638,0.0,1618.32
C86374,1,1363.85,1363.85,5,7.0,1,2023-09-06,2023-09-06,0.0,0.0,1.0,Cash,Email,573,573,0.0,0,1.568788501026694,869.3651178010471,272.77,-0.6979293544449477,1,0,0.0017452006980802793,2.380191972076789,0.0,1363.85
C86408,1,84.28,84.28,4,4.0,1,2023-02-17,2023-02-17,0.0,0.0,1.0,Gift Card,Google,774,774,0.0,0,2.1190965092402463,39.77166666666667,21.07,-0.942752740559144,1,0,0.0012919896640826874,0.1088888888888889,0.0,84.28
C86481,1,171.59,171.59,1,5.0,1,2023-07-05,2023-07-05,0.0,0.0,1.0,Credit Card,Email,636,636,0.0,0,1.7412731006160165,98.54284198113209,171.59,-0.7746650426299944,1,0,0.0015723270440251573,0.26979559748427673,0.0,171.59
C86524,1,732.46,732.46,2,2.0,1,2023-11-15,2023-11-15,0.0,0.0,1.0,Cash,Email,503,503,0.0,0,1.377138945927447,531.8708051689861,366.23,-0.6126674786837848,1,0,0.0019880715705765406,1.456182902584493,0.0,732.46
C86762,1,2043.65,2043.65,5,10.0,1,2024-10-18,2024-10-18,0.0,0.0,1.0,Gift Card,Instagram,165,165,0.0,0,0.4517453798767967,3943.4044713284898,408.73,-0.2009744214370268,0,0,0.006060606060606061,12.385757575757577,0.0,2043.65
C86773,1,789.44,789.44,4,9.0,1,2023-06-09,2023-06-09,0.0,1.0,1.0,Gift Card,Instagram,662,662,0.0,0,1.8124572210814511,435.5633836858006,197.36,-0.8063337393412834,1,0,0.0015105740181268882,1.1925075528700908,1.0,789.44
C87011,1,101.16,101.16,4,8.0,1,2023-02-18,2023-02-18,0.0,0.0,0.0,Credit Card,Google,773,773,0.0,0,2.116358658453114,47.79908150064683,25.29,-0.941534713762556,1,0,0.00129366106080207,0.13086675291073738,0.0,101.16
C87051,1,72.31,72.31,1,1.0,1,2023-05-26,2023-05-26,1.0,0.0,1.0,Gift Card,Facebook,676,676,0.0,0,1.8507871321013003,39.06986316568048,72.31,-0.823386114493516,1,0,0.0014792899408284023,0.10696745562130178,1.0,72.31
C87124,1,198.51,198.51,1,5.0,1,2024-04-16,2024-04-16,0.0,1.0,1.0,Credit Card,Instagram,350,350,0.0,0,0.9582477754962354,207.15936428571428,198.51,-0.4263093788058145,0,0,0.002857142857142857,0.5671714285714285,1.0,198.51
C87181,1,2619.16,2619.16,4,9.0,1,2023-07-27,2023-07-27,0.0,0.0,0.0,Cash,Referral,614,614,0.0,0,1.68104038329911,1558.0589413680782,654.79,-0.7478684531050575,1,0,0.0016286644951140066,4.265732899022801,0.0,2619.16
C87216,1,1580.35,1580.35,5,10.0,1,2023-03-18,2023-03-18,0.0,1.0,0.0,Cash,Google,745,745,0.0,0,2.0396988364134154,774.795755033557,316.07,-0.9074299634580908,1,0,0.0013422818791946308,2.121275167785235,1.0,1580.35
C87281,1,3243.25,3243.25,5,7.0,1,2024-01-29,2024-01-29,0.0,0.0,0.0,Online,Referral,428,428,0.0,0,1.1718001368925393,2767.7501460280378,648.65,-0.5213154689396817,1,0,0.002336448598130841,7.577686915887851,0.0,3243.25
C87448,1,450.07,450.07,1,6.0,1,2023-06-07,2023-06-07,0.0,0.0,1.0,Gift Card,Google,664,664,0.0,0,1.8179329226557157,247.572390813253,450.07,-0.8087697929344595,1,0,0.0015060240963855422,0.677816265060241,0.0,450.07
C87524,1,625.0,625.0,1,5.0,1,2025-01-23,2025-01-23,0.0,1.0,1.0,Online,Google,68,68,0.0,0,0.1861738535249829,3357.0772058823527,625.0,-0.0828258221679868,0,0,0.014705882352941176,9.191176470588236,1.0,625.0
C87547,1,380.12,380.12,4,8.0,1,2025-01-16,2025-01-16,0.0,0.0,1.0,Online,Facebook,75,75,0.0,0,0.2053388090349076,1851.1844,95.03,-0.0913520097441031,0,0,0.013333333333333334,5.068266666666667,0.0,380.12
C87687,1,1137.21,1137.21,3,3.0,1,2023-12-11,2023-12-11,0.0,0.0,1.0,Gift Card,Google,477,477,0.0,0,1.3059548254620124,870.7881603773585,379.07,-0.5809987819724958,1,0,0.0020964360587002098,2.3840880503144657,0.0,1137.21
C87764,1,206.82,206.82,2,2.0,1,2024-02-26,2024-02-26,0.0,0.0,1.0,Online,Referral,400,400,0.0,0,1.0951403148528405,188.8525125,103.41,-0.4872107186352165,1,0,0.0025,0.51705,0.0,206.82
C87777,1,816.64,816.64,2,3.0,1,2024-10-08,2024-10-08,0.0,0.0,1.0,Online,Facebook,175,175,0.0,0,0.4791238877481177,1704.4443428571428,408.32,-0.2131546894029072,0,0,0.005714285714285714,4.666514285714285,0.0,816.64
C87994,1,2392.76,2392.76,4,7.0,1,2023-10-05,2023-10-05,0.0,0.0,1.0,Credit Card,Email,544,544,0.0,0,1.4893908281998631,1606.5360110294118,598.19,-0.6626065773438945,1,0,0.001838235294117647,4.398455882352941,0.0,2392.76
C87995,1,1925.92,1925.92,4,5.0,1,2024-09-03,2024-09-03,0.0,0.0,1.0,Gift Card,Instagram,210,210,0.0,0,0.5749486652977412,3349.725142857143,481.48,-0.2557856272834887,0,0,0.004761904761904762,9.17104761904762,0.0,1925.92
C88036,1,1571.35,1571.35,5,6.0,1,2023-01-22,2023-01-22,0.0,1.0,1.0,Cash,Instagram,800,800,0.0,0,2.190280629705681,717.419484375,314.27,-0.9744214372704332,1,0,0.00125,1.9641875,1.0,1571.35
C88075,1,2651.7,2651.7,5,9.0,1,2024-03-11,2024-03-11,0.0,0.0,1.0,Online,Google,386,386,0.0,0,1.056810403832991,2509.1539507772018,530.3399999999999,-0.4701583434829839,1,0,0.0025906735751295338,6.869689119170984,0.0,2651.7
C88174,1,18.2,18.2,1,4.0,1,2023-12-29,2023-12-29,0.0,0.0,1.0,Debit Card,Instagram,459,459,0.0,0,1.2566735112936345,14.48267973856209,18.2,-0.559074299633911,1,0,0.002178649237472767,0.03965141612200435,0.0,18.2
C88205,1,3215.15,3215.15,5,5.0,1,2024-06-19,2024-06-19,1.0,0.0,1.0,Online,Referral,286,286,0.0,0,0.783025325119781,3943.4044713284898,643.03,-0.3483556638241798,0,0,0.0034965034965034965,11.241783216783217,1.0,3215.15
C88304,1,768.28,768.28,2,2.0,1,2023-05-27,2023-05-27,0.0,1.0,1.0,Online,Email,675,675,0.0,0,1.8480492813141685,415.7248444444444,384.14,-0.822168087696928,1,0,0.0014814814814814814,1.1381925925925926,1.0,768.28
C88348,1,604.47,604.47,3,4.0,1,2023-08-30,2023-08-30,0.0,1.0,1.0,Credit Card,Facebook,580,580,0.0,0,1.587953456536619,380.6597715517242,201.49,-0.706455542021064,1,0,0.0017241379310344827,1.042189655172414,1.0,604.47
C88370,1,279.9,279.9,2,5.0,1,2023-04-10,2023-04-10,0.0,1.0,0.0,Online,Instagram,722,722,0.0,0,1.9767282683093768,141.59761080332407,139.95,-0.8794153471365659,1,0,0.0013850415512465374,0.3876731301939058,1.0,279.9
C88371,1,1132.64,1132.64,4,6.0,1,2024-12-25,2024-12-25,0.0,0.0,0.0,Credit Card,Google,97,97,0.0,0,0.2655715263518138,3943.4044713284898,283.16,-0.11814859926904,0,0,0.010309278350515464,11.676701030927836,0.0,1132.64
C88463,1,2539.7,2539.7,5,9.0,1,2023-02-16,2023-02-16,1.0,0.0,0.0,Online,Facebook,775,775,0.0,0,2.1218343600273784,1196.9360322580644,507.94,-0.943970767355732,1,0,0.0012903225806451613,3.2770322580645157,1.0,2539.7
C88546,1,813.84,813.84,4,7.0,1,2024-02-04,2024-02-04,0.0,0.0,1.0,Credit Card,Referral,422,422,0.0,0,1.1553730321697468,704.3958767772511,203.46,-0.5140073081601535,1,0,0.002369668246445498,1.928530805687204,0.0,813.84
C88644,1,392.61,392.61,1,4.0,1,2023-02-26,2023-02-26,1.0,0.0,1.0,Gift Card,Referral,765,765,0.0,0,2.0944558521560577,187.4520294117647,392.61,-0.9317904993898516,1,0,0.00130718954248366,0.5132156862745099,1.0,392.61
C88645,1,1751.16,1751.16,3,5.0,1,2024-03-14,2024-03-14,0.0,0.0,1.0,Credit Card,Facebook,383,383,0.0,0,1.0485968514715949,1670.0031070496084,583.72,-0.4665042630932198,1,0,0.0026109660574412533,4.572219321148825,0.0,1751.16
C88775,1,1989.05,1989.05,5,5.0,1,2023-08-20,2023-08-20,0.0,1.0,1.0,Debit Card,Referral,590,590,0.0,0,1.6153319644079398,1231.3568008474576,397.81,-0.7186358099869444,1,0,0.001694915254237288,3.3712711864406777,1.0,1989.05
C88933,1,92.04,92.04,1,2.0,1,2023-01-07,2023-01-07,0.0,0.0,0.0,Cash,Facebook,815,815,0.0,0,2.2313483915126624,41.24860122699387,92.04,-0.9926918392192536,1,0,0.001226993865030675,0.11293251533742332,0.0,92.04
C88981,1,2445.04,2445.04,4,5.0,1,2023-02-03,2023-02-03,0.0,0.0,1.0,Cash,Referral,788,788,0.0,0,2.157426420260096,1133.3132741116751,611.26,-0.9598051157113766,1,0,0.0012690355329949238,3.1028426395939084,0.0,2445.04
C89336,1,92.79,92.79,1,3.0,1,2023-03-22,2023-03-22,0.0,0.0,1.0,Cash,Email,741,741,0.0,0,2.028747433264887,45.73758097165992,92.79,-0.9025578562717388,1,0,0.001349527665317139,0.12522267206477733,0.0,92.79
C89559,1,662.84,662.84,2,6.0,1,2023-04-08,2023-04-08,0.0,0.0,1.0,Credit Card,Google,724,724,0.0,0,1.9822039698836411,334.395455801105,331.42,-0.881851400729742,1,0,0.0013812154696132596,0.9155248618784531,0.0,662.84
C89592,1,2547.9,2547.9,5,6.0,1,2023-10-18,2023-10-18,0.0,0.0,1.0,Online,Instagram,531,531,0.0,0,1.4537987679671458,1752.58093220339,509.58,-0.6467722289882499,1,0,0.0018832391713747645,4.7983050847457624,0.0,2547.9
C89674,1,1151.66,1151.66,2,3.0,1,2025-01-18,2025-01-18,0.0,0.0,1.0,Online,Referral,73,73,0.0,0,0.1998631074606434,3943.4044713284898,575.83,-0.088915956150927,0,0,0.0136986301369863,15.776164383561644,0.0,1151.66
C89732,1,406.22,406.22,1,5.0,1,2024-04-23,2024-04-23,1.0,0.0,1.0,Credit Card,Referral,343,343,0.0,0,0.9390828199863108,432.5710058309039,406.22,-0.4177831912296982,0,0,0.0029154518950437317,1.1843148688046647,1.0,406.22
C89822,1,410.78,410.78,1,1.0,1,2023-11-30,2023-11-30,1.0,0.0,1.0,Cash,Instagram,488,488,0.0,0,1.336071184120465,307.4536782786885,410.78,-0.5943970767349642,1,0,0.0020491803278688526,0.8417622950819672,1.0,410.78
C89979,1,3170.0,3170.0,5,8.0,1,2024-06-20,2024-06-20,0.0,0.0,0.0,Gift Card,Email,285,285,0.0,0,0.7802874743326489,3943.4044713284898,634.0,-0.3471376370275918,0,0,0.0035087719298245615,11.12280701754386,0.0,3170.0
C90132,1,1304.65,1304.65,5,9.0,1,2023-06-21,2023-06-21,0.0,0.0,1.0,Online,Email,650,650,0.0,0,1.779603011635866,733.1129423076924,260.93,-0.7917174177822269,1,0,0.0015384615384615385,2.0071538461538463,0.0,1304.65
C90142,1,334.39,334.39,1,2.0,1,2024-07-24,2024-07-24,0.0,1.0,0.0,Credit Card,Instagram,251,251,0.0,0,0.6872005475701575,486.5974003984063,334.39,-0.3057247259435984,0,0,0.00398406374501992,1.332231075697211,1.0,334.39
C90292,1,1105.28,1105.28,4,5.0,1,2023-04-24,2023-04-24,0.0,0.0,0.0,Online,Google,708,708,0.0,0,1.938398357289528,570.2027118644068,276.32,-0.8623629719843333,1,0,0.0014124293785310734,1.5611299435028247,0.0,1105.28
C90310,1,762.56,762.56,4,5.0,1,2024-12-11,2024-12-11,0.0,0.0,1.0,Cash,Email,111,111,0.0,0,0.3039014373716632,2509.2345945945945,190.64,-0.1352009744212726,0,0,0.009009009009009009,6.869909909909909,0.0,762.56
C90318,1,1259.12,1259.12,2,5.0,1,2025-02-04,2025-02-04,1.0,0.0,1.0,Gift Card,Instagram,56,56,0.0,0,0.1533196440793976,3943.4044713284898,629.56,-0.0682095006089303,0,0,0.017857142857142856,22.48428571428571,1.0,1259.12
C90348,1,899.0,899.0,4,7.0,1,2024-03-26,2024-03-26,0.0,0.0,1.0,Online,Facebook,371,371,0.0,0,1.0157426420260096,885.0667115902964,224.75,-0.4518879415341633,1,0,0.0026954177897574125,2.4231805929919137,0.0,899.0
C90350,1,367.34,367.34,2,6.0,1,2023-05-19,2023-05-19,1.0,0.0,1.0,Debit Card,Google,683,683,0.0,0,1.8699520876112248,196.44353587115663,183.67,-0.8319123020696323,1,0,0.0014641288433382138,0.5378330893118594,1.0,367.34
C90363,1,3044.55,3044.55,5,6.0,1,2024-06-09,2024-06-09,0.0,0.0,1.0,Gift Card,Google,296,296,0.0,0,0.810403832991102,3756.8307010135136,608.9100000000001,-0.3605359317900602,0,0,0.0033783783783783786,10.285641891891892,0.0,3044.55
C90573,1,438.93,438.93,1,3.0,1,2023-07-24,2023-07-24,1.0,0.0,1.0,Gift Card,Referral,617,617,0.0,0,1.6892539356605063,259.8366004862237,438.93,-0.7515225334948216,1,0,0.0016207455429497568,0.7113938411669368,1.0,438.93
C90595,1,391.45,391.45,5,5.0,1,2025-03-14,2025-03-14,0.0,0.0,1.0,Credit Card,Referral,18,18,0.0,0,0.0492813141683778,3943.4044713284898,78.28999999999999,-0.0219244823385847,0,0,0.05555555555555555,21.74722222222222,0.0,391.45
C90612,1,1103.25,1103.25,3,7.0,1,2024-01-29,2024-01-29,0.0,0.0,1.0,Cash,Facebook,428,428,0.0,0,1.1718001368925393,941.5001460280374,367.75,-0.5213154689396817,1,0,0.002336448598130841,2.5776869158878504,0.0,1103.25
C90757,1,1979.36,1979.36,4,8.0,1,2023-12-04,2023-12-04,0.0,1.0,1.0,Cash,Email,484,484,0.0,0,1.325119780971937,1493.721570247934,494.84,-0.589524969548612,1,0,0.002066115702479339,4.089586776859504,1.0,1979.36
C90852,1,1725.03,1725.03,3,8.0,1,2023-05-23,2023-05-23,1.0,0.0,1.0,Online,Instagram,679,679,0.0,0,1.8590006844626967,927.934031664212,575.01,-0.8270401948832801,1,0,0.0014727540500736377,2.540544918998527,1.0,1725.03
C90898,1,1491.95,1491.95,5,7.0,1,2024-08-04,2024-08-04,1.0,0.0,1.0,Gift Card,Referral,240,240,0.0,0,0.6570841889117043,2270.5614062500003,298.39,-0.2923264311811299,0,0,0.004166666666666667,6.216458333333334,1.0,1491.95
C90993,1,153.12,153.12,4,4.0,1,2024-06-08,2024-06-08,1.0,0.0,1.0,Debit Card,Facebook,297,297,0.0,0,0.813141683778234,188.30666666666667,38.28,-0.3617539585866482,0,0,0.003367003367003367,0.5155555555555555,1.0,153.12
C91029,1,2131.48,2131.48,4,9.0,1,2024-01-03,2024-01-03,0.0,0.0,1.0,Cash,Instagram,454,454,0.0,0,1.242984257357974,1714.808524229075,532.87,-0.5529841656509707,1,0,0.0022026431718061676,4.69488986784141,0.0,2131.48
C91099,1,1025.3,1025.3,2,5.0,1,2024-11-06,2024-11-06,0.0,0.0,1.0,Credit Card,Email,146,146,0.0,0,0.3997262149212868,2565.0056506849314,512.65,-0.177831912301854,0,0,0.00684931506849315,7.022602739726027,0.0,1025.3
C91103,1,1023.44,1023.44,4,7.0,1,2023-06-17,2023-06-17,0.0,0.0,0.0,Credit Card,Email,654,654,0.0,0,1.790554414784394,571.5771559633029,255.86,-0.796589524968579,1,0,0.0015290519877675841,1.5648929663608564,0.0,1023.44
C91155,1,704.8199999999999,352.41,6,6.5,1,2023-07-17,2024-09-08,0.5,0.0,1.0,Credit Card,Email,205,624,419.0,1,1.7084188911704312,412.5568990384615,117.46999999999998,0.4987819732028029,0,1,0.0016025641025641025,1.1295192307692308,0.5,704.8199999999999
C91201,1,93.0,93.0,2,7.0,1,2024-02-29,2024-02-29,0.0,1.0,1.0,Cash,Google,397,397,0.0,0,1.0869267624914445,85.56234256926952,46.5,-0.4835566382454524,1,0,0.0025188916876574307,0.23425692695214106,1.0,93.0
C91245,1,675.33,675.33,3,4.0,1,2024-10-10,2024-10-10,0.0,0.0,1.0,Cash,Facebook,173,173,0.0,0,0.4736481861738535,1425.8051011560694,225.11,-0.2107186358097311,0,0,0.005780346820809248,3.90364161849711,0.0,675.33
C91255,1,851.1,851.1,5,8.0,1,2024-04-15,2024-04-15,0.0,0.0,0.0,Debit Card,Referral,351,351,0.0,0,0.9609856262833676,885.6532051282052,170.22,-0.4275274056024025,0,0,0.002849002849002849,2.424786324786325,0.0,851.1
C91454,1,557.76,557.76,2,3.0,1,2023-01-22,2023-01-22,0.0,0.0,1.0,Debit Card,Referral,800,800,0.0,0,2.190280629705681,254.6523,278.88,-0.9744214372704332,1,0,0.00125,0.6972,0.0,557.76
C91486,1,268.32,268.32,4,8.0,1,2023-08-20,2023-08-20,0.0,1.0,1.0,Cash,Google,590,590,0.0,0,1.6153319644079398,166.10827118644067,67.08,-0.7186358099869444,1,0,0.001694915254237288,0.45477966101694917,1.0,268.32
C91518,1,759.1500000000001,759.1500000000001,3,3.0,1,2024-08-26,2024-08-26,0.0,0.0,0.0,Online,Instagram,218,218,0.0,0,0.5968514715947981,1271.924483944954,253.05000000000004,-0.265529841656193,0,0,0.0045871559633027525,3.4823394495412847,0.0,759.1500000000001
C91582,1,1949.79,1949.79,3,7.0,1,2023-02-11,2023-02-11,0.0,0.0,1.0,Credit Card,Facebook,780,780,0.0,0,2.135523613963039,913.0266634615384,649.93,-0.9500609013386724,1,0,0.001282051282051282,2.4997307692307693,0.0,1949.79
C91805,1,1819.23,1819.23,3,7.0,1,2023-06-12,2023-06-12,0.0,1.0,1.0,Debit Card,Facebook,659,659,0.0,0,1.8042436687200547,1008.3061570561456,606.41,-0.8026796589515193,1,0,0.0015174506828528073,2.7605918057663126,1.0,1819.23
C91941,1,1188.0,1188.0,3,4.0,1,2023-06-16,2023-06-16,1.0,0.0,1.0,Gift Card,Instagram,655,655,0.0,0,1.7932922655715264,662.4687022900763,396.0,-0.7978075517651672,1,0,0.0015267175572519084,1.8137404580152672,1.0,1188.0
C92049,1,2666.08,2666.08,4,8.0,1,2023-10-02,2023-10-02,0.0,0.0,1.0,Cash,Email,547,547,0.0,0,1.497604380561259,1780.229835466179,666.52,-0.6662606577336586,1,0,0.0018281535648994515,4.87400365630713,0.0,2666.08
C92086,1,749.2,749.2,2,3.0,1,2025-02-07,2025-02-07,0.0,0.0,1.0,Online,Referral,53,53,0.0,0,0.1451060917180013,3943.4044713284898,374.6,-0.0645554202191661,0,0,0.018867924528301886,14.135849056603774,0.0,749.2
C92180,1,977.8,977.8,2,7.0,1,2023-10-31,2023-10-31,0.0,0.0,1.0,Cash,Facebook,518,518,0.0,0,1.4182067077344285,689.4622586872587,488.9,-0.6309378806326055,1,0,0.0019305019305019305,1.8876447876447875,0.0,977.8
C92294,1,1225.4,1225.4,4,7.0,1,2024-09-29,2024-09-29,0.0,0.0,1.0,Gift Card,Referral,184,184,0.0,0,0.5037645448323066,2432.4855978260875,306.35,-0.2241169305721996,0,0,0.005434782608695652,6.659782608695653,0.0,1225.4
C92407,1,1672.23,1672.23,3,4.0,1,2023-07-01,2023-07-01,0.0,0.0,0.0,Online,Email,640,640,0.0,0,1.7522245037645447,954.34688671875,557.41,-0.7795371498163465,1,0,0.0015625,2.612859375,0.0,1672.23
C92548,1,1132.25,1132.25,5,6.0,1,2024-02-04,2024-02-04,0.0,1.0,1.0,Debit Card,Email,422,422,0.0,0,1.1553730321697468,979.9865225118484,226.45,-0.5140073081601535,1,0,0.002369668246445498,2.683056872037915,1.0,1132.25
C92575,1,2464.7,2464.7,5,10.0,1,2024-09-30,2024-09-30,0.0,0.0,1.0,Cash,Email,183,183,0.0,0,0.5010266940451745,3943.4044713284898,492.94,-0.2228989037756115,0,0,0.00546448087431694,13.468306010928961,0.0,2464.7
C92788,1,243.71,243.71,1,6.0,1,2024-07-20,2024-07-20,0.0,0.0,1.0,Gift Card,Google,255,255,0.0,0,0.6981519507186859,349.0787352941176,243.71,-0.3105968331299505,0,0,0.00392156862745098,0.9557254901960784,0.0,243.71
C93007,1,465.66,465.66,2,7.0,1,2024-06-01,2024-06-01,0.0,0.0,0.0,Gift Card,Instagram,304,304,0.0,0,0.8323066392881588,559.4812993421052,232.83,-0.3702801461627646,0,0,0.003289473684210526,1.5317763157894737,0.0,465.66
C93220,1,730.34,730.34,2,4.0,1,2023-11-02,2023-11-02,1.0,0.0,1.0,Online,Facebook,516,516,0.0,0,1.4127310061601643,516.9703197674419,365.17,-0.6285018270394294,1,0,0.001937984496124031,1.4153875968992249,1.0,730.34
C93276,1,1652.25,1652.25,5,10.0,1,2023-03-19,2023-03-19,0.0,0.0,1.0,Gift Card,Google,744,744,0.0,0,2.036960985626284,811.1348286290323,330.45,-0.9062119366615028,1,0,0.0013440860215053765,2.220766129032258,0.0,1652.25
C93375,1,446.16,446.16,3,7.0,1,2024-07-27,2024-07-27,1.0,0.0,1.0,Debit Card,Google,248,248,0.0,0,0.6789869952087612,657.0965322580645,148.72,-0.3020706455538343,0,0,0.004032258064516129,1.7990322580645162,1.0,446.16
C93379,1,128.85,128.85,3,8.0,1,2023-04-05,2023-04-05,0.0,1.0,1.0,Gift Card,Email,727,727,0.0,0,1.990417522245037,64.73516162310867,42.95,-0.8855054811195061,1,0,0.001375515818431912,0.17723521320495184,1.0,128.85
C93467,1,2219.32,2219.32,4,6.0,1,2024-05-21,2024-05-21,0.0,1.0,0.0,Cash,Google,315,315,0.0,0,0.8624229979466119,2573.354380952381,554.83,-0.383678440925233,0,0,0.0031746031746031746,7.045460317460318,1.0,2219.32
C93473,1,3196.85,3196.85,5,6.0,1,2024-02-23,2024-02-23,0.0,0.0,1.0,Debit Card,Google,403,403,0.0,0,1.103353867214237,2897.3932071960294,639.37,-0.4908647990249807,1,0,0.0024813895781637717,7.932630272952854,0.0,3196.85
C93618,1,603.63,603.63,3,3.0,1,2025-03-14,2025-03-14,1.0,0.0,1.0,Online,Google,18,18,0.0,0,0.0492813141683778,3943.4044713284898,201.21,-0.0219244823385847,0,0,0.05555555555555555,33.535,1.0,603.63
C93768,1,972.9,972.9,3,8.0,1,2024-05-16,2024-05-16,0.0,0.0,1.0,Debit Card,Email,320,320,0.0,0,0.8761122518822724,1110.4741406250002,324.3,-0.3897685749081732,0,0,0.003125,3.0403124999999998,0.0,972.9
C93821,1,1075.44,1075.44,3,7.0,1,2024-12-05,2024-12-05,0.0,0.0,1.0,Gift Card,Facebook,117,117,0.0,0,0.3203285420944558,3357.303076923077,358.48,-0.1425091352008008,0,0,0.008547008547008548,9.191794871794873,0.0,1075.44
C93861,1,147.42,147.42,3,7.0,1,2024-02-17,2024-02-17,0.0,1.0,1.0,Online,Email,409,409,0.0,0,1.1197809719370295,131.65074572127136,49.13999999999999,-0.4981729598045089,1,0,0.0024449877750611247,0.360440097799511,1.0,147.42
C93948,1,336.87,336.87,3,6.0,1,2024-10-24,2024-10-24,0.0,0.0,0.0,Gift Card,Google,159,159,0.0,0,0.4353182751540041,773.8475943396227,112.29,-0.1936662606574986,0,0,0.006289308176100629,2.118679245283019,0.0,336.87
C94248,1,64.66,64.66,1,4.0,1,2025-02-15,2025-02-15,0.0,0.0,0.0,Debit Card,Instagram,45,45,0.0,0,0.1232032854209445,524.8236666666667,64.66,-0.0548112058464618,0,0,0.022222222222222223,1.4368888888888889,0.0,64.66
C94257,1,1394.38,1394.38,2,7.0,1,2023-08-03,2023-08-03,0.0,1.0,1.0,Cash,Email,607,607,0.0,0,1.6618754277891854,839.040024711697,697.19,-0.7393422655289411,1,0,0.0016474464579901153,2.297166392092257,1.0,1394.38
C94311,1,2740.8,2740.8,4,6.0,1,2024-07-20,2024-07-20,1.0,0.0,1.0,Gift Card,Google,255,255,0.0,0,0.6981519507186859,3925.792941176471,685.2,-0.3105968331299505,0,0,0.00392156862745098,10.748235294117647,1.0,2740.8
C94381,1,1216.08,1216.08,2,4.0,1,2023-01-29,2023-01-29,1.0,0.0,0.0,Cash,Google,793,793,0.0,0,2.1711156741957565,560.1175535939469,608.04,-0.9658952496943168,1,0,0.0012610340479192938,1.5335182849936948,1.0,1216.08
C94479,1,314.05,314.05,5,9.0,1,2023-06-26,2023-06-26,0.0,0.0,1.0,Credit Card,Facebook,645,645,0.0,0,1.7659137577002053,177.83994186046513,62.81,-0.7856272837992867,1,0,0.0015503875968992248,0.48689922480620157,0.0,314.05
C94508,1,176.28,176.28,4,6.0,1,2024-06-28,2024-06-28,0.0,0.0,0.0,Debit Card,Email,277,277,0.0,0,0.758384668035592,232.44140794223827,44.07,-0.3373934226548875,0,0,0.0036101083032490976,0.6363898916967509,0.0,176.28
C94568,1,1939.4,1939.4,4,5.0,1,2023-04-23,2023-04-23,0.0,0.0,1.0,Debit Card,Referral,709,709,0.0,0,1.94113620807666,999.1055712270804,484.85,-0.8635809987809213,1,0,0.0014104372355430183,2.73540197461213,0.0,1939.4
C94569,1,1675.35,837.6750000000001,3,2.5,1,2024-03-23,2024-06-21,0.5,0.0,0.5,Cash,Google,284,374,90.0,1,1.0239561943874058,1636.1539772727276,558.45,0.4987819732028029,0,1,0.00267379679144385,4.4795454545454545,0.5,1675.35
C94595,1,247.64,247.64,4,6.0,1,2023-12-16,2023-12-16,0.0,0.0,1.0,Gift Card,Email,472,472,0.0,0,1.2922655715263518,191.632436440678,61.91,-0.5749086479895555,1,0,0.00211864406779661,0.5246610169491525,0.0,247.64
C94658,1,886.44,886.44,2,5.0,1,2024-09-19,2024-09-19,0.0,0.0,0.0,Credit Card,Facebook,194,194,0.0,0,0.5311430527036276,1668.9289175257734,443.22,-0.23629719853808,0,0,0.005154639175257732,4.569278350515464,0.0,886.44
C94671,1,167.15,167.15,1,5.0,1,2024-09-23,2024-09-23,0.0,0.0,1.0,Gift Card,Email,190,190,0.0,0,0.5201916495550992,321.3238815789474,167.15,-0.2314250913517278,0,0,0.005263157894736842,0.8797368421052632,0.0,167.15
C94698,1,586.62,586.62,1,5.0,1,2024-06-03,2024-06-03,0.0,0.0,0.0,Debit Card,Facebook,302,302,0.0,0,0.8268309377138946,709.4799834437086,586.62,-0.3678440925695885,0,0,0.0033112582781456954,1.9424503311258279,0.0,586.62
C94921,1,438.2,438.2,2,4.0,1,2023-05-09,2023-05-09,0.0,0.0,1.0,Online,Referral,693,693,0.0,0,1.897330595482546,230.95606060606065,219.1,-0.8440925700355126,1,0,0.001443001443001443,0.6323232323232323,0.0,438.2
C95100,1,627.2,627.2,1,1.0,1,2024-02-28,2024-02-28,0.0,0.0,1.0,Online,Email,398,398,0.0,0,1.0896646132785763,575.5899497487437,627.2,-0.4847746650420405,1,0,0.002512562814070352,1.5758793969849247,0.0,627.2
C95213,1,1806.72,1806.72,3,8.0,1,2023-02-10,2023-02-10,0.0,0.0,0.0,Debit Card,Referral,781,781,0.0,0,2.138261464750171,844.9481177976952,602.24,-0.9512789281352604,1,0,0.0012804097311139564,2.3133418693982075,0.0,1806.72
C95269,1,389.7,389.7,2,5.0,1,2023-03-12,2023-03-12,0.0,1.0,0.0,Gift Card,Referral,751,751,0.0,0,2.0561259411362083,189.53119174434084,194.85,-0.9147381242376192,1,0,0.0013315579227696406,0.5189081225033289,1.0,389.7
C95568,1,973.41,973.41,3,4.0,1,2023-07-31,2023-07-31,0.0,0.0,1.0,Cash,Email,610,610,0.0,0,1.6700889801505818,582.8491844262295,324.47,-0.7429963459187052,1,0,0.001639344262295082,1.5957540983606557,0.0,973.41
C95623,1,1870.02,1870.02,3,3.0,1,2025-03-06,2025-03-06,1.0,0.0,1.0,Online,Instagram,26,26,0.0,0,0.0711841204654346,3943.4044713284898,623.34,-0.031668696711289,0,0,0.038461538461538464,71.92384615384616,1.0,1870.02
C95643,1,2426.28,2426.28,4,5.0,1,2023-06-09,2023-06-09,0.0,0.0,1.0,Debit Card,Referral,662,662,0.0,0,1.8124572210814511,1338.668836858006,606.57,-0.8063337393412834,1,0,0.0015105740181268882,3.6650755287009065,0.0,2426.28
C95667,1,463.08,463.08,4,7.0,1,2024-11-20,2024-11-20,0.0,0.0,1.0,Online,Instagram,132,132,0.0,0,0.3613963039014374,1281.363409090909,115.77,-0.1607795371496214,0,0,0.007575757575757576,3.508181818181818,0.0,463.08
C95856,1,1279.76,1279.76,2,5.0,1,2023-05-25,2023-05-25,0.0,0.0,1.0,Cash,Instagram,677,677,0.0,0,1.8535249828884328,690.4465878877401,639.88,-0.8246041412901041,1,0,0.0014771048744460858,1.8903397341211226,0.0,1279.76
C95901,1,1993.38,1993.38,3,4.0,1,2024-03-24,2024-03-24,0.0,0.0,1.0,Online,Google,373,373,0.0,0,1.0212183436002735,1951.9625871313676,664.46,-0.4543239951273394,1,0,0.002680965147453083,5.344182305630027,0.0,1993.38
C96034,1,121.08,121.08,4,9.0,1,2023-06-03,2023-06-03,0.0,0.0,1.0,Online,Google,668,668,0.0,0,1.828884325804244,66.20429640718562,30.27,-0.8136419001208116,1,0,0.0014970059880239522,0.18125748502994013,0.0,121.08
C96136,1,1946.1,1946.1,5,7.0,1,2024-08-17,2024-08-17,1.0,0.0,0.0,Cash,Referral,227,227,0.0,0,0.621492128678987,3131.3349118942733,389.22,-0.2764920828254854,0,0,0.004405286343612335,8.573127753303964,1.0,1946.1
C96257,1,1803.0,1803.0,4,6.0,1,2023-03-28,2023-03-28,0.0,0.0,1.0,Credit Card,Email,735,735,0.0,0,2.0123203285420943,895.980612244898,450.75,-0.8952496954922105,1,0,0.0013605442176870747,2.453061224489796,0.0,1803.0
C96283,1,924.03,924.03,3,3.0,1,2023-07-24,2023-07-24,0.0,0.0,1.0,Cash,Facebook,617,617,0.0,0,1.6892539356605063,547.0047933549432,308.01,-0.7515225334948216,1,0,0.0016207455429497568,1.4976175040518638,0.0,924.03
C96494,1,179.22,179.22,1,6.0,1,2023-07-31,2023-07-31,1.0,0.0,1.0,Online,Instagram,610,610,0.0,0,1.6700889801505818,107.3116475409836,179.22,-0.7429963459187052,1,0,0.001639344262295082,0.29380327868852457,1.0,179.22
C96583,1,139.36,139.36,4,8.0,1,2024-09-22,2024-09-22,0.0,0.0,0.0,Credit Card,Email,191,191,0.0,0,0.5229295003422314,266.4986387434555,34.84,-0.2326431181483159,0,0,0.005235602094240838,0.7296335078534032,0.0,139.36
C96595,1,1719.66,1719.66,3,5.0,1,2023-10-06,2023-10-06,0.0,0.0,1.0,Debit Card,Email,543,543,0.0,0,1.486652977412731,1156.7326243093923,573.22,-0.6613885505473065,1,0,0.001841620626151013,3.166961325966851,0.0,1719.66
C96636,1,39.56,39.56,1,5.0,1,2025-02-18,2025-02-18,1.0,0.0,0.0,Debit Card,Google,42,42,0.0,0,0.1149897330595482,344.03071428571434,39.56,-0.0511571254566977,0,0,0.023809523809523808,0.9419047619047619,1.0,39.56
C96664,1,769.3799999999999,769.3799999999999,3,4.0,1,2025-02-27,2025-02-27,0.0,0.0,1.0,Credit Card,Referral,33,33,0.0,0,0.0903490759753593,3943.4044713284898,256.46,-0.0401948842874053,0,0,0.030303030303030304,23.314545454545453,0.0,769.3799999999999
C96695,1,564.86,564.86,1,6.0,1,2025-02-02,2025-02-02,0.0,0.0,1.0,Debit Card,Referral,58,58,0.0,0,0.1587953456536618,3557.1571551724137,564.86,-0.0706455542021064,0,0,0.017241379310344827,9.738965517241379,0.0,564.86
C96787,1,1066.04,1066.04,2,2.0,1,2024-04-15,2024-04-15,0.0,0.0,0.0,Gift Card,Facebook,351,351,0.0,0,0.9609856262833676,1109.3194017094015,533.02,-0.4275274056024025,0,0,0.002849002849002849,3.037150997150997,0.0,1066.04
C96822,1,989.56,989.56,2,2.0,1,2023-01-31,2023-01-31,0.0,0.0,0.0,Online,Google,791,791,0.0,0,2.1656399726214923,456.93652338811626,494.78,-0.9634591961011408,1,0,0.0012642225031605564,1.25102402022756,0.0,989.56
C97148,1,1135.16,1135.16,4,8.0,1,2024-07-28,2024-07-28,0.0,0.0,0.0,Online,Google,247,247,0.0,0,0.676249144421629,1678.612105263158,283.79,-0.3008526187572462,0,0,0.004048582995951417,4.595789473684211,0.0,1135.16
C97187,1,670.54,670.54,1,6.0,1,2023-07-02,2023-07-02,0.0,0.0,1.0,Cash,Referral,639,639,0.0,0,1.749486652977413,383.2781455399061,670.54,-0.7783191230197585,1,0,0.001564945226917058,1.049358372456964,0.0,670.54
C97218,1,2300.7,2300.7,5,10.0,1,2025-03-07,2025-03-07,0.0,1.0,1.0,Credit Card,Facebook,25,25,0.0,0,0.0684462696783025,3943.4044713284898,460.14,-0.030450669914701,0,0,0.04,92.02799999999999,1.0,2300.7
C97262,1,1724.04,1724.04,4,7.0,1,2023-01-14,2023-01-14,0.0,1.0,0.0,Credit Card,Referral,808,808,0.0,0,2.212183436002738,779.3386262376238,431.01,-0.9841656516431374,1,0,0.0012376237623762376,2.1337128712871287,1.0,1724.04
C97454,1,698.8,698.8,2,2.0,1,2024-01-26,2024-01-26,0.0,0.0,1.0,Online,Instagram,431,431,0.0,0,1.1800136892539357,592.1965197215777,349.4,-0.5249695493294458,1,0,0.002320185614849188,1.6213457076566125,0.0,698.8
C97485,1,915.64,915.64,4,4.0,1,2023-10-29,2023-10-29,0.0,0.0,1.0,Cash,Google,520,520,0.0,0,1.4236824093086926,643.1490576923077,228.91,-0.6333739342257815,1,0,0.0019230769230769232,1.7608461538461537,0.0,915.64
C97593,1,2855.2200000000003,1427.61,5,7.0,1,2023-05-03,2024-02-22,0.0,0.0,1.0,Debit Card,Facebook,404,699,295.0,1,1.9137577002053388,1491.944356223176,571.0440000000001,0.4987819732028029,1,1,0.001430615164520744,4.084721030042918,0.0,2855.2200000000003
C97603,1,2373.08,2373.08,4,5.0,1,2024-09-11,2024-09-11,0.0,0.0,0.0,Online,Facebook,202,202,0.0,0,0.5530458590006845,3943.4044713284898,593.27,-0.2460414129107843,0,0,0.0049504950495049506,11.747920792079208,0.0,2373.08
C97643,1,2051.0,2051.0,4,8.0,1,2023-03-12,2023-03-12,0.0,1.0,1.0,Debit Card,Google,751,751,0.0,0,2.0561259411362083,997.5069906790944,512.75,-0.9147381242376192,1,0,0.0013315579227696406,2.7310252996005326,1.0,2051.0
C97715,1,727.82,727.82,2,2.0,1,2025-03-15,2025-03-15,0.0,0.0,1.0,Gift Card,Referral,17,17,0.0,0,0.0465434633812457,3943.4044713284898,363.91,-0.0207064555419967,0,0,0.058823529411764705,42.81294117647059,0.0,727.82
C97735,1,408.5,408.5,5,6.0,1,2023-12-30,2023-12-30,0.0,0.0,0.0,Credit Card,Instagram,458,458,0.0,0,1.2539356605065024,325.7742903930131,81.7,-0.557856272837323,1,0,0.002183406113537118,0.8919213973799127,0.0,408.5
C97749,1,1026.06,1026.06,3,5.0,1,2024-08-06,2024-08-06,0.0,0.0,0.0,Debit Card,Email,238,238,0.0,0,0.6516084873374401,1574.6572058823529,342.02,-0.2898903775879538,0,0,0.004201680672268907,4.311176470588235,0.0,1026.06
C97774,1,1807.88,1807.88,4,7.0,1,2025-01-26,2025-01-26,1.0,0.0,1.0,Online,Email,65,65,0.0,0,0.1779603011635865,3943.4044713284898,451.97,-0.0791717417782226,0,0,0.015384615384615385,27.813538461538464,1.0,1807.88
C97907,1,1758.63,1758.63,3,4.0,1,2024-08-27,2024-08-27,0.0,0.0,1.0,Gift Card,Referral,217,217,0.0,0,0.5941136208076659,2960.0903571428576,586.21,-0.264311814859605,0,0,0.004608294930875576,8.104285714285714,0.0,1758.63
C98096,1,635.54,635.54,2,4.0,1,2023-02-16,2023-02-16,1.0,0.0,1.0,Debit Card,Facebook,775,775,0.0,0,2.1218343600273784,299.52385161290323,317.77,-0.943970767355732,1,0,0.0012903225806451613,0.8200516129032258,1.0,635.54
C98168,1,2103.5,2103.5,5,5.0,1,2023-01-05,2023-01-05,0.0,0.0,1.0,Cash,Facebook,817,817,0.0,0,2.236824093086927,940.3958078335372,420.7,-0.99512789281243,1,0,0.0012239902080783353,2.5746634026927784,0.0,2103.5
C98216,1,2463.75,2463.75,5,6.0,1,2023-03-15,2023-03-15,0.0,0.0,1.0,Cash,Referral,748,748,0.0,0,2.047912388774812,1203.054395053476,492.75,-0.911084043847855,1,0,0.001336898395721925,3.293783422459893,0.0,2463.75
C98276,1,14.06,14.06,1,5.0,1,2024-05-20,2024-05-20,0.0,0.0,1.0,Credit Card,Referral,316,316,0.0,0,0.865160848733744,16.25131329113924,14.06,-0.384896467721821,0,0,0.0031645569620253164,0.04449367088607595,0.0,14.06
C98278,1,1241.49,1241.49,3,8.0,1,2024-05-31,2024-05-31,0.0,0.0,1.0,Gift Card,Facebook,305,305,0.0,0,0.8350444900752909,1486.7351557377049,413.83,-0.3714981729593526,0,0,0.003278688524590164,4.070459016393443,0.0,1241.49
C98317,1,2786.84,2786.84,4,4.0,1,2024-12-16,2024-12-16,0.0,0.0,0.0,Debit Card,Instagram,106,106,0.0,0,0.2902121834360027,3943.4044713284898,696.71,-0.1291108404383323,0,0,0.009433962264150943,26.290943396226417,0.0,2786.84
C98332,1,1316.67,1316.67,3,3.0,1,2023-01-28,2023-01-28,0.0,1.0,0.0,Cash,Facebook,794,794,0.0,0,2.1738535249828885,605.684782745592,438.89,-0.9671132764909048,1,0,0.0012594458438287153,1.6582745591939547,1.0,1316.67
C98354,1,151.02,151.02,3,3.0,1,2023-05-28,2023-05-28,0.0,1.0,1.0,Gift Card,Instagram,674,674,0.0,0,1.845311430527036,81.83984421364987,50.34,-0.82095006090034,1,0,0.001483679525222552,0.22406528189910982,1.0,151.02
C98450,1,357.64,357.64,4,9.0,1,2024-07-18,2024-07-18,0.0,0.0,0.0,Online,Google,257,257,0.0,0,0.70362765229295,508.2801945525292,89.41,-0.3130328867231266,0,0,0.0038910505836575876,1.3915953307392996,0.0,357.64
C98474,1,2175.34,1087.67,6,5.5,1,2023-03-27,2024-06-03,0.0,0.0,0.5,Debit Card,Instagram,302,736,434.0,1,2.0150581793292264,1079.5420312500005,362.5566666666667,0.4987819732028029,0,1,0.001358695652173913,2.9556250000000004,0.0,2175.34
C98483,1,110.7,110.7,5,10.0,1,2024-04-11,2024-04-11,0.0,1.0,0.0,Cash,Instagram,355,355,0.0,0,0.971937029431896,113.8962676056338,22.14,-0.4323995127887547,0,0,0.0028169014084507044,0.31183098591549296,1.0,110.7
C98761,1,1994.04,1994.04,4,4.0,1,2023-10-27,2023-10-27,0.0,0.0,1.0,Debit Card,Google,522,522,0.0,0,1.429158110882957,1395.255,498.51,-0.6358099878189576,1,0,0.0019157088122605363,3.82,0.0,1994.04
C99023,1,1371.8,1371.8,4,6.0,1,2024-11-17,2024-11-17,0.0,0.0,0.0,Cash,Google,135,135,0.0,0,0.3696098562628336,3711.481111111111,342.95,-0.1644336175393856,0,0,0.007407407407407408,10.16148148148148,0.0,1371.8
C99024,1,684.65,684.65,1,1.0,1,2024-11-24,2024-11-24,0.0,0.0,1.0,Credit Card,Email,128,128,0.0,0,0.3504449007529089,1953.65947265625,684.65,-0.1559074299632693,0,0,0.0078125,5.348828125,0.0,684.65
C99050,1,1201.14,1201.14,2,3.0,1,2025-03-29,2025-03-29,0.0,1.0,1.0,Debit Card,Instagram,3,3,0.0,0,0.0082135523613963,3943.4044713284898,600.57,-0.0036540803897641,0,0,0.3333333333333333,400.38000000000005,1.0,1201.14
C99116,1,2746.44,2746.44,4,6.0,1,2023-05-08,2023-05-08,0.0,0.0,0.0,Cash,Referral,694,694,0.0,0,1.9000684462696784,1445.442665706052,686.61,-0.8453105968321007,1,0,0.001440922190201729,3.957406340057637,0.0,2746.44
C99128,1,138.33,138.33,3,5.0,1,2024-08-31,2024-08-31,0.0,1.0,1.0,Gift Card,Referral,213,213,0.0,0,0.5831622176591376,237.2067253521127,46.11000000000001,-0.2594397076732528,0,0,0.004694835680751174,0.6494366197183099,1.0,138.33
C99173,1,1070.52,1070.52,3,5.0,1,2025-01-21,2025-01-21,0.0,0.0,1.0,Online,Instagram,70,70,0.0,0,0.191649555099247,3943.4044713284898,356.84,-0.0852618757611629,0,0,0.014285714285714285,15.293142857142858,0.0,1070.52
C99217,1,1435.65,1435.65,5,10.0,1,2023-12-01,2023-12-01,0.0,0.0,1.0,Online,Email,487,487,0.0,0,1.3333333333333333,1076.7375000000002,287.13,-0.5931790499383761,1,0,0.002053388090349076,2.947946611909651,0.0,1435.65
C99271,1,226.58,226.58,2,5.0,1,2023-11-18,2023-11-18,0.0,0.0,1.0,Cash,Facebook,500,500,0.0,0,1.3689253935660506,165.51669,113.29,-0.6090133982940207,1,0,0.002,0.45316,0.0,226.58
C99533,1,678.01,678.01,1,4.0,1,2023-03-21,2023-03-21,0.0,0.0,1.0,Cash,Referral,742,742,0.0,0,2.0314852840520192,333.7508793800539,678.01,-0.9037758830683268,1,0,0.0013477088948787063,0.9137601078167116,0.0,678.01
C99683,1,1663.2,1663.2,5,10.0,1,2025-01-23,2025-01-23,0.0,0.0,0.0,Gift Card,Referral,68,68,0.0,0,0.1861738535249829,3943.4044713284898,332.64,-0.0828258221679868,0,0,0.014705882352941176,24.458823529411767,0.0,1663.2
C99775,1,1654.84,1654.84,4,9.0,1,2023-09-05,2023-09-05,1.0,0.0,1.0,Gift Card,Facebook,574,574,0.0,0,1.571526351813826,1053.0144773519164,413.71,-0.6991473812415357,1,0,0.0017421602787456446,2.882996515679442,1.0,1654.84
C99879,1,821.8799999999999,821.8799999999999,3,8.0,1,2024-03-13,2024-03-13,0.0,1.0,1.0,Debit Card,Google,384,384,0.0,0,1.051334702258727,781.7491406249999,273.96,-0.4677222898898079,1,0,0.0026041666666666665,2.1403125,1.0,821.8799999999999
