CustomerID,Frequency,Monetary,AvgOrderValue,TotalQuantity,AvgItemsInCart,ProductDiversity,FirstOrderDate,LastOrderDate,PctCancelled,PctReturned,PctCouponUsed,DominantPaymentMethod,DominantReferralSource,Recency,Tenure,AvgDaysBetweenOrders,IsRepeatCustomer,TenureYears,CLV_Proxy,SpendPerItem,EngagementScore,Churn
C10002,1,1470.03,1470.03,3,4.0,1,2023-10-16,2023-10-16,0.0,1.0,1.0,Cash,Facebook,533,533,,0,1.45927446954141,1007.3704643527204,490.01,-0.649208282581426,1
C10054,1,153.48,153.48,2,7.0,1,2024-10-14,2024-10-14,0.0,1.0,1.0,Cash,Instagram,169,169,,0,0.46269678302532513,331.70751479289936,76.74,-0.205846528623379,1
C10126,1,1349.8,1349.8,2,4.0,1,2023-06-18,2023-06-18,0.0,0.0,1.0,Online,Facebook,653,653,,0,1.787816563997262,754.9991577335376,674.9,-0.795371498171991,1
C10154,1,1303.04,1303.04,4,8.0,1,2024-07-29,2024-07-29,0.0,0.0,1.0,Gift Card,Email,246,246,,0,0.6735112936344969,1934.6965853658537,325.76,-0.29963459196065817,1
C10211,1,635.9000000000001,635.9000000000001,5,10.0,1,2024-05-09,2024-05-09,1.0,0.0,1.0,Debit Card,Google,327,327,,0,0.8952772073921971,710.2827981651377,127.18000000000002,-0.3982947624842895,1
C10222,1,204.08,204.08,1,4.0,1,2023-09-27,2023-09-27,0.0,1.0,0.0,Gift Card,Google,552,552,,0,1.51129363449692,135.0366304347826,204.08,-0.6723507917165988,1
C10477,1,466.42,466.42,1,5.0,1,2023-05-03,2023-05-03,0.0,0.0,1.0,Gift Card,Email,699,699,,0,1.9137577002053388,243.7194635193133,466.42,-0.851400730815041,1
C10642,1,922.74,922.74,2,5.0,1,2024-06-12,2024-06-12,0.0,0.0,1.0,Cash,Google,293,293,,0,0.8021902806297057,1150.2757167235495,461.37,-0.3568818514002961,1
C10787,1,1099.28,1099.28,4,9.0,1,2023-10-23,2023-10-23,0.0,0.0,1.0,Debit Card,Email,526,526,,0,1.4401095140314852,763.3308365019011,274.82,-0.6406820950053098,1
C10791,1,355.09,355.09,1,5.0,1,2023-12-20,2023-12-20,1.0,0.0,1.0,Debit Card,Instagram,468,468,,0,1.2813141683778233,277.12953525641024,355.09,-0.5700365408032034,1
C10866,1,789.5699999999999,789.5699999999999,3,5.0,1,2023-12-26,2023-12-26,0.0,0.0,0.0,Online,Instagram,462,462,,0,1.264887063655031,624.2217370129869,263.19,-0.5627283800236751,1
C10892,1,754.94,754.94,2,7.0,1,2024-07-20,2024-07-20,0.0,0.0,0.0,Cash,Google,255,255,,0,0.6981519507186859,1081.3405294117647,377.47,-0.31059683312995057,1
C11127,1,1306.65,1306.65,5,5.0,1,2024-08-28,2024-08-28,0.0,1.0,1.0,Credit Card,Referral,216,216,,0,0.5913757700205339,2209.508854166667,261.33000000000004,-0.2630937880630169,1
C11210,1,454.6,454.6,5,9.0,1,2024-09-09,2024-09-09,0.0,0.0,1.0,Credit Card,Facebook,204,204,,0,0.5585215605749486,813.9345588235295,90.92,-0.24847746650396044,1
C11415,1,2876.2,2876.2,5,7.0,1,2024-03-15,2024-03-15,0.0,0.0,1.0,Cash,Email,382,382,,0,1.0458590006844628,2750.08390052356,575.24,-0.4652862362966318,1
C11473,1,146.82,146.82,2,2.0,1,2023-12-28,2023-12-28,0.0,0.0,1.0,Online,Google,460,460,,0,1.2594113620807665,116.57827173913043,73.41,-0.5602923264304991,1
C11644,1,46.66,46.66,1,6.0,1,2023-07-21,2023-07-21,1.0,0.0,0.0,Cash,Google,620,620,,0,1.6974674880219027,27.48800806451613,46.66,-0.7551766138845857,1
C11657,1,264.4,264.4,4,9.0,1,2023-12-10,2023-12-10,0.0,1.0,1.0,Cash,Google,478,478,,0,1.3086926762491444,202.03368200836817,66.1,-0.5822168087690838,1
C11665,1,337.38,337.38,3,6.0,1,2023-04-28,2023-04-28,0.0,0.0,1.0,Gift Card,Instagram,704,704,,0,1.9274469541409993,175.03983664772727,112.46,-0.8574908647979811,1
C11849,1,476.5,476.5,2,7.0,1,2024-10-27,2024-10-27,1.0,0.0,1.0,Online,Email,156,156,,0,0.4271047227926078,1115.6514423076924,238.25,-0.19001218026773445,1
C11893,1,1582.0,1582.0,5,7.0,1,2024-09-20,2024-09-20,0.0,1.0,0.0,Gift Card,Email,193,193,,0,0.5284052019164955,2993.914507772021,316.4,-0.23507917174149198,1
C11906,1,1237.59,1237.59,3,6.0,1,2025-01-01,2025-01-01,0.0,0.0,1.0,Online,Google,90,90,,0,0.2464065708418891,5022.55275,412.53,-0.10962241169292372,1
C11921,1,452.7,452.7,1,5.0,1,2024-11-29,2024-11-29,0.0,0.0,1.0,Debit Card,Instagram,123,123,,0,0.33675564681724846,1344.2981707317074,452.7,-0.14981729598032908,1
C11940,1,448.02,448.02,3,7.0,1,2023-09-05,2023-09-05,1.0,0.0,1.0,Gift Card,Email,574,574,,0,1.571526351813826,285.08589721254356,149.34,-0.6991473812415357,1
C11985,1,30.44,30.44,1,1.0,1,2023-10-07,2023-10-07,0.0,0.0,1.0,Credit Card,Email,542,542,,0,1.483915126625599,20.51330258302583,30.44,-0.6601705237507184,1
C11998,1,1495.98,1495.98,3,6.0,1,2025-02-16,2025-02-16,1.0,0.0,0.0,Cash,Email,44,44,,0,0.12046543463381246,12418.333977272727,498.66,-0.05359317904987382,1
C12039,1,132.68,132.68,1,1.0,1,2023-12-12,2023-12-12,0.0,1.0,1.0,Debit Card,Referral,476,476,,0,1.3032169746748803,101.80960084033613,132.68,-0.5797807551759077,1
C12245,1,815.58,815.58,2,3.0,1,2023-05-17,2023-05-17,0.0,0.0,0.0,Debit Card,Google,685,685,,0,1.8754277891854894,434.87678102189784,407.79,-0.8343483556628084,1
C12301,1,531.74,531.74,1,1.0,1,2023-09-11,2023-09-11,0.0,0.0,1.0,Online,Google,568,568,,0,1.5550992470910336,341.9331602112676,531.74,-0.6918392204620075,1
C12388,1,2683.6,2683.6,5,10.0,1,2023-05-01,2023-05-01,0.0,0.0,0.0,Cash,Email,701,701,,0,1.919233401779603,1398.266619115549,536.72,-0.853836784408217,1
C12408,1,161.54,161.54,2,4.0,1,2023-08-26,2023-08-26,0.0,0.0,0.0,Debit Card,Google,584,584,,0,1.5989048596851472,101.03165239726027,80.77,-0.7113276492074162,1
C12421,1,93.02,93.02,1,4.0,1,2023-04-28,2023-04-28,0.0,1.0,0.0,Online,Email,704,704,,0,1.9274469541409993,48.26073153409091,93.02,-0.8574908647979811,1
C12444,1,230.88,230.88,3,8.0,1,2024-09-17,2024-09-17,0.0,1.0,1.0,Cash,Email,196,196,,0,0.5366187542778919,430.2495918367347,76.96,-0.23873325213125612,1
C12459,1,284.16,284.16,2,4.0,1,2024-09-06,2024-09-06,0.0,0.0,1.0,Gift Card,Referral,207,207,,0,0.5667351129363449,501.3982608695653,142.08,-0.2521315468937246,1
C12472,1,252.93,252.93,3,3.0,1,2024-02-25,2024-02-25,0.0,0.0,1.0,Credit Card,Email,401,401,,0,1.0978781656399725,230.3807543640898,84.31,-0.4884287454318046,1
C12479,1,124.1,124.1,5,10.0,1,2023-10-02,2023-10-02,0.0,0.0,0.0,Credit Card,Referral,547,547,,0,1.4976043805612593,82.86567641681901,24.82,-0.6662606577336586,1
C12487,1,1427.07,1427.07,3,3.0,1,2024-01-08,2024-01-08,1.0,0.0,1.0,Gift Card,Google,449,449,,0,1.2292950034223136,1160.884894209354,475.69,-0.5468940316680306,1
C12607,1,281.52,281.52,1,6.0,1,2023-04-05,2023-04-05,0.0,0.0,1.0,Gift Card,Referral,727,727,,0,1.9904175222450375,141.43766162310865,281.52,-0.8855054811195061,1
C12609,1,547.32,547.32,4,8.0,1,2023-11-26,2023-11-26,0.0,0.0,1.0,Debit Card,Email,492,492,,0,1.3470225872689938,406.31835365853664,136.83,-0.5992691839213163,1
C12740,1,644.75,644.75,5,10.0,1,2023-09-21,2023-09-21,0.0,0.0,1.0,Cash,Instagram,558,558,,0,1.5277207392197125,422.033938172043,128.95,-0.6796589524961271,1
C12813,1,1462.7,1462.7,5,8.0,1,2025-03-15,2025-03-15,1.0,0.0,1.0,Debit Card,Email,17,17,,0,0.04654346338124572,31426.539705882355,292.54,-0.020706455541996703,1
C12818,1,191.04,191.04,3,6.0,1,2023-12-13,2023-12-13,0.0,1.0,0.0,Cash,Facebook,475,475,,0,1.3004791238877482,146.89970526315787,63.68,-0.5785627283793197,1
C13100,1,1177.64,1177.64,4,4.0,1,2023-12-18,2023-12-18,0.0,0.0,0.0,Debit Card,Instagram,470,470,,0,1.2867898699520877,915.1766170212767,294.41,-0.5724725943963794,1
C13108,1,3293.85,3293.85,5,10.0,1,2024-04-25,2024-04-25,0.0,0.0,1.0,Gift Card,Instagram,341,341,,0,0.9336071184120466,3528.0900659824047,658.77,-0.4153471376365221,1
C13169,1,536.07,536.07,1,5.0,1,2023-11-15,2023-11-15,0.0,0.0,1.0,Debit Card,Google,503,503,,0,1.377138945927447,389.2635536779324,536.07,-0.6126674786837848,1
C13186,1,889.68,889.68,2,7.0,1,2023-08-29,2023-08-29,0.0,0.0,0.0,Online,Facebook,581,581,,0,1.5906913073237507,559.3039931153185,444.84,-0.7076735688176521,1
C13205,1,2107.1,2107.1,5,7.0,1,2023-01-25,2023-01-25,1.0,0.0,0.0,Debit Card,Instagram,797,797,,0,2.1820670773442847,965.644008782936,421.41999999999996,-0.970767356880669,1
C13296,1,108.82,108.82,2,6.0,1,2023-06-03,2023-06-03,0.0,0.0,0.0,Online,Instagram,668,668,,0,1.8288843258042438,59.50075598802395,54.41,-0.8136419001208116,1
C13324,1,1199.48,1199.48,2,2.0,1,2025-03-15,2025-03-15,0.0,0.0,0.0,Gift Card,Instagram,17,17,,0,0.04654346338124572,25771.180588235293,599.74,-0.020706455541996703,1
C13366,1,2714.2,2714.2,4,5.0,1,2023-07-06,2023-07-06,0.0,0.0,0.0,Cash,Email,635,635,,0,1.7385352498288844,1561.1992913385825,678.55,-0.7734470158334062,1
C13501,1,427.6,427.6,5,5.0,1,2023-08-23,2023-08-23,1.0,0.0,0.0,Gift Card,Facebook,587,587,,0,1.6071184120465434,266.06626916524704,85.52000000000001,-0.7149817295971803,1
C13525,1,212.79,212.79,3,5.0,1,2024-06-13,2024-06-13,0.0,1.0,0.0,Debit Card,Referral,292,292,,0,0.7994524298425736,266.16968321917807,70.92999999999999,-0.3556638246037081,1
C13540,1,1239.64,1239.64,4,5.0,1,2023-06-04,2023-06-04,0.0,0.0,1.0,Debit Card,Google,667,667,,0,1.8261464750171115,678.8283508245878,309.91,-0.8124238733242236,1
C13877,1,3384.9,3384.9,5,5.0,1,2023-11-26,2023-11-26,1.0,0.0,0.0,Cash,Facebook,492,492,,0,1.3470225872689938,2512.875457317073,676.98,-0.5992691839213163,1
C13923,1,118.8,118.8,1,6.0,1,2023-10-08,2023-10-08,0.0,0.0,1.0,Online,Email,541,541,,0,1.4811772758384667,80.20646950092421,118.8,-0.6589524969541304,1
C14005,1,80.46,80.46,2,4.0,1,2024-01-01,2024-01-01,1.0,0.0,1.0,Credit Card,Google,456,456,,0,1.2484599589322383,64.44740131578946,40.23,-0.5554202192441469,1
C14017,1,1248.32,1248.32,2,2.0,1,2023-05-09,2023-05-09,0.0,0.0,1.0,Debit Card,Instagram,693,693,,0,1.8973305954825461,657.9348917748918,624.16,-0.8440925700355126,1
C14080,1,283.69,283.69,1,6.0,1,2024-06-27,2024-06-27,0.0,0.0,0.0,Gift Card,Google,278,278,,0,0.7611225188227242,372.7258003597122,283.69,-0.33861144945147553,1
C14114,1,1704.06,1704.06,3,3.0,1,2024-09-27,2024-09-27,0.0,0.0,1.0,Online,Instagram,186,186,,0,0.5092402464065708,3346.2791129032257,568.02,-0.2265529841653757,1
C14240,1,491.11,491.11,1,4.0,1,2023-05-03,2023-05-03,0.0,0.0,1.0,Credit Card,Facebook,699,699,,0,1.9137577002053388,256.6207832618026,491.11,-0.851400730815041,1
C14427,1,533.9,533.9,2,3.0,1,2024-07-23,2024-07-23,0.0,0.0,0.0,Credit Card,Instagram,252,252,,0,0.6899383983572895,773.8372023809524,266.95,-0.30694275274018645,1
C14455,1,164.85,164.85,3,8.0,1,2023-12-09,2023-12-09,0.0,1.0,1.0,Cash,Referral,479,479,,0,1.3114305270362765,125.70242693110647,54.949999999999996,-0.5834348355656719,1
C14457,1,395.4,395.4,5,8.0,1,2024-05-29,2024-05-29,0.0,0.0,0.0,Cash,Facebook,307,307,,0,0.840520191649555,470.4229641693811,79.08,-0.3739342265525287,1
C14552,1,1120.0,1120.0,5,9.0,1,2023-01-23,2023-01-23,0.0,1.0,1.0,Cash,Google,799,799,,0,2.187542778918549,511.9899874843555,224.0,-0.9732034104738451,1
C14553,1,440.1899999999999,440.1899999999999,3,8.0,1,2024-09-09,2024-09-09,0.0,0.0,1.0,Cash,Email,204,204,,0,0.5585215605749486,788.1343014705881,146.72999999999996,-0.24847746650396044,1
C14568,1,885.32,885.32,4,5.0,1,2023-02-11,2023-02-11,0.0,0.0,0.0,Online,Google,780,780,,0,2.135523613963039,414.5681153846154,221.33,-0.9500609013386723,1
C14576,1,2156.8,2156.8,4,8.0,1,2024-04-18,2024-04-18,0.0,0.0,1.0,Credit Card,Google,348,348,,0,0.9527720739219713,2263.710344827586,539.2,-0.42387332521263843,1
C14600,1,441.8,441.8,2,4.0,1,2023-07-20,2023-07-20,0.0,0.0,0.0,Gift Card,Email,621,621,,0,1.700205338809035,259.8509661835749,220.9,-0.7563946406811737,1
C14737,1,581.64,581.64,4,7.0,1,2023-01-14,2023-01-14,0.0,1.0,1.0,Credit Card,Email,808,808,,0,2.212183436002738,262.92575495049505,145.41,-0.9841656516431374,1
C14837,1,183.18,183.18,1,6.0,1,2023-04-01,2023-04-01,1.0,0.0,1.0,Debit Card,Email,731,731,,0,2.001368925393566,91.52735294117647,183.18,-0.8903775883058582,1
C14847,2,1097.81,548.905,5,4.0,2,2023-01-01,2024-12-19,0.0,0.0,0.5,Cash,Email,103,821,718.0,1,2.2477754962354553,488.3984196102314,219.56199999999998,0.8745432389514316,1
C14891,1,1654.96,1654.96,4,7.0,1,2024-03-23,2024-03-23,0.0,1.0,1.0,Gift Card,Instagram,374,374,,0,1.0239561943874058,1616.241016042781,413.74,-0.4555420219239275,1
C14983,1,17.24,17.24,1,2.0,1,2023-07-12,2023-07-12,0.0,0.0,1.0,Online,Instagram,629,629,,0,1.7221081451060918,10.010985691573925,17.24,-0.766138855053878,1
C15063,1,426.1,426.1,5,7.0,1,2024-04-29,2024-04-29,1.0,0.0,1.0,Credit Card,Email,337,337,,0,0.9226557152635181,461.81906528189916,85.22,-0.41047503045017,1
C15146,1,190.55,190.55,5,6.0,1,2023-08-17,2023-08-17,1.0,0.0,1.0,Debit Card,Instagram,593,593,,0,1.623545516769336,117.36658937605398,38.11,-0.7222898903767085,1
C15228,1,1422.42,1422.42,3,8.0,1,2024-02-19,2024-02-19,0.0,0.0,1.0,Gift Card,Google,407,407,,0,1.1143052703627652,1276.5083660933662,474.14000000000004,-0.4957369062113329,1
C15257,1,580.2,580.2,4,6.0,1,2025-03-21,2025-03-21,0.0,0.0,1.0,Online,Google,11,11,,0,0.030116358658453114,19265.277272727275,145.05,-0.013398294762468455,1
C15283,1,381.02,381.02,1,6.0,1,2023-11-25,2023-11-25,0.0,0.0,0.0,Cash,Google,493,493,,0,1.3497604380561259,282.2871298174442,381.02,-0.6004872107179045,1
C15624,1,3097.6,3097.6,5,9.0,1,2025-01-21,2025-01-21,0.0,0.0,0.0,Debit Card,Email,70,70,,0,0.19164955509924708,16162.834285714285,619.52,-0.0852618757611629,1
C15629,1,912.4499999999999,912.4499999999999,3,3.0,1,2023-04-16,2023-04-16,0.0,0.0,1.0,Gift Card,Instagram,716,716,,0,1.9603011635865846,465.46419343575417,304.15,-0.8721071863570377,1
C15681,1,2161.64,2161.64,4,6.0,1,2023-08-22,2023-08-22,1.0,0.0,0.0,Credit Card,Referral,588,588,,0,1.6098562628336757,1342.7534183673467,540.41,-0.7161997563937683,1
C15849,1,525.43,525.43,1,2.0,1,2024-12-23,2024-12-23,1.0,0.0,1.0,Cash,Instagram,99,99,,0,0.27104722792607805,1938.5182575757572,525.43,-0.1205846528622161,1
C15924,1,245.89,245.89,1,3.0,1,2024-12-19,2024-12-19,0.0,0.0,1.0,Debit Card,Google,103,103,,0,0.28199863107460643,871.9545873786408,245.89,-0.12545676004856826,1
C16012,1,630.82,630.82,1,5.0,1,2025-03-28,2025-03-28,0.0,0.0,1.0,Online,Google,4,4,,0,0.010951403148528405,57601.75125000001,630.82,-0.004872107186352166,1
C16400,1,628.4399999999999,628.4399999999999,3,4.0,1,2024-10-08,2024-10-08,0.0,0.0,0.0,Debit Card,Email,175,175,,0,0.4791238877481177,1311.644057142857,209.48,-0.21315468940290724,1
C16429,1,679.65,679.65,1,6.0,1,2024-03-26,2024-03-26,0.0,0.0,1.0,Debit Card,Google,371,371,,0,1.0157426420260096,669.1163409703504,679.65,-0.45188794153416334,1
C16612,1,600.54,600.54,1,4.0,1,2025-03-19,2025-03-19,0.0,0.0,1.0,Debit Card,Google,13,13,,0,0.03559206023271732,16872.864230769228,600.54,-0.01583434835564454,1
C16693,1,949.72,949.72,4,8.0,1,2025-02-05,2025-02-05,1.0,0.0,1.0,Cash,Referral,55,55,,0,0.15058179329226556,6307.004181818183,237.43,-0.06699147381234227,1
C16702,1,1390.17,1390.17,3,3.0,1,2023-08-27,2023-08-27,0.0,1.0,0.0,Credit Card,Facebook,583,583,,0,1.596167008898015,870.9426972555747,463.39000000000004,-0.7101096224108281,1
C16758,1,188.31,188.31,3,6.0,1,2024-11-01,2024-11-01,0.0,0.0,1.0,Gift Card,Referral,151,151,,0,0.4134154688569473,455.4981953642384,62.77,-0.18392204628479425,1
C16775,1,3353.75,3353.75,5,8.0,1,2023-03-27,2023-03-27,0.0,0.0,1.0,Gift Card,Instagram,736,736,,0,2.0150581793292264,1664.344004755435,670.75,-0.8964677222887985,1
C16776,1,320.0,320.0,2,4.0,1,2023-09-04,2023-09-04,0.0,0.0,1.0,Cash,Instagram,575,575,,0,1.5742642026009583,203.2695652173913,160.0,-0.7003654080381237,1
C16790,1,258.96,258.96,4,8.0,1,2023-04-08,2023-04-08,1.0,0.0,1.0,Gift Card,Google,724,724,,0,1.9822039698836413,130.6424585635359,64.74,-0.881851400729742,1
C17075,1,1259.04,1259.04,4,8.0,1,2024-07-25,2024-07-25,0.0,0.0,0.0,Online,Instagram,250,250,,0,0.6844626967830253,1839.4574400000001,314.76,-0.30450669914701034,1
C17103,1,1278.36,1278.36,3,5.0,1,2024-01-05,2024-01-05,0.0,0.0,1.0,Online,Instagram,452,452,,0,1.2375085557837098,1033.0110398230088,426.11999999999995,-0.5505481120577947,1
C17132,1,386.03,386.03,1,4.0,1,2024-12-07,2024-12-07,0.0,0.0,1.0,Online,Google,115,115,,0,0.31485284052019163,1226.0648478260869,386.03,-0.14007308160762477,1
C17136,1,641.96,641.96,4,8.0,1,2023-07-26,2023-07-26,0.0,0.0,1.0,Credit Card,Referral,615,615,,0,1.6837782340862424,381.2616097560976,160.49,-0.7490864799016455,1
C17181,1,2276.65,2276.65,5,8.0,1,2025-02-25,2025-02-25,1.0,0.0,1.0,Credit Card,Google,35,35,,0,0.09582477754962354,23758.46892857143,455.33000000000004,-0.04263093788058145,1
C17269,1,1733.8,1733.8,4,4.0,1,2023-05-03,2023-05-03,1.0,0.0,0.0,Gift Card,Facebook,699,699,,0,1.9137577002053388,905.9663090128755,433.45,-0.851400730815041,1
C17302,1,359.99,359.99,1,5.0,1,2023-07-25,2023-07-25,1.0,0.0,1.0,Gift Card,Email,616,616,,0,1.6865160848733745,213.45186282467532,359.99,-0.7503045066982335,1
C17388,1,317.25,317.25,1,1.0,1,2024-02-10,2024-02-10,0.0,1.0,1.0,Debit Card,Facebook,416,416,,0,1.1389459274469542,278.5470252403846,317.25,-0.5066991473806253,1
C17389,1,522.08,522.08,1,5.0,1,2024-11-10,2024-11-10,0.0,1.0,1.0,Gift Card,Referral,142,142,,0,0.3887748117727584,1342.8853521126762,522.08,-0.17295980511550188,1
C17470,1,461.9,461.9,2,3.0,1,2024-10-30,2024-10-30,0.0,0.0,1.0,Online,Referral,153,153,,0,0.4188911704312115,1102.6730392156862,230.95,-0.18635809987797033,1
C17591,1,479.76,479.76,1,1.0,1,2023-09-29,2023-09-29,0.0,0.0,0.0,Credit Card,Email,550,550,,0,1.5058179329226558,318.6042545454545,479.76,-0.6699147381234227,1
C17921,1,1210.6,1210.6,4,8.0,1,2023-02-20,2023-02-20,1.0,0.0,1.0,Credit Card,Referral,771,771,,0,2.11088295687885,573.5040856031128,302.65,-0.9390986601693799,1
C17966,1,185.74,185.74,2,5.0,1,2023-10-17,2023-10-17,0.0,0.0,1.0,Credit Card,Facebook,532,532,,0,1.4565366187542779,127.52168233082708,92.87,-0.647990255784838,1
C18037,1,140.68,140.68,2,3.0,1,2023-03-08,2023-03-08,1.0,0.0,1.0,Gift Card,Email,755,755,,0,2.0670773442847366,68.05744370860927,70.34,-0.9196102314239712,1
C18076,1,1766.22,1766.22,3,8.0,1,2023-12-01,2023-12-01,0.0,0.0,1.0,Debit Card,Email,487,487,,0,1.3333333333333333,1324.6650000000002,588.74,-0.5931790499383761,1
C18104,1,635.9000000000001,635.9000000000001,5,9.0,1,2024-11-15,2024-11-15,1.0,0.0,1.0,Cash,Referral,137,137,,0,0.3750855578370979,1695.3465328467155,127.18000000000002,-0.16686967113256168,1
C18105,1,2332.08,2332.08,4,4.0,1,2024-10-25,2024-10-25,0.0,0.0,1.0,Online,Facebook,158,158,,0,0.432580424366872,5391.09,583.02,-0.19244823386091053,1
C18138,1,1618.38,1618.38,3,4.0,1,2023-04-06,2023-04-06,0.0,0.0,1.0,Credit Card,Facebook,726,726,,0,1.9876796714579055,814.2056404958679,539.46,-0.884287454322918,1
C18167,1,887.84,887.84,4,7.0,1,2024-03-17,2024-03-17,0.0,0.0,0.0,Cash,Google,380,380,,0,1.0403832991101984,853.3777894736843,221.96,-0.46285018270345574,1
C18187,1,605.28,605.28,1,3.0,1,2024-11-18,2024-11-18,0.0,0.0,1.0,Gift Card,Referral,134,134,,0,0.3668720054757016,1649.8397014925372,605.28,-0.16321559074279754,1
C18404,1,3370.2,3370.2,5,7.0,1,2023-02-28,2023-02-28,1.0,0.0,1.0,Online,Google,763,763,,0,2.088980150581793,1613.323132372215,674.04,-0.9293544457966756,1
C18567,1,365.84,365.84,4,9.0,1,2023-09-23,2023-09-23,1.0,0.0,1.0,Cash,Referral,556,556,,0,1.5222450376454484,240.32924460431653,91.46,-0.6772228989029511,1
C18583,1,1822.1,1822.1,5,10.0,1,2023-08-20,2023-08-20,1.0,0.0,1.0,Credit Card,Referral,590,590,,0,1.6153319644079398,1128.0034322033898,364.41999999999996,-0.7186358099869444,1
C18717,1,2793.15,2793.15,5,8.0,1,2023-03-26,2023-03-26,0.0,0.0,1.0,Cash,Referral,737,737,,0,2.0177960301163584,1384.257852781547,558.63,-0.8976857490853866,1
C18724,1,616.1,616.1,1,6.0,1,2024-06-09,2024-06-09,0.0,1.0,0.0,Cash,Email,296,296,,0,0.810403832991102,760.2382601351352,616.1,-0.36053593179006027,1
C18820,1,2573.0,2573.0,5,10.0,1,2023-06-12,2023-06-12,0.0,0.0,1.0,Gift Card,Instagram,659,659,,0,1.8042436687200547,1426.0823216995448,514.6,-0.8026796589515193,1
C18826,1,1443.3,1443.3,3,3.0,1,2023-08-29,2023-08-29,0.0,1.0,1.0,Credit Card,Facebook,581,581,,0,1.5906913073237507,907.3413511187608,481.09999999999997,-0.7076735688176521,1
C18944,1,1575.2,1575.2,4,7.0,1,2023-01-20,2023-01-20,0.0,0.0,1.0,Credit Card,Email,802,802,,0,2.195756331279945,717.3837905236909,393.8,-0.9768574908636092,1
C18984,1,1767.9,1767.9,3,6.0,1,2024-04-04,2024-04-04,0.0,1.0,1.0,Credit Card,Referral,362,362,,0,0.9911019849418207,1783.7720303867404,589.3000000000001,-0.440925700364871,1
C19071,1,1352.94,1352.94,3,8.0,1,2025-02-24,2025-02-24,0.0,0.0,1.0,Credit Card,Referral,36,36,,0,0.09856262833675565,13726.70375,450.98,-0.04384896467716949,1
C19266,1,442.17,442.17,3,3.0,1,2023-03-04,2023-03-04,0.0,1.0,0.0,Debit Card,Email,759,759,,0,2.078028747433265,212.78338932806327,147.39000000000001,-0.9244823386103235,1
C19384,1,351.16,351.16,4,6.0,1,2023-12-24,2023-12-24,1.0,0.0,1.0,Cash,Instagram,464,464,,0,1.270362765229295,276.42497844827585,87.79,-0.5651644336168512,1
C19402,1,1204.68,1204.68,4,6.0,1,2023-12-19,2023-12-19,1.0,0.0,0.0,Online,Email,469,469,,0,1.2840520191649556,938.186289978678,301.17,-0.5712545675997914,1
C19451,1,2357.76,2357.76,4,5.0,1,2024-12-22,2024-12-22,0.0,1.0,0.0,Gift Card,Facebook,100,100,,0,0.2737850787132101,8611.718400000002,589.44,-0.12180267965880413,1
C19648,1,2673.44,2673.44,4,5.0,1,2024-09-20,2024-09-20,1.0,0.0,1.0,Gift Card,Facebook,193,193,,0,0.5284052019164955,5059.450569948187,668.36,-0.23507917174149198,1
C19722,1,596.24,596.24,1,4.0,1,2024-05-31,2024-05-31,0.0,1.0,1.0,Credit Card,Instagram,305,305,,0,0.8350444900752909,714.0218360655738,596.24,-0.3714981729593526,1
C19742,1,332.09,332.09,1,5.0,1,2023-09-13,2023-09-13,0.0,1.0,1.0,Gift Card,Instagram,566,566,,0,1.5496235455167693,214.30366166077738,332.09,-0.6894031668688314,1
C19759,1,1176.6,1176.6,2,2.0,1,2025-01-02,2025-01-02,0.0,0.0,1.0,Online,Email,89,89,,0,0.243668720054757,4828.687078651685,588.3,-0.10840438489633568,1
C20077,1,2372.88,2372.88,4,8.0,1,2024-03-06,2024-03-06,1.0,0.0,1.0,Credit Card,Facebook,391,391,,0,1.0704996577686516,2216.609769820972,593.22,-0.4762484774659242,1
C20095,1,1325.06,1325.06,2,5.0,1,2024-03-04,2024-03-04,1.0,0.0,0.0,Online,Facebook,393,393,,0,1.0759753593429158,1231.4966030534351,662.53,-0.47868453105910025,1
C20124,1,177.46,177.46,2,5.0,1,2023-12-18,2023-12-18,0.0,0.0,0.0,Online,Google,470,470,,0,1.2867898699520877,137.9090744680851,88.73,-0.5724725943963794,1
C20212,1,1834.35,1834.35,3,4.0,1,2023-12-05,2023-12-05,0.0,0.0,1.0,Gift Card,Instagram,483,483,,0,1.322381930184805,1387.1559782608695,611.4499999999999,-0.588306942752024,1
C20256,1,1616.22,1616.22,3,6.0,1,2024-12-11,2024-12-11,0.0,0.0,1.0,Online,Email,111,111,,0,0.30390143737166325,5318.237432432433,538.74,-0.1352009744212726,1
C20257,1,1343.9,1343.9,5,7.0,1,2023-12-29,2023-12-29,0.0,0.0,1.0,Debit Card,Email,459,459,,0,1.2566735112936345,1069.4106209150327,268.78000000000003,-0.559074299633911,1
C20286,1,571.9,571.9,1,1.0,1,2024-09-16,2024-09-16,0.0,0.0,1.0,Gift Card,Instagram,197,197,,0,0.5393566050650239,1060.3374365482234,571.9,-0.23995127892784415,1
C20338,1,370.85,370.85,1,2.0,1,2024-12-24,2024-12-24,0.0,0.0,1.0,Gift Card,Referral,98,98,,0,0.2683093771389459,1382.173086734694,370.85,-0.11936662606562806,1
C20357,1,2077.32,2077.32,3,8.0,1,2024-06-12,2024-06-12,1.0,0.0,1.0,Debit Card,Google,293,293,,0,0.8021902806297057,2589.5601706484645,692.44,-0.3568818514002961,1
C20448,1,296.44,296.44,2,7.0,1,2023-08-15,2023-08-15,0.0,0.0,1.0,Credit Card,Instagram,595,595,,0,1.6290212183436004,181.97430252100838,148.22,-0.7247259439698847,1
C20512,1,2763.12,2763.12,4,9.0,1,2023-07-19,2023-07-19,0.0,0.0,0.0,Credit Card,Referral,622,622,,0,1.702943189596167,1622.5555948553053,690.78,-0.7576126674777618,1
C20624,1,479.56,479.56,1,1.0,1,2025-03-15,2025-03-15,0.0,1.0,1.0,Gift Card,Google,17,17,,0,0.04654346338124572,10303.487647058824,479.56,-0.020706455541996703,1
C20643,1,2011.96,2011.96,4,4.0,1,2024-02-16,2024-02-16,0.0,0.0,1.0,Debit Card,Referral,410,410,,0,1.1225188227241616,1792.3619268292682,502.99,-0.499390986601097,1
C20670,1,935.82,935.82,2,5.0,1,2024-04-09,2024-04-09,0.0,1.0,1.0,Gift Card,Facebook,357,357,,0,0.9774127310061602,957.4460924369748,467.91,-0.43483556638193077,1
C20731,1,1777.76,1777.76,4,8.0,1,2023-05-19,2023-05-19,1.0,0.0,1.0,Debit Card,Google,683,683,,0,1.8699520876112252,950.6981551976573,444.44,-0.8319123020696323,1
C20752,1,572.13,572.13,1,4.0,1,2023-12-22,2023-12-22,1.0,0.0,1.0,Debit Card,Google,466,466,,0,1.2758384668035592,448.4345118025751,572.13,-0.5676004872100273,1
C20817,1,3078.35,3078.35,5,6.0,1,2023-05-16,2023-05-16,0.0,0.0,1.0,Online,Email,686,686,,0,1.8781656399726214,1639.019442419825,615.67,-0.8355663824593964,1
C20881,1,1288.1,1288.1,2,5.0,1,2023-07-18,2023-07-18,1.0,0.0,1.0,Gift Card,Referral,623,623,,0,1.7056810403832992,755.1822231139646,644.05,-0.7588306942743498,1
C20977,1,1740.48,1740.48,4,9.0,1,2023-06-11,2023-06-11,0.0,0.0,1.0,Credit Card,Instagram,660,660,,0,1.8069815195071868,963.1974545454545,435.12,-0.8038976857481073,1
C21043,1,694.5,694.5,1,3.0,1,2024-07-18,2024-07-18,0.0,0.0,1.0,Credit Card,Facebook,257,257,,0,0.70362765229295,987.0277237354086,694.5,-0.3130328867231266,1
C21126,1,107.04,107.04,1,6.0,1,2024-06-20,2024-06-20,1.0,0.0,1.0,Credit Card,Google,285,285,,0,0.7802874743326489,137.1802105263158,107.04,-0.3471376370275918,1
C21147,1,335.1,335.1,1,6.0,1,2023-06-16,2023-06-16,0.0,0.0,1.0,Debit Card,Referral,655,655,,0,1.7932922655715264,186.86301526717557,335.1,-0.7978075517651672,1
C21167,1,2235.6,2235.6,4,9.0,1,2023-02-11,2023-02-11,0.0,0.0,1.0,Gift Card,Google,780,780,,0,2.135523613963039,1046.8626923076922,558.9,-0.9500609013386723,1
C21181,1,1350.2,1350.2,2,4.0,1,2024-04-07,2024-04-07,0.0,0.0,1.0,Cash,Google,359,359,,0,0.9828884325804244,1373.706267409471,675.1,-0.4372716199751069,1
C21191,1,321.96,321.96,2,3.0,1,2024-04-11,2024-04-11,0.0,0.0,1.0,Debit Card,Referral,355,355,,0,0.971937029431896,331.2560281690141,160.98,-0.4323995127887547,0
C21227,1,590.87,590.87,1,6.0,1,2023-02-08,2023-02-08,0.0,1.0,1.0,Gift Card,Referral,783,783,,0,2.1437371663244353,275.6261398467433,590.87,-0.9537149817284364,1
C21437,1,222.73,222.73,1,4.0,1,2024-05-10,2024-05-10,0.0,1.0,0.0,Online,Google,326,326,,0,0.892539356605065,249.54641871165643,222.73,-0.3970767356877015,1
C21665,1,1700.72,1700.72,4,8.0,1,2023-09-30,2023-09-30,0.0,1.0,1.0,Online,Facebook,549,549,,0,1.5030800821355237,1131.4899453551911,425.18,-0.6686967113268347,1
C21905,1,298.06,298.06,1,3.0,1,2023-12-21,2023-12-21,0.0,0.0,1.0,Debit Card,Google,467,467,,0,1.2785763175906912,233.11866167023555,298.06,-0.5688185140066153,1
C21944,1,297.75,297.75,5,6.0,1,2024-03-06,2024-03-06,0.0,0.0,0.0,Online,Referral,391,391,,0,1.0704996577686516,278.14114450127875,59.55,-0.4762484774659242,1
C21953,1,250.46,250.46,2,3.0,1,2024-09-19,2024-09-19,1.0,0.0,1.0,Cash,Email,194,194,,0,0.5311430527036276,471.54904639175265,125.23,-0.23629719853808004,1
C22101,1,265.2,265.2,2,4.0,1,2023-03-14,2023-03-14,1.0,0.0,1.0,Debit Card,Email,749,749,,0,2.0506502395619437,129.32483311081444,132.6,-0.912302070644443,1
C22123,1,672.89,672.89,1,1.0,1,2023-09-24,2023-09-24,0.0,0.0,1.0,Credit Card,Email,555,555,,0,1.5195071868583163,442.8343648648648,672.89,-0.676004872106363,1
C22167,1,2178.3,2178.3,5,9.0,1,2023-08-20,2023-08-20,0.0,0.0,0.0,Online,Facebook,590,590,,0,1.6153319644079398,1348.5153813559323,435.66,-0.7186358099869444,1
C22429,1,604.8,604.8,4,9.0,1,2023-07-02,2023-07-02,0.0,0.0,1.0,Gift Card,Facebook,639,639,,0,1.7494866529774127,345.7014084507042,151.2,-0.7783191230197585,1
C22534,1,529.19,529.19,1,5.0,1,2023-01-20,2023-01-20,1.0,0.0,0.0,Cash,Referral,802,802,,0,2.195756331279945,241.00579488778058,529.19,-0.9768574908636092,1
C22657,1,1901.91,1901.91,3,7.0,1,2023-12-28,2023-12-28,0.0,0.0,1.0,Cash,Facebook,460,460,,0,1.2594113620807665,1510.1578858695655,633.97,-0.5602923264304991,1
C22783,1,2771.64,2771.64,4,9.0,1,2024-09-11,2024-09-11,0.0,0.0,1.0,Credit Card,Instagram,202,202,,0,0.5530458590006845,5011.591633663366,692.91,-0.24604141291078435,1
C22981,1,472.2,472.2,3,7.0,1,2024-04-15,2024-04-15,1.0,0.0,1.0,Debit Card,Email,351,351,,0,0.9609856262833676,491.3705128205128,157.4,-0.42752740560240254,1
C22991,1,252.68,252.68,1,1.0,1,2025-03-31,2025-03-31,1.0,0.0,0.0,Online,Referral,1,1,,0,0.0027378507871321013,92291.37000000001,252.68,-0.0012180267965880415,1
C23279,1,87.34,87.34,2,4.0,1,2023-07-25,2023-07-25,0.0,1.0,1.0,Cash,Instagram,616,616,,0,1.6865160848733745,51.78723214285714,43.67,-0.7503045066982335,1
C23334,1,331.06,331.06,1,5.0,1,2024-05-16,2024-05-16,0.0,0.0,1.0,Credit Card,Instagram,320,320,,0,0.8761122518822724,377.873953125,331.06,-0.38976857490817324,1
C23405,1,2780.4,2780.4,4,8.0,1,2024-08-23,2024-08-23,0.0,1.0,0.0,Debit Card,Email,221,221,,0,0.6050650239561944,4595.208597285067,695.1,-0.26918392204595715,1
C23555,1,1633.44,1633.44,4,4.0,1,2023-10-16,2023-10-16,1.0,0.0,1.0,Gift Card,Referral,533,533,,0,1.45927446954141,1119.3507692307694,408.36,-0.649208282581426,1
C23637,1,553.56,553.56,1,5.0,1,2023-05-31,2023-05-31,1.0,0.0,0.0,Credit Card,Referral,671,671,,0,1.83709787816564,301.323084947839,553.56,-0.8172959805105757,1
C23899,1,1358.45,1358.45,5,7.0,1,2025-03-26,2025-03-26,0.0,1.0,1.0,Online,Instagram,6,6,,0,0.01642710472279261,82695.64375,271.69,-0.0073081607795282486,1
C23917,1,127.55,127.55,1,3.0,1,2023-04-27,2023-04-27,0.0,0.0,1.0,Cash,Referral,705,705,,0,1.9301848049281314,66.08175531914894,127.55,-0.8587088915945692,1
C23947,1,120.98,120.98,1,6.0,1,2023-05-18,2023-05-18,0.0,0.0,1.0,Debit Card,Email,684,684,,0,1.8726899383983573,64.60225877192983,120.98,-0.8331303288662203,1
C23978,1,576.35,576.35,1,1.0,1,2024-09-30,2024-09-30,0.0,1.0,1.0,Gift Card,Instagram,183,183,,0,0.5010266940451745,1150.3379098360656,576.35,-0.22289890377561158,1
C24047,1,937.8,937.8,4,9.0,1,2023-05-06,2023-05-06,1.0,0.0,1.0,Online,Instagram,696,696,,0,1.9055441478439425,492.14288793103447,234.45,-0.8477466504252769,1
C24212,1,322.08,322.08,3,5.0,1,2023-10-08,2023-10-08,0.0,0.0,1.0,Gift Card,Google,541,541,,0,1.4811772758384667,217.44865064695009,107.36,-0.6589524969541304,1
C24301,1,1284.08,1284.08,2,4.0,1,2024-10-26,2024-10-26,0.0,0.0,1.0,Gift Card,Email,157,157,,0,0.42984257357973993,2987.326242038216,642.04,-0.1912302070643225,1
C24347,1,646.9,646.9,2,5.0,1,2025-02-16,2025-02-16,0.0,1.0,1.0,Credit Card,Instagram,44,44,,0,0.12046543463381246,5370.005113636364,323.45,-0.05359317904987382,1
C24369,1,1079.19,1079.19,3,7.0,1,2024-03-13,2024-03-13,0.0,1.0,1.0,Debit Card,Email,384,384,,0,1.051334702258727,1026.49517578125,359.73,-0.4677222898898079,1
C24751,1,2506.3,2506.3,5,10.0,1,2023-12-07,2023-12-07,0.0,0.0,1.0,Gift Card,Referral,481,481,,0,1.3169062286105406,1903.1727130977133,501.26000000000005,-0.5858708891588479,1
C24765,1,719.72,719.72,2,4.0,1,2024-07-04,2024-07-04,1.0,0.0,0.0,Debit Card,Referral,271,271,,0,0.7419575633127995,970.0285239852399,359.86,-0.3300852618753592,1
C24769,1,57.1,57.1,2,7.0,1,2023-11-05,2023-11-05,0.0,0.0,1.0,Gift Card,Email,513,513,,0,1.404517453798768,40.654532163742694,28.55,-0.6248477466496652,1
C24884,1,260.26,260.26,1,5.0,1,2024-07-22,2024-07-22,0.0,0.0,1.0,Online,Instagram,253,253,,0,0.6926762491444216,375.7310869565217,260.26,-0.30816077953677445,1
C24901,1,299.7,299.7,3,8.0,1,2023-05-05,2023-05-05,0.0,0.0,1.0,Cash,Facebook,697,697,,0,1.9082819986310746,157.05225968436153,99.89999999999999,-0.8489646772218649,1
C25123,1,629.21,629.21,1,2.0,1,2023-05-26,2023-05-26,0.0,0.0,1.0,Gift Card,Instagram,676,676,,0,1.8507871321013005,339.96886464497044,629.21,-0.823386114493516,1
C25149,1,1054.48,1054.48,4,5.0,1,2023-09-29,2023-09-29,0.0,0.0,1.0,Cash,Email,550,550,,0,1.5058179329226558,700.2705818181818,263.62,-0.6699147381234227,1
C25162,1,688.36,688.36,2,7.0,1,2023-11-09,2023-11-09,0.0,0.0,0.0,Credit Card,Referral,509,509,,0,1.3935660506502396,493.95577603143414,344.18,-0.619975639463313,1
C25268,1,665.11,665.11,1,3.0,1,2025-03-04,2025-03-04,0.0,0.0,1.0,Cash,Instagram,28,28,,0,0.07665982203969883,8676.122410714286,665.11,-0.03410475030446516,1
C25276,1,3313.9,3313.9,5,9.0,1,2023-05-26,2023-05-26,0.0,0.0,1.0,Debit Card,Instagram,676,676,,0,1.8507871321013005,1790.5354659763314,662.78,-0.823386114493516,1
C25316,1,79.06,79.06,2,3.0,1,2024-06-27,2024-06-27,0.0,0.0,1.0,Credit Card,Google,278,278,,0,0.7611225188227242,103.87289568345324,39.53,-0.33861144945147553,1
C25382,1,454.35,454.35,5,5.0,1,2023-06-24,2023-06-24,0.0,0.0,0.0,Cash,Instagram,647,647,,0,1.7713894592744694,256.4935664605874,90.87,-0.7880633373924628,1
C25406,1,161.24,161.24,1,3.0,1,2024-12-18,2024-12-18,0.0,0.0,1.0,Credit Card,Instagram,104,104,,0,0.28473648186173856,566.2779807692308,161.24,-0.12667478684515632,1
C25445,1,658.5,658.5,5,8.0,1,2025-01-29,2025-01-29,0.0,0.0,1.0,Cash,Google,62,62,,0,0.1697467488021903,3879.308467741935,131.7,-0.07551766138845857,1
C25503,1,211.14,211.14,2,5.0,1,2023-12-13,2023-12-13,0.0,1.0,1.0,Debit Card,Google,475,475,,0,1.3004791238877482,162.35554736842104,105.57,-0.5785627283793197,1
C25534,1,984.2,984.2,5,5.0,1,2023-01-23,2023-01-23,0.0,0.0,1.0,Credit Card,Instagram,799,799,,0,2.187542778918549,449.9112015018774,196.84,-0.9732034104738451,1
C25580,1,1563.36,1563.36,4,9.0,1,2023-03-02,2023-03-02,1.0,0.0,1.0,Credit Card,Referral,761,761,,0,2.083504449007529,750.3511695137977,390.84,-0.9269183922034995,1
C25587,1,48.4,48.4,4,8.0,1,2024-12-09,2024-12-09,1.0,0.0,0.0,Debit Card,Google,113,113,,0,0.30937713894592744,156.4433628318584,12.1,-0.1376370280144487,1
C25783,1,1253.4,1253.4,5,8.0,1,2025-03-22,2025-03-22,0.0,0.0,1.0,Cash,Instagram,10,10,,0,0.02737850787132101,45780.435000000005,250.68,-0.012180267965880414,1
C25841,1,904.6500000000001,904.6500000000001,3,5.0,1,2024-05-29,2024-05-29,0.0,0.0,1.0,Debit Card,Google,307,307,,0,0.840520191649555,1076.2977605863193,301.55,-0.3739342265525287,1
C25918,1,666.9499999999999,666.9499999999999,5,6.0,1,2023-08-03,2023-08-03,0.0,0.0,1.0,Credit Card,Referral,607,607,,0,1.6618754277891854,401.3237026359143,133.39,-0.7393422655289411,1
C25967,1,1709.8,1709.8,5,6.0,1,2024-01-16,2024-01-16,0.0,0.0,0.0,Debit Card,Email,441,441,,0,1.2073921971252566,1416.1098639455784,341.96,-0.5371498172953263,1
C26118,1,144.78,144.78,2,7.0,1,2023-03-26,2023-03-26,0.0,0.0,1.0,Online,Instagram,737,737,,0,2.0177960301163584,71.75155359565808,72.39,-0.8976857490853866,1
C26137,1,856.18,856.18,2,6.0,1,2025-03-12,2025-03-12,0.0,1.0,0.0,Credit Card,Instagram,20,20,,0,0.05475701574264202,15635.98725,428.09,-0.024360535931760827,1
C26152,1,972.7,972.7,2,6.0,1,2024-06-14,2024-06-14,0.0,0.0,1.0,Online,Referral,291,291,,0,0.7967145790554415,1220.8889175257732,486.35,-0.35444579780712004,1
C26163,1,625.1,625.1,5,9.0,1,2024-07-03,2024-07-03,0.0,0.0,1.0,Debit Card,Google,272,272,,0,0.7446954140999316,839.4035845588236,125.02000000000001,-0.33130328867194725,1
C26188,1,618.68,618.68,1,6.0,1,2023-04-20,2023-04-20,0.0,0.0,1.0,Online,Referral,712,712,,0,1.949349760438056,317.3776264044944,618.68,-0.8672350791706854,1
C26210,1,1334.25,1334.25,3,6.0,1,2023-11-27,2023-11-27,0.0,0.0,1.0,Cash,Facebook,491,491,,0,1.3442847364818618,992.5352596741344,444.75,-0.5980511571247283,1
C26223,1,657.07,657.07,1,4.0,1,2024-10-04,2024-10-04,0.0,0.0,1.0,Cash,Google,179,179,,0,0.49007529089664614,1340.7531703910615,657.07,-0.21802679658925941,1
C26340,1,369.2,369.2,2,7.0,1,2024-03-13,2024-03-13,0.0,0.0,1.0,Gift Card,Email,384,384,,0,1.051334702258727,351.17265625,184.6,-0.4677222898898079,1
C26364,1,1314.24,1314.24,4,4.0,1,2023-04-16,2023-04-16,0.0,1.0,1.0,Debit Card,Email,716,716,,0,1.9603011635865846,670.4275977653631,328.56,-0.8721071863570377,1
C26445,1,1500.24,1500.24,3,6.0,1,2023-06-30,2023-06-30,0.0,1.0,0.0,Debit Card,Facebook,641,641,,0,1.754962354551677,854.8559438377534,500.08,-0.7807551766129346,1
C26637,1,869.8000000000001,869.8000000000001,5,8.0,1,2023-08-31,2023-08-31,0.0,0.0,1.0,Debit Card,Instagram,579,579,,0,1.5852156057494866,548.6950777202073,173.96,-0.705237515224476,1
C26718,1,1052.36,1052.36,4,8.0,1,2025-01-30,2025-01-30,0.0,0.0,1.0,Debit Card,Google,61,61,,0,0.16700889801505817,6301.221147540983,263.09,-0.07429963459187053,1
C26767,1,303.6,303.6,1,5.0,1,2023-08-10,2023-08-10,0.0,0.0,1.0,Cash,Facebook,600,600,,0,1.6427104722792607,184.81650000000002,303.6,-0.7308160779528249,1
C26966,1,1872.9,1872.9,5,10.0,1,2023-05-06,2023-05-06,1.0,0.0,1.0,Gift Card,Instagram,696,696,,0,1.9055441478439425,982.8688577586207,374.58000000000004,-0.8477466504252769,1
C27070,1,2612.52,2612.52,4,8.0,1,2024-10-07,2024-10-07,0.0,0.0,1.0,Credit Card,Instagram,176,176,,0,0.48186173853524983,5421.721193181818,653.13,-0.21437271619949527,1
C27078,1,1181.9,1181.9,5,7.0,1,2024-11-02,2024-11-02,0.0,1.0,0.0,Credit Card,Facebook,150,150,,0,0.4106776180698152,2877.9265000000005,236.38000000000002,-0.18270401948820622,1
C27202,1,3267.35,3267.35,5,10.0,1,2024-08-19,2024-08-19,1.0,0.0,1.0,Credit Card,Referral,225,225,,0,0.6160164271047228,5303.998166666666,653.47,-0.2740560292323093,1
C27203,1,1040.85,1040.85,5,6.0,1,2023-02-16,2023-02-16,0.0,1.0,1.0,Credit Card,Facebook,775,775,,0,2.1218343600273784,490.5425322580645,208.17,-0.943970767355732,1
C27305,1,1390.58,1390.58,2,6.0,1,2024-07-25,2024-07-25,0.0,0.0,1.0,Credit Card,Instagram,250,250,,0,0.6844626967830253,2031.63738,695.29,-0.30450669914701034,1
C27401,1,1619.73,1619.73,3,8.0,1,2024-11-24,2024-11-24,0.0,0.0,0.0,Credit Card,Email,128,128,,0,0.35044490075290896,4621.9248632812505,539.91,-0.1559074299632693,1
C27430,1,474.25,474.25,5,6.0,1,2025-02-04,2025-02-04,0.0,0.0,1.0,Cash,Email,56,56,,0,0.15331964407939766,3093.2109375000005,94.85,-0.06820950060893032,1
C27435,1,2104.9,2104.9,5,7.0,1,2024-05-27,2024-05-27,0.0,0.0,1.0,Cash,Facebook,309,309,,0,0.8459958932238193,2488.0735436893206,420.98,-0.3763702801457048,1
C27438,1,70.32,70.32,1,4.0,1,2023-11-11,2023-11-11,0.0,1.0,1.0,Cash,Facebook,507,507,,0,1.3880903490759753,50.65952662721893,70.32,-0.617539585870137,1
C27613,1,2462.6,2462.6,4,9.0,1,2024-06-27,2024-06-27,0.0,0.0,1.0,Debit Card,Google,278,278,,0,0.7611225188227242,3235.4843525179854,615.65,-0.33861144945147553,1
C27898,1,2513.55,2513.55,5,7.0,1,2023-10-09,2023-10-09,0.0,0.0,1.0,Gift Card,Google,540,540,,0,1.4784394250513346,1700.137291666667,502.71000000000004,-0.6577344701575424,1
C28049,1,1293.38,1293.38,2,7.0,1,2023-05-21,2023-05-21,0.0,0.0,1.0,Debit Card,Instagram,681,681,,0,1.864476386036961,693.696101321586,646.69,-0.8294762484764562,1
C28386,1,277.09,277.09,1,2.0,1,2024-04-06,2024-04-06,0.0,1.0,1.0,Cash,Referral,360,360,,0,0.9856262833675564,281.13089583333334,277.09,-0.4384896467716949,1
C28552,1,29.86,29.86,2,4.0,1,2025-02-25,2025-02-25,0.0,0.0,0.0,Online,Facebook,35,35,,0,0.09582477754962354,311.6104285714286,14.93,-0.04263093788058145,1
C28648,1,1895.44,1895.44,4,7.0,1,2024-04-28,2024-04-28,0.0,0.0,1.0,Debit Card,Facebook,338,338,,0,0.9253935660506503,2048.2528402366866,473.86,-0.411693057246758,1
C28712,1,303.32,303.32,2,6.0,1,2024-05-06,2024-05-06,1.0,0.0,0.0,Cash,Instagram,330,330,,0,0.9034907597535934,335.7200909090909,151.66,-0.40194884287405364,1
C28740,1,1670.97,1670.97,3,4.0,1,2023-06-30,2023-06-30,1.0,0.0,1.0,Online,Facebook,641,641,,0,1.754962354551677,952.140081903276,556.99,-0.7807551766129346,1
C28828,1,395.88,395.88,3,8.0,1,2025-02-04,2025-02-04,0.0,0.0,0.0,Credit Card,Instagram,56,56,,0,0.15331964407939766,2582.0566071428575,131.96,-0.06820950060893032,1
C28889,1,258.87,258.87,3,6.0,1,2025-03-04,2025-03-04,0.0,0.0,1.0,Cash,Instagram,28,28,,0,0.07665982203969883,3376.8666964285717,86.29,-0.03410475030446516,1
C28893,1,620.21,620.21,1,1.0,1,2024-11-10,2024-11-10,0.0,1.0,1.0,Online,Referral,142,142,,0,0.3887748117727584,1595.2936795774647,620.21,-0.17295980511550188,1
C28976,1,1067.62,1067.62,2,3.0,1,2023-01-24,2023-01-24,0.0,0.0,1.0,Credit Card,Email,798,798,,0,2.184804928131417,488.65689849624056,533.81,-0.9719853836772571,1
C29041,1,1768.68,1768.68,3,6.0,1,2023-06-27,2023-06-27,0.0,1.0,0.0,Online,Facebook,644,644,,0,1.7631759069130732,1003.1216925465839,589.5600000000001,-0.7844092570026987,1
C29059,1,1503.9,1503.9,3,3.0,1,2025-01-22,2025-01-22,1.0,0.0,1.0,Online,Facebook,69,69,,0,0.188911704312115,7960.86195652174,501.3,-0.08404384896457485,1
C29063,1,478.75,478.75,5,8.0,1,2024-09-29,2024-09-29,0.0,0.0,1.0,Online,Instagram,184,184,,0,0.5037645448323066,950.3447690217392,95.75,-0.2241169305721996,1
C29072,1,687.98,687.98,2,4.0,1,2023-03-10,2023-03-10,0.0,0.0,0.0,Online,Google,753,753,,0,2.0616016427104724,333.7114143426295,343.99,-0.9171741778307951,1
C29092,1,60.04,60.04,4,6.0,1,2024-05-29,2024-05-29,1.0,0.0,0.0,Cash,Facebook,307,307,,0,0.840520191649555,71.43195439739414,15.01,-0.3739342265525287,1
C29314,1,788.6,788.6,2,6.0,1,2023-06-08,2023-06-08,0.0,0.0,1.0,Cash,Email,663,663,,0,1.8151950718685832,434.44366515837106,394.3,-0.8075517661378715,1
C29318,1,24.48,24.48,1,1.0,1,2024-07-12,2024-07-12,0.0,1.0,0.0,Gift Card,Instagram,263,263,,0,0.7200547570157426,33.997414448669204,24.48,-0.3203410475026549,1
C29405,1,448.74,448.74,2,3.0,1,2025-03-11,2025-03-11,0.0,0.0,1.0,Debit Card,Referral,21,21,,0,0.057494866529774126,7804.870714285715,224.37,-0.02557856272834887,1
C29416,1,150.17,150.17,1,1.0,1,2025-01-26,2025-01-26,0.0,1.0,1.0,Debit Card,Referral,65,65,,0,0.17796030116358658,843.8398846153846,150.17,-0.07917174177822268,1
C29432,1,1406.22,1406.22,3,4.0,1,2023-05-16,2023-05-16,0.0,0.0,1.0,Cash,Instagram,686,686,,0,1.8781656399726214,748.7199052478135,468.74,-0.8355663824593964,1
C29467,1,191.76,191.76,1,1.0,1,2023-06-07,2023-06-07,0.0,1.0,1.0,Credit Card,Instagram,664,664,,0,1.8179329226557153,105.48243975903614,191.76,-0.8087697929344595,1
C29483,1,1222.88,1222.88,4,5.0,1,2024-08-21,2024-08-21,0.0,0.0,0.0,Online,Facebook,223,223,,0,0.6105407255304586,2002.9458295964128,305.72,-0.2716199756391332,1
C29568,1,194.44,194.44,4,7.0,1,2024-06-10,2024-06-10,0.0,0.0,1.0,Online,Facebook,295,295,,0,0.8076659822039699,240.7430847457627,48.61,-0.3593179049934722,1
C29620,1,460.13,460.13,1,1.0,1,2023-10-25,2023-10-25,0.0,1.0,0.0,Credit Card,Google,524,524,,0,1.434633812457221,320.7299284351145,460.13,-0.6382460414121337,1
C29685,1,1923.45,1923.45,5,6.0,1,2024-01-24,2024-01-24,0.0,0.0,1.0,Credit Card,Email,433,433,,0,1.1854893908281998,1622.4944861431873,384.69,-0.527405602922622,1
C29697,1,401.82,401.82,1,5.0,1,2024-06-08,2024-06-08,0.0,0.0,1.0,Credit Card,Google,297,297,,0,0.813141683778234,494.15742424242427,401.82,-0.36175395858664827,1
C29703,1,2790.0,2790.0,4,7.0,1,2023-12-17,2023-12-17,0.0,0.0,1.0,Cash,Referral,471,471,,0,1.2895277207392197,2163.582802547771,697.5,-0.5736906211929675,1
C29758,1,798.64,798.64,2,6.0,1,2023-09-19,2023-09-19,0.0,0.0,1.0,Online,Instagram,560,560,,0,1.5331964407939767,520.8986785714286,399.32,-0.6820950060893032,1
C29885,1,568.3199999999999,568.3199999999999,3,4.0,1,2023-11-19,2023-11-19,0.0,0.0,1.0,Cash,Email,499,499,,0,1.3661875427789185,415.98973947895786,189.43999999999997,-0.6077953714974327,1
C29905,1,1067.9,1067.9,2,5.0,1,2024-03-17,2024-03-17,0.0,0.0,1.0,Online,Google,380,380,,0,1.0403832991101984,1026.4486184210527,533.95,-0.46285018270345574,1
C29914,1,133.39,133.39,1,2.0,1,2024-08-03,2024-08-03,0.0,0.0,1.0,Debit Card,Referral,241,241,,0,0.6598220396988365,202.16057053941904,133.39,-0.293544457977718,1
C29931,1,612.36,612.36,4,4.0,1,2023-10-04,2023-10-04,0.0,0.0,1.0,Online,Referral,545,545,,0,1.4921286789869952,410.39355963302756,153.09,-0.6638246041404826,1
C30168,1,933.99,933.99,3,3.0,1,2024-08-24,2024-08-24,1.0,0.0,1.0,Cash,Instagram,220,220,,0,0.6023271731690623,1550.6356704545456,311.33,-0.2679658952493691,1
C30184,1,427.06,427.06,1,1.0,1,2023-09-28,2023-09-28,1.0,0.0,1.0,Online,Referral,551,551,,0,1.5085557837097878,283.0919509981851,427.06,-0.6711327649200108,1
C30334,1,267.1,267.1,2,7.0,1,2023-12-07,2023-12-07,0.0,0.0,1.0,Cash,Facebook,481,481,,0,1.3169062286105406,202.82385654885658,133.55,-0.5858708891588479,1
C30513,1,586.44,586.44,1,5.0,1,2024-09-08,2024-09-08,0.0,1.0,1.0,Online,Facebook,205,205,,0,0.5612594113620808,1044.8644390243903,586.44,-0.2496954933005485,1
C30643,1,918.8700000000001,918.8700000000001,3,7.0,1,2024-06-11,2024-06-11,0.0,1.0,1.0,Credit Card,Instagram,294,294,,0,0.8049281314168378,1141.5553316326532,306.29,-0.35809987819688416,1
C30711,1,278.66,278.66,1,2.0,1,2024-01-20,2024-01-20,1.0,0.0,1.0,Gift Card,Instagram,437,437,,0,1.1964407939767283,232.90747139588103,278.66,-0.5322777101089741,1
C30722,1,1333.9,1333.9,5,5.0,1,2023-09-27,2023-09-27,1.0,0.0,0.0,Gift Card,Email,552,552,,0,1.51129363449692,882.6213315217392,266.78000000000003,-0.6723507917165988,1
C30923,1,654.27,654.27,1,2.0,1,2023-01-28,2023-01-28,0.0,0.0,1.0,Gift Card,Facebook,794,794,,0,2.1738535249828885,300.9724401763224,654.27,-0.9671132764909048,1
C30955,1,167.6,167.6,4,9.0,1,2023-11-05,2023-11-05,0.0,0.0,1.0,Gift Card,Instagram,513,513,,0,1.404517453798768,119.32923976608187,41.9,-0.6248477466496652,1
C31072,1,916.4,916.4,4,8.0,1,2024-04-16,2024-04-16,0.0,1.0,1.0,Gift Card,Email,350,350,,0,0.9582477754962354,956.3288571428571,229.1,-0.4263093788058145,1
C31105,1,583.99,583.99,1,2.0,1,2023-05-11,2023-05-11,1.0,0.0,1.0,Cash,Email,691,691,,0,1.891854893908282,308.68646526772795,583.99,-0.8416565164423366,1
C31371,1,507.36,507.36,2,6.0,1,2023-12-08,2023-12-08,0.0,0.0,0.0,Gift Card,Referral,480,480,,0,1.3141683778234086,386.06925,253.68,-0.5846528623622599,1
C31412,1,2042.32,2042.32,4,7.0,1,2024-07-02,2024-07-02,0.0,1.0,1.0,Credit Card,Email,273,273,,0,0.7474332648870636,2732.444615384615,510.58,-0.3325213154685353,1
C31668,1,569.35,569.35,5,6.0,1,2024-05-24,2024-05-24,0.0,0.0,1.0,Credit Card,Email,312,312,,0,0.8542094455852156,666.5227163461539,113.87,-0.3800243605354689,1
C31761,1,2600.16,2600.16,4,6.0,1,2024-11-01,2024-11-01,1.0,0.0,1.0,Gift Card,Facebook,151,151,,0,0.4134154688569473,6289.459867549668,650.04,-0.18392204628479425,1
C31764,1,655.09,655.09,1,6.0,1,2024-12-06,2024-12-06,0.0,0.0,0.0,Cash,Referral,116,116,,0,0.31759069130732376,2062.686400862069,655.09,-0.1412911084042128,1
C31772,1,693.41,693.41,1,4.0,1,2023-07-11,2023-07-11,0.0,0.0,0.0,Debit Card,Instagram,630,630,,0,1.7248459958932238,402.01270238095236,693.41,-0.7673568818504661,1
C31810,1,178.44,178.44,1,2.0,1,2023-02-02,2023-02-02,1.0,0.0,1.0,Credit Card,Google,789,789,,0,2.1601642710472277,82.60482889733841,178.44,-0.9610231425079646,1
C31946,1,2037.52,2037.52,4,6.0,1,2023-11-21,2023-11-21,0.0,0.0,1.0,Credit Card,Google,497,497,,0,1.3607118412046544,1497.3927162977866,509.38,-0.6053593179042566,1
C32011,1,628.89,628.89,1,2.0,1,2025-02-26,2025-02-26,0.0,1.0,1.0,Credit Card,Referral,34,34,,0,0.09308692676249145,6755.943308823529,628.89,-0.041412911083993406,1
C32029,1,701.44,701.44,4,4.0,1,2024-08-06,2024-08-06,0.0,0.0,1.0,Debit Card,Instagram,238,238,,0,0.6516084873374401,1076.4746218487396,175.36,-0.28989037758795383,1
C32121,1,795.24,795.24,4,9.0,1,2025-02-12,2025-02-12,0.0,1.0,1.0,Cash,Referral,48,48,,0,0.13141683778234087,6051.279375,198.81,-0.05846528623622599,1
C32183,1,1985.67,1985.67,3,6.0,1,2025-02-24,2025-02-24,1.0,0.0,1.0,Online,Referral,36,36,,0,0.09856262833675565,20146.276875,661.89,-0.04384896467716949,1
C32347,1,249.81,249.81,1,1.0,1,2023-12-13,2023-12-13,0.0,0.0,1.0,Cash,Google,475,475,,0,1.3004791238877482,192.09074210526313,249.81,-0.5785627283793197,1
C32570,1,11.39,11.39,1,6.0,1,2023-10-16,2023-10-16,1.0,0.0,1.0,Cash,Email,533,533,,0,1.45927446954141,7.805248592870544,11.39,-0.649208282581426,1
C32580,1,1874.95,1874.95,5,9.0,1,2023-11-27,2023-11-27,0.0,0.0,1.0,Online,Facebook,491,491,,0,1.3442847364818618,1394.7565936863543,374.99,-0.5980511571247283,1
C32650,1,1210.52,1210.52,2,4.0,1,2024-05-27,2024-05-27,1.0,0.0,1.0,Cash,Referral,309,309,,0,0.8459958932238193,1430.881650485437,605.26,-0.3763702801457048,1
C32687,1,852.44,852.44,2,7.0,1,2024-12-16,2024-12-16,0.0,0.0,1.0,Online,Google,106,106,,0,0.29021218343600275,2937.2991509433964,426.22,-0.12911084043833237,1
C32798,1,993.24,993.24,2,2.0,1,2024-09-15,2024-09-15,0.0,0.0,1.0,Online,Instagram,198,198,,0,0.5420944558521561,1832.226818181818,496.62,-0.2411693057244322,1
C32854,1,65.45,65.45,1,2.0,1,2023-02-20,2023-02-20,0.0,0.0,1.0,Cash,Google,771,771,,0,2.11088295687885,31.005982490272377,65.45,-0.9390986601693799,1
C32943,1,824.28,824.28,2,2.0,1,2023-09-08,2023-09-08,0.0,1.0,1.0,Credit Card,Instagram,571,571,,0,1.5633127994524298,527.2649211908931,412.14,-0.6954933008517716,1
C32956,1,2715.8,2715.8,5,6.0,1,2024-07-24,2024-07-24,1.0,0.0,1.0,Online,Instagram,251,251,,0,0.6872005475701575,3951.9758964143425,543.1600000000001,-0.3057247259435984,1
C32960,1,2223.8,2223.8,5,7.0,1,2023-12-01,2023-12-01,0.0,1.0,0.0,Debit Card,Email,487,487,,0,1.3333333333333333,1667.8500000000001,444.76000000000005,-0.5931790499383761,1
C33051,1,883.08,883.08,2,2.0,1,2024-04-23,2024-04-23,0.0,0.0,1.0,Online,Email,343,343,,0,0.9390828199863107,940.3643440233237,441.54,-0.4177831912296982,1
C33099,1,241.9,241.9,5,9.0,1,2024-12-28,2024-12-28,0.0,0.0,1.0,Gift Card,Email,94,94,,0,0.25735797399041754,939.9359042553191,48.38,-0.11449451887927589,1
C33220,1,1852.16,1852.16,4,9.0,1,2023-02-16,2023-02-16,0.0,1.0,0.0,Gift Card,Instagram,775,775,,0,2.1218343600273784,872.9050838709678,463.04,-0.943970767355732,1
C33260,1,1270.59,1270.59,3,6.0,1,2024-09-20,2024-09-20,0.0,0.0,1.0,Credit Card,Referral,193,193,,0,0.5284052019164955,2404.575116580311,423.53,-0.23507917174149198,1
C33315,1,1687.65,1687.65,3,6.0,1,2024-06-09,2024-06-09,0.0,1.0,0.0,Debit Card,Email,296,296,,0,0.810403832991102,2082.480278716216,562.5500000000001,-0.36053593179006027,1
C33540,1,273.19,273.19,1,5.0,1,2023-10-15,2023-10-15,0.0,1.0,1.0,Debit Card,Facebook,534,534,,0,1.462012320328542,186.8588904494382,273.19,-0.6504263093780142,1
C33634,1,2355.4,2355.4,4,7.0,1,2023-01-31,2023-01-31,0.0,0.0,0.0,Gift Card,Email,791,791,,0,2.1656399726214923,1087.6230720606827,588.85,-0.9634591961011407,1
C33729,1,1978.71,1978.71,3,6.0,1,2023-03-31,2023-03-31,1.0,0.0,1.0,Credit Card,Email,732,732,,0,2.004106776180698,987.3276331967213,659.57,-0.8915956151024463,1
C33744,1,2307.48,2307.48,4,5.0,1,2023-05-09,2023-05-09,0.0,1.0,0.0,Gift Card,Instagram,693,693,,0,1.8973305954825461,1216.1718181818183,576.87,-0.8440925700355126,1
C33802,1,604.87,604.87,1,4.0,1,2024-07-28,2024-07-28,0.0,0.0,0.0,Online,Instagram,247,247,,0,0.676249144421629,894.4484514170041,604.87,-0.3008526187572462,1
C34266,1,2519.52,2519.52,4,8.0,1,2025-02-25,2025-02-25,1.0,0.0,1.0,Debit Card,Instagram,35,35,,0,0.09582477754962354,26292.990857142857,629.88,-0.04263093788058145,1
C34337,1,950.5500000000001,950.5500000000001,5,7.0,1,2024-07-22,2024-07-22,0.0,0.0,1.0,Cash,Google,253,253,,0,0.6926762491444216,1372.2861166007906,190.11,-0.30816077953677445,1
C34416,1,99.24,99.24,2,2.0,1,2023-01-29,2023-01-29,0.0,0.0,1.0,Online,Google,793,793,,0,2.1711156741957565,45.70921815889029,49.62,-0.9658952496943168,1
C34555,1,372.8,372.8,1,6.0,1,2023-03-12,2023-03-12,1.0,0.0,1.0,Cash,Facebook,751,751,,0,2.0561259411362083,181.31185086551264,372.8,-0.9147381242376191,1
C34686,1,68.39,68.39,1,3.0,1,2025-03-28,2025-03-28,0.0,1.0,1.0,Online,Facebook,4,4,,0,0.010951403148528405,6244.8618750000005,68.39,-0.004872107186352166,1
C35043,1,132.15,132.15,5,5.0,1,2025-03-05,2025-03-05,0.0,0.0,1.0,Gift Card,Facebook,27,27,,0,0.07392197125256673,1787.6958333333334,26.43,-0.032886723507877115,1
C35091,1,211.14,211.14,1,1.0,1,2024-03-29,2024-03-29,1.0,0.0,1.0,Credit Card,Facebook,368,368,,0,1.0075290896646132,209.5621875,211.14,-0.4482338611443992,1
C35100,1,639.82,639.82,2,3.0,1,2024-12-15,2024-12-15,1.0,0.0,1.0,Credit Card,Google,107,107,,0,0.2929500342231348,2184.0584579439255,319.91,-0.13032886723492043,1
C35123,1,1546.92,1546.92,4,4.0,1,2024-06-13,2024-06-13,0.0,0.0,1.0,Cash,Facebook,292,292,,0,0.7994524298425736,1934.9744178082192,386.73,-0.3556638246037081,1
C35136,1,634.94,634.94,1,5.0,1,2023-03-20,2023-03-20,1.0,0.0,1.0,Online,Instagram,743,743,,0,2.0342231348391513,312.1289838492598,634.94,-0.9049939098649148,1
C35168,1,1199.72,1199.72,2,7.0,1,2023-01-24,2023-01-24,0.0,0.0,1.0,Gift Card,Facebook,798,798,,0,2.184804928131417,549.119962406015,599.86,-0.9719853836772571,1
C35355,1,1327.6,1327.6,4,5.0,1,2024-04-20,2024-04-20,0.0,0.0,1.0,Cash,Instagram,346,346,,0,0.947296372347707,1401.4621387283237,331.9,-0.4214372716194623,1
C35377,1,3119.05,3119.05,5,6.0,1,2023-05-27,2023-05-27,0.0,1.0,1.0,Cash,Email,675,675,,0,1.8480492813141685,1687.752611111111,623.8100000000001,-0.822168087696928,1
C35483,1,671.0999999999999,671.0999999999999,3,3.0,1,2024-08-31,2024-08-31,0.0,1.0,1.0,Cash,Email,213,213,,0,0.5831622176591376,1150.794718309859,223.69999999999996,-0.2594397076732528,1
C35566,1,258.76,258.76,4,7.0,1,2023-02-14,2023-02-14,0.0,0.0,1.0,Debit Card,Google,777,777,,0,2.127310061601643,121.63718146718145,64.69,-0.9464068209489082,1
C35628,1,1660.71,1660.71,3,4.0,1,2024-11-24,2024-11-24,0.0,1.0,1.0,Credit Card,Facebook,128,128,,0,0.35044490075290896,4738.86193359375,553.57,-0.1559074299632693,1
C35669,1,2894.15,2894.15,5,6.0,1,2024-06-21,2024-06-21,0.0,1.0,0.0,Cash,Referral,284,284,,0,0.7775496235455168,3722.141857394366,578.83,-0.34591961023100376,1
C35711,1,1308.48,1308.48,4,4.0,1,2024-08-31,2024-08-31,1.0,0.0,0.0,Credit Card,Email,213,213,,0,0.5831622176591376,2243.7667605633806,327.12,-0.2594397076732528,1
C35785,1,427.82,427.82,1,2.0,1,2024-04-07,2024-04-07,0.0,0.0,1.0,Online,Email,359,359,,0,0.9828884325804244,435.26811977715874,427.82,-0.4372716199751069,1
C35852,2,1248.39,624.195,7,5.5,2,2024-03-05,2025-03-02,0.0,0.0,0.5,Online,Instagram,30,392,362.0,1,1.0732375085557837,1163.2001211734696,178.3414285714286,0.9634591951023587,1
C35854,1,939.85,939.85,5,9.0,1,2023-08-29,2023-08-29,0.0,1.0,1.0,Cash,Google,581,581,,0,1.5906913073237507,590.843739242685,187.97,-0.7076735688176521,1
C35983,1,3137.15,3137.15,5,10.0,1,2024-03-10,2024-03-10,1.0,0.0,1.0,Credit Card,Email,387,387,,0,1.0595482546201231,2960.8373062015507,627.4300000000001,-0.471376370279572,1
C35987,1,3267.3,3267.3,5,9.0,1,2023-09-04,2023-09-04,1.0,0.0,1.0,Cash,Email,575,575,,0,1.5742642026009583,2075.4457826086955,653.46,-0.7003654080381237,1
C36014,1,869.94,869.94,2,7.0,1,2023-06-11,2023-06-11,0.0,0.0,0.0,Online,Email,660,660,,0,1.8069815195071868,481.4327045454546,434.97,-0.8038976857481073,1
C36137,1,717.24,717.24,3,8.0,1,2024-11-24,2024-11-24,0.0,0.0,0.0,Cash,Google,128,128,,0,0.35044490075290896,2046.655546875,239.08,-0.1559074299632693,1
C36150,1,1069.82,1069.82,2,5.0,1,2023-10-06,2023-10-06,0.0,1.0,1.0,Debit Card,Google,543,543,,0,1.486652977412731,719.6164917127071,534.91,-0.6613885505473065,1
C36174,1,926.94,926.94,3,3.0,1,2024-05-31,2024-05-31,0.0,0.0,1.0,Cash,Instagram,305,305,,0,0.8350444900752909,1110.0486393442623,308.98,-0.3714981729593526,1
C36383,1,2107.2,2107.2,5,5.0,1,2024-10-03,2024-10-03,0.0,0.0,1.0,Cash,Instagram,180,180,,0,0.4928131416837782,4275.86,421.43999999999994,-0.21924482338584744,1
C36408,1,3075.5,3075.5,5,10.0,1,2024-01-15,2024-01-15,0.0,1.0,1.0,Gift Card,Instagram,442,442,,0,1.2101300479123889,2541.462386877828,615.1,-0.5383678440919143,1
C36467,1,75.78,75.78,1,5.0,1,2023-07-23,2023-07-23,0.0,0.0,1.0,Cash,Google,618,618,,0,1.6919917864476386,44.78745145631068,75.78,-0.7527405602914096,1
C36492,1,45.94,45.94,1,2.0,1,2024-08-30,2024-08-30,1.0,0.0,1.0,Cash,Email,214,214,,0,0.5859000684462696,78.40927570093459,45.94,-0.26065773446984086,1
C36497,1,86.3,86.3,2,3.0,1,2023-08-22,2023-08-22,0.0,0.0,1.0,Debit Card,Email,588,588,,0,1.6098562628336757,53.60727040816326,43.15,-0.7161997563937683,1
C36534,1,1963.62,1963.62,3,7.0,1,2023-11-11,2023-11-11,0.0,1.0,1.0,Cash,Referral,507,507,,0,1.3880903490759753,1414.6197337278106,654.54,-0.617539585870137,1
C36540,1,728.32,728.32,4,4.0,1,2023-09-18,2023-09-18,0.0,0.0,1.0,Gift Card,Email,561,561,,0,1.5359342915811087,474.1869518716578,182.08,-0.6833130328858912,1
C36613,1,1894.92,1894.92,3,3.0,1,2023-08-26,2023-08-26,0.0,1.0,1.0,Credit Card,Facebook,584,584,,0,1.5989048596851472,1185.1361815068494,631.64,-0.7113276492074162,1
C36688,1,305.17,305.17,1,3.0,1,2023-04-21,2023-04-21,0.0,1.0,1.0,Gift Card,Referral,711,711,,0,1.946611909650924,156.7698206751055,305.17,-0.8660170523740974,1
C36725,1,3253.6,3253.6,5,8.0,1,2024-10-27,2024-10-27,1.0,0.0,1.0,Credit Card,Email,156,156,,0,0.4271047227926078,7617.803846153846,650.72,-0.19001218026773445,1
C36778,1,388.33,388.33,1,2.0,1,2024-12-30,2024-12-30,0.0,1.0,1.0,Cash,Facebook,92,92,,0,0.2518822724161533,1541.7123097826088,388.33,-0.1120584652860998,1
C36813,1,1842.45,1842.45,3,3.0,1,2023-11-13,2023-11-13,1.0,0.0,0.0,Gift Card,Facebook,505,505,,0,1.3826146475017111,1332.583886138614,614.15,-0.6151035322769609,1
C36825,1,877.52,877.52,2,2.0,1,2023-02-27,2023-02-27,0.0,1.0,0.0,Debit Card,Facebook,764,764,,0,2.0917180013689256,419.52117801047115,438.76,-0.9305724725932636,1
C36938,1,761.9399999999999,761.9399999999999,3,3.0,1,2025-02-06,2025-02-06,1.0,0.0,1.0,Credit Card,Email,54,54,,0,0.14784394250513347,5153.6775,253.98,-0.06577344701575423,1
C36992,1,671.37,671.37,3,3.0,1,2023-07-14,2023-07-14,0.0,0.0,0.0,Debit Card,Google,627,627,,0,1.7166324435318274,391.0971172248804,223.79,-0.7637028014607019,1
C36997,1,745.64,745.64,4,6.0,1,2023-09-08,2023-09-08,0.0,0.0,1.0,Gift Card,Google,571,571,,0,1.5633127994524298,476.96148861646236,186.41,-0.6954933008517716,1
C37032,1,847.76,847.76,2,7.0,1,2023-08-11,2023-08-11,0.0,0.0,1.0,Debit Card,Referral,599,599,,0,1.6399726214921286,516.9354590984975,423.88,-0.7295980511562368,1
C37235,1,151.04,151.04,4,7.0,1,2023-06-02,2023-06-02,0.0,0.0,0.0,Debit Card,Google,669,669,,0,1.8316221765913758,82.46242152466367,37.76,-0.8148599269173997,1
C37249,1,491.72,491.72,2,4.0,1,2023-10-23,2023-10-23,0.0,0.0,1.0,Credit Card,Instagram,526,526,,0,1.4401095140314852,341.44625475285176,245.86,-0.6406820950053098,1
C37375,1,1036.46,1036.46,2,5.0,1,2024-01-18,2024-01-18,0.0,0.0,0.0,Debit Card,Email,439,439,,0,1.2019164955509924,862.3394419134397,518.23,-0.5347137637021502,1
C37412,1,432.47,432.47,1,4.0,1,2023-07-18,2023-07-18,0.0,0.0,1.0,Cash,Referral,623,623,,0,1.7056810403832992,253.54681781701444,432.47,-0.7588306942743498,1
C37455,1,2380.05,2380.05,5,7.0,1,2023-10-22,2023-10-22,0.0,0.0,1.0,Credit Card,Google,527,527,,0,1.4428473648186173,1649.550782732448,476.01000000000005,-0.6419001218018978,1
C37531,1,1349.3,1349.3,5,6.0,1,2024-03-09,2024-03-09,0.0,0.0,1.0,Cash,Facebook,388,388,,0,1.0622861054072552,1270.1851159793814,269.86,-0.4725943970761601,1
C37594,1,1361.2,1361.2,4,8.0,1,2024-06-11,2024-06-11,1.0,0.0,1.0,Cash,Referral,294,294,,0,0.8049281314168378,1691.0826530612244,340.3,-0.35809987819688416,1
C37969,1,362.46,362.46,3,5.0,1,2023-12-02,2023-12-02,0.0,0.0,1.0,Credit Card,Referral,486,486,,0,1.3305954825462012,272.40435185185186,120.82,-0.5919610231417881,1
C38024,1,546.86,546.86,2,7.0,1,2024-05-07,2024-05-07,0.0,0.0,1.0,Cash,Referral,329,329,,0,0.9007529089664613,607.114331306991,273.43,-0.40073081607746563,1
C38065,1,1178.55,1178.55,3,6.0,1,2023-03-02,2023-03-02,0.0,1.0,0.0,Credit Card,Google,761,761,,0,2.083504449007529,565.6575394218135,392.84999999999997,-0.9269183922034995,1
C38068,1,1302.65,1302.65,5,5.0,1,2024-06-02,2024-06-02,0.0,0.0,1.0,Gift Card,Instagram,303,303,,0,0.8295687885010267,1570.2736386138615,260.53000000000003,-0.36906211936617656,1
C38126,1,2060.76,2060.76,4,9.0,1,2024-12-19,2024-12-19,0.0,0.0,1.0,Credit Card,Facebook,103,103,,0,0.28199863107460643,7307.69504854369,515.19,-0.12545676004856826,1
C38134,1,419.88,419.88,2,3.0,1,2023-07-19,2023-07-19,0.0,1.0,1.0,Credit Card,Email,622,622,,0,1.702943189596167,246.56136655948552,209.94,-0.7576126674777618,1
C38262,1,155.27,155.27,1,6.0,1,2024-01-30,2024-01-30,0.0,0.0,0.0,Debit Card,Email,427,427,,0,1.1690622861054072,132.81584894613584,155.27,-0.5200974421430937,1
C38642,1,1046.0,1046.0,5,6.0,1,2023-08-21,2023-08-21,0.0,0.0,1.0,Debit Card,Email,589,589,,0,1.6125941136208077,648.644312393888,209.2,-0.7174177831903564,1
C38669,1,405.28,405.28,4,7.0,1,2023-02-17,2023-02-17,0.0,0.0,0.0,Cash,Referral,774,774,,0,2.1190965092402463,191.25131782945735,101.32,-0.942752740559144,1
C38785,1,361.0,361.0,2,6.0,1,2024-10-15,2024-10-15,0.0,0.0,1.0,Debit Card,Referral,168,168,,0,0.459958932238193,784.8526785714286,180.5,-0.20462850182679096,1
C38840,2,5723.23,2861.615,9,7.0,2,2023-06-07,2024-06-08,0.5,0.5,0.5,Credit Card,Facebook,297,664,367.0,1,1.8179329226557153,3148.2074661144575,635.9144444444444,0.6382460404133516,1
C38845,1,532.89,532.89,1,2.0,1,2024-07-16,2024-07-16,0.0,0.0,0.0,Gift Card,Referral,259,259,,0,0.7091033538672142,751.4983494208494,532.89,-0.31546894031630274,1
C38928,1,1671.56,1671.56,4,4.0,1,2024-09-14,2024-09-14,0.0,0.0,0.0,Gift Card,Google,199,199,,0,0.5448323066392882,3068.026582914573,417.89,-0.24238733252102024,1
C38966,1,2021.95,2021.95,5,10.0,1,2024-08-31,2024-08-31,0.0,0.0,0.0,Online,Referral,213,213,,0,0.5831622176591376,3467.217077464789,404.39,-0.2594397076732528,1
C39000,1,287.46,287.46,1,3.0,1,2024-09-02,2024-09-02,0.0,1.0,1.0,Debit Card,Facebook,211,211,,0,0.5776865160848734,497.6055213270141,287.46,-0.25700365408007675,1
C39017,1,994.3799999999999,994.3799999999999,3,6.0,1,2023-07-12,2023-07-12,1.0,0.0,1.0,Credit Card,Referral,629,629,,0,1.7221081451060918,577.4201828298886,331.46,-0.766138855053878,1
C39074,1,3032.6,3032.6,5,6.0,1,2023-10-25,2023-10-25,0.0,0.0,1.0,Debit Card,Instagram,524,524,,0,1.434633812457221,2113.849522900763,606.52,-0.6382460414121337,1
C39106,1,546.19,546.19,1,5.0,1,2024-02-07,2024-02-07,0.0,0.0,1.0,Cash,Referral,419,419,,0,1.1471594798083504,476.1238603818616,546.19,-0.5103532277703894,1
C39130,1,226.55,226.55,5,8.0,1,2023-08-23,2023-08-23,1.0,0.0,0.0,Online,Referral,587,587,,0,1.6071184120465434,140.96658858603067,45.31,-0.7149817295971803,1
C39176,1,1737.68,1737.68,4,6.0,1,2023-03-14,2023-03-14,1.0,0.0,1.0,Online,Google,749,749,,0,2.0506502395619437,847.3800000000001,434.42,-0.912302070644443,1
C39246,1,931.4,931.4,5,8.0,1,2024-04-18,2024-04-18,0.0,0.0,1.0,Debit Card,Email,348,348,,0,0.9527720739219713,977.5685344827585,186.28,-0.42387332521263843,1
C39256,1,417.1,417.1,1,3.0,1,2024-08-21,2024-08-21,0.0,1.0,1.0,Debit Card,Referral,223,223,,0,0.6105407255304586,683.1649103139014,417.1,-0.2716199756391332,1
C39260,1,427.66,427.66,2,2.0,1,2023-08-13,2023-08-13,1.0,0.0,1.0,Debit Card,Email,597,597,,0,1.6344969199178645,261.64625628140703,213.83,-0.7271619975630607,1
C39416,1,473.96,473.96,1,3.0,1,2023-07-17,2023-07-17,0.0,0.0,0.0,Cash,Google,624,624,,0,1.7084188911704312,277.42610576923073,473.96,-0.7600487210709378,1
C39530,1,1704.15,1704.15,3,6.0,1,2024-10-24,2024-10-24,0.0,0.0,1.0,Gift Card,Google,159,159,,0,0.4353182751540041,3914.7219339622643,568.0500000000001,-0.1936662606574986,1
C39551,1,76.93,76.93,1,6.0,1,2023-02-05,2023-02-05,0.0,0.0,1.0,Debit Card,Instagram,786,786,,0,2.1519507186858315,35.748959923664124,76.93,-0.9573690621182005,1
C39593,1,2078.13,2078.13,3,3.0,1,2023-11-24,2023-11-24,0.0,0.0,1.0,Credit Card,Instagram,494,494,,0,1.352498288843258,1536.5121103238869,692.71,-0.6017052375144925,1
C39638,1,2161.32,2161.32,4,6.0,1,2025-02-28,2025-02-28,0.0,0.0,0.0,Cash,Google,32,32,,0,0.08761122518822724,24669.441562500004,540.33,-0.03897685749081733,1
C39639,1,65.95,65.95,1,5.0,1,2025-01-15,2025-01-15,0.0,0.0,0.0,Credit Card,Facebook,76,76,,0,0.2080766598220397,316.9504934210526,65.95,-0.09257003654069115,1
C39648,1,465.33,465.33,1,2.0,1,2023-11-30,2023-11-30,0.0,0.0,1.0,Gift Card,Google,488,488,,0,1.3360711841204653,348.2823411885246,465.33,-0.5943970767349642,1
C39664,1,946.25,946.25,5,10.0,1,2024-07-26,2024-07-26,1.0,0.0,1.0,Debit Card,Email,249,249,,0,0.6817248459958932,1388.023343373494,189.25,-0.3032886723504223,1
C39671,1,217.56,217.56,1,3.0,1,2023-12-27,2023-12-27,0.0,0.0,0.0,Debit Card,Facebook,461,461,,0,1.2621492128678986,172.3726464208243,217.56,-0.5615103532270871,1
C39791,1,597.06,597.06,2,5.0,1,2024-01-16,2024-01-16,1.0,0.0,1.0,Debit Card,Email,441,441,,0,1.2073921971252566,494.5037755102041,298.53,-0.5371498172953263,1
C39906,1,75.01,75.01,1,3.0,1,2024-07-14,2024-07-14,0.0,1.0,0.0,Credit Card,Google,261,261,,0,0.7145790554414785,104.9708908045977,75.01,-0.3179049939094788,1
C39911,1,2073.6,2073.6,4,7.0,1,2023-08-28,2023-08-28,0.0,0.0,1.0,Credit Card,Facebook,582,582,,0,1.593429158110883,1301.344329896907,518.4,-0.7088915956142401,1
C40136,1,1039.56,1039.56,3,3.0,1,2023-03-09,2023-03-09,0.0,0.0,1.0,Credit Card,Google,754,754,,0,2.0643394934976045,503.5799602122015,346.52,-0.9183922046273832,1
C40140,1,363.2,363.2,5,7.0,1,2024-02-21,2024-02-21,1.0,0.0,0.0,Credit Card,Email,405,405,,0,1.108829568788501,327.5525925925926,72.64,-0.49330085261815676,1
C40201,1,185.82,185.82,2,3.0,1,2024-09-25,2024-09-25,0.0,1.0,1.0,Cash,Instagram,188,188,,0,0.5147159479808351,361.0146542553191,92.91,-0.22898903775855178,1
C40427,1,613.98,613.98,1,4.0,1,2023-08-20,2023-08-20,0.0,0.0,1.0,Online,Facebook,590,590,,0,1.6153319644079398,380.09524576271184,613.98,-0.7186358099869444,1
C40466,1,541.64,541.64,1,5.0,1,2024-09-04,2024-09-04,0.0,0.0,1.0,Debit Card,Email,209,209,,0,0.5722108145106092,946.5742105263157,541.64,-0.25456760048690064,1
C40538,1,423.64,423.64,2,4.0,1,2024-11-25,2024-11-25,1.0,0.0,1.0,Gift Card,Email,127,127,,0,0.34770704996577684,1218.381968503937,211.82,-0.15468940316668126,1
C40648,1,603.76,603.76,2,5.0,1,2023-03-09,2023-03-09,0.0,1.0,1.0,Gift Card,Email,754,754,,0,2.0643394934976045,292.47127320954905,301.88,-0.9183922046273832,1
C40771,1,697.96,697.96,4,5.0,1,2024-12-14,2024-12-14,0.0,0.0,1.0,Credit Card,Facebook,108,108,,0,0.29568788501026694,2360.4619444444447,174.49,-0.13154689403150846,1
C40798,1,1081.98,1081.98,3,5.0,1,2023-02-02,2023-02-02,0.0,1.0,1.0,Online,Instagram,789,789,,0,2.1601642710472277,500.8785741444867,360.66,-0.9610231425079646,1
C40863,1,489.39,489.39,3,5.0,1,2024-11-24,2024-11-24,0.0,0.0,1.0,Gift Card,Facebook,128,128,,0,0.35044490075290896,1396.48201171875,163.13,-0.1559074299632693,1
C40882,1,868.52,868.52,4,8.0,1,2025-01-24,2025-01-24,0.0,0.0,1.0,Cash,Email,67,67,,0,0.1834360027378508,4734.730298507462,217.13,-0.08160779537139877,1
C40949,1,1105.26,1105.26,2,7.0,1,2024-08-31,2024-08-31,0.0,0.0,1.0,Debit Card,Instagram,213,213,,0,0.5831622176591376,1895.2873943661973,552.63,-0.2594397076732528,1
C40967,1,287.25,287.25,5,10.0,1,2025-03-16,2025-03-16,1.0,0.0,0.0,Cash,Facebook,16,16,,0,0.04380561259411362,6557.37890625,57.45,-0.019488428745408664,1
C41132,1,381.61,381.61,1,5.0,1,2023-04-03,2023-04-03,0.0,0.0,0.0,Debit Card,Email,729,729,,0,1.995893223819302,191.19760288065845,381.61,-0.8879415347126822,1
C41137,1,1347.39,1347.39,3,5.0,1,2025-01-27,2025-01-27,0.0,1.0,1.0,Cash,Referral,64,64,,0,0.17522245037645448,7689.596835937501,449.13000000000005,-0.07795371498163466,1
C41284,1,737.92,737.92,4,4.0,1,2024-03-31,2024-03-31,1.0,0.0,1.0,Online,Google,366,366,,0,1.002053388090349,736.407868852459,184.48,-0.44579780755122317,1
C41320,1,1709.52,1709.52,3,8.0,1,2024-08-04,2024-08-04,1.0,0.0,1.0,Gift Card,Instagram,240,240,,0,0.6570841889117043,2601.67575,569.84,-0.29232643118112994,1
C41331,1,1203.05,1203.05,5,10.0,1,2023-05-25,2023-05-25,0.0,0.0,1.0,Credit Card,Email,677,677,,0,1.8535249828884326,649.0605797636632,240.60999999999999,-0.8246041412901041,1
C41460,1,747.75,747.75,5,9.0,1,2023-05-12,2023-05-12,0.0,0.0,1.0,Cash,Facebook,690,690,,0,1.88911704312115,395.8198369565217,149.55,-0.8404384896457485,1
C41478,1,2138.28,2138.28,4,6.0,1,2023-08-13,2023-08-13,0.0,0.0,1.0,Credit Card,Facebook,597,597,,0,1.6344969199178645,1308.2190452261307,534.57,-0.7271619975630607,1
C41508,1,429.96,429.96,4,5.0,1,2024-06-25,2024-06-25,0.0,0.0,0.0,Cash,Google,280,280,,0,0.7665982203969883,560.8674642857143,107.49,-0.3410475030446516,1
C41598,1,1472.76,1472.76,3,5.0,1,2023-12-11,2023-12-11,0.0,0.0,1.0,Credit Card,Email,477,477,,0,1.3059548254620124,1127.7266037735849,490.92,-0.5809987819724958,1
C41709,1,712.7,712.7,2,6.0,1,2023-06-16,2023-06-16,0.0,1.0,1.0,Debit Card,Facebook,655,655,,0,1.7932922655715264,397.42545801526717,356.35,-0.7978075517651672,1
C41903,1,160.8,160.8,3,4.0,1,2023-10-09,2023-10-09,0.0,0.0,1.0,Cash,Facebook,540,540,,0,1.4784394250513346,108.76333333333335,53.6,-0.6577344701575424,1
C41974,1,2099.79,2099.79,3,7.0,1,2024-11-30,2024-11-30,0.0,1.0,1.0,Cash,Google,122,122,,0,0.33401779603011633,6286.461454918033,699.93,-0.14859926918374106,1
C42108,1,641.36,641.36,2,5.0,1,2024-06-19,2024-06-19,0.0,0.0,1.0,Credit Card,Referral,286,286,,0,0.783025325119781,819.0795104895105,320.68,-0.3483556638241798,1
C42235,1,1193.44,1193.44,4,8.0,1,2023-10-31,2023-10-31,0.0,0.0,1.0,Debit Card,Google,518,518,,0,1.4182067077344285,841.5134362934364,298.36,-0.6309378806326055,1
C42270,1,482.98,482.98,2,7.0,1,2024-04-24,2024-04-24,0.0,1.0,1.0,Debit Card,Instagram,342,342,,0,0.9363449691991786,515.8141666666667,241.49,-0.41656516443311015,1
C42306,1,612.8100000000001,612.8100000000001,3,4.0,1,2024-04-23,2024-04-23,0.0,1.0,0.0,Online,Google,343,343,,0,0.9390828199863107,652.562252186589,204.27,-0.4177831912296982,1
C42365,1,214.08,214.08,1,2.0,1,2024-11-23,2024-11-23,0.0,1.0,1.0,Gift Card,Google,129,129,,0,0.3531827515400411,606.1451162790697,214.08,-0.15712545675985734,1
C42577,1,399.98,399.98,1,3.0,1,2024-07-24,2024-07-24,0.0,0.0,1.0,Debit Card,Email,251,251,,0,0.6872005475701575,582.042609561753,399.98,-0.3057247259435984,1
C42949,1,660.66,660.66,1,3.0,1,2023-11-29,2023-11-29,0.0,0.0,1.0,Debit Card,Instagram,489,489,,0,1.3388090349075976,493.46843558282205,660.66,-0.5956151035315522,1
C43124,1,2773.44,2773.44,4,8.0,1,2023-05-04,2023-05-04,0.0,0.0,0.0,Online,Instagram,698,698,,0,1.9110198494182067,1451.2879083094556,693.36,-0.8501827040184529,1
C43212,1,2200.56,2200.56,4,4.0,1,2024-06-26,2024-06-26,0.0,0.0,1.0,Debit Card,Instagram,279,279,,0,0.7638603696098563,2880.8406451612905,550.14,-0.33982947624806353,1
C43249,1,1391.43,1391.43,3,8.0,1,2025-03-08,2025-03-08,0.0,1.0,1.0,Online,Email,24,24,,0,0.06570841889117043,21175.8253125,463.81,-0.029232643118112994,1
C43330,1,580.47,580.47,3,6.0,1,2023-12-27,2023-12-27,0.0,1.0,1.0,Gift Card,Facebook,461,461,,0,1.2621492128678986,459.90600325379614,193.49,-0.5615103532270871,1
C43338,1,1435.95,1435.95,3,4.0,1,2023-05-11,2023-05-11,0.0,0.0,0.0,Online,Referral,691,691,,0,1.891854893908282,759.016986251809,478.65000000000003,-0.8416565164423366,1
C43443,1,3129.85,3129.85,5,9.0,1,2023-12-29,2023-12-29,0.0,1.0,1.0,Credit Card,Instagram,459,459,,0,1.2566735112936345,2490.583251633987,625.97,-0.559074299633911,1
C43524,1,2621.3,2621.3,5,5.0,1,2024-01-10,2024-01-10,0.0,0.0,1.0,Gift Card,Referral,447,447,,0,1.2238193018480492,2141.9011744966447,524.26,-0.5444579780748545,1
C43545,1,1876.25,1876.25,5,9.0,1,2024-12-22,2024-12-22,0.0,0.0,1.0,Gift Card,Email,100,100,,0,0.2737850787132101,6853.003125,375.25,-0.12180267965880413,1
C43721,1,131.61,131.61,1,2.0,1,2023-02-06,2023-02-06,0.0,0.0,1.0,Cash,Facebook,785,785,,0,2.1492128678986995,61.23637261146498,131.61,-0.9561510353216125,1
C43842,1,1303.14,1303.14,2,7.0,1,2024-10-19,2024-10-19,0.0,0.0,1.0,Debit Card,Facebook,164,164,,0,0.4490075290896646,2902.2675914634146,651.57,-0.1997563946404388,1
C43867,1,524.06,524.06,1,3.0,1,2024-07-25,2024-07-25,0.0,0.0,1.0,Debit Card,Email,250,250,,0,0.6844626967830253,765.65166,524.06,-0.30450669914701034,1
C43911,1,1674.84,1674.84,4,8.0,1,2023-06-11,2023-06-11,0.0,0.0,1.0,Cash,Instagram,660,660,,0,1.8069815195071868,926.8716818181819,418.71,-0.8038976857481073,1
C43919,1,1804.8,1804.8,3,7.0,1,2024-10-17,2024-10-17,1.0,0.0,1.0,Credit Card,Facebook,166,166,,0,0.4544832306639288,3971.103614457831,601.6,-0.20219244823361487,1
C43965,1,359.92,359.92,2,5.0,1,2025-01-11,2025-01-11,0.0,0.0,0.0,Gift Card,Instagram,80,80,,0,0.2190280629705681,1643.2597500000002,179.96,-0.09744214372704331,1
C44148,1,1505.72,1505.72,4,5.0,1,2025-02-10,2025-02-10,0.0,0.0,1.0,Gift Card,Instagram,50,50,,0,0.13689253935660506,10999.2846,376.43,-0.06090133982940207,1
C44176,1,77.64,77.64,1,1.0,1,2025-02-28,2025-02-28,0.0,0.0,1.0,Credit Card,Facebook,32,32,,0,0.08761122518822724,886.1878125000001,77.64,-0.03897685749081733,1
C44267,1,853.4,853.4,2,5.0,1,2025-03-22,2025-03-22,0.0,0.0,1.0,Online,Referral,10,10,,0,0.02737850787132101,31170.435,426.7,-0.012180267965880414,1
C44277,1,458.63,458.63,1,4.0,1,2024-04-28,2024-04-28,0.0,1.0,1.0,Debit Card,Referral,338,338,,0,0.9253935660506503,495.6053476331361,458.63,-0.411693057246758,1
C44366,1,776.44,776.44,2,2.0,1,2023-01-04,2023-01-04,0.0,0.0,1.0,Cash,Instagram,818,818,,0,2.239561943874059,346.6927995110024,388.22,-0.9963459196090179,1
C44492,1,277.05,277.05,5,5.0,1,2023-10-24,2023-10-24,1.0,0.0,0.0,Online,Google,525,525,,0,1.4373716632443532,192.74764285714286,55.410000000000004,-0.6394640682087217,1
C44619,1,475.11,475.11,3,6.0,1,2025-03-05,2025-03-05,0.0,0.0,0.0,Cash,Referral,27,27,,0,0.07392197125256673,6427.1825,158.37,-0.032886723507877115,1
C44674,1,627.34,627.34,1,1.0,1,2024-11-11,2024-11-11,0.0,0.0,0.0,Online,Referral,141,141,,0,0.3860369609856263,1625.0775531914894,627.34,-0.17174177831891382,1
C44733,1,87.06,87.06,1,4.0,1,2025-03-01,2025-03-01,0.0,0.0,1.0,Credit Card,Email,31,31,,0,0.08487337440109514,1025.763387096774,87.06,-0.037758830694229285,1
C44778,1,153.0,153.0,1,4.0,1,2023-10-25,2023-10-25,0.0,1.0,0.0,Credit Card,Referral,524,524,,0,1.434633812457221,106.64742366412213,153.0,-0.6382460414121337,1
C45175,1,70.82,70.82,1,1.0,1,2023-01-08,2023-01-08,0.0,0.0,1.0,Gift Card,Instagram,814,814,,0,2.2286105407255303,31.777647420147417,70.82,-0.9914738124226657,1
C45187,1,420.65,420.65,5,9.0,1,2023-06-28,2023-06-28,0.0,0.0,1.0,Online,Google,643,643,,0,1.7604380561259412,238.94620917573872,84.13,-0.7831912302061106,1
C45482,1,198.2,198.2,2,6.0,1,2023-03-09,2023-03-09,0.0,0.0,0.0,Cash,Instagram,754,754,,0,2.0643394934976045,96.01133952254641,99.1,-0.9183922046273832,1
C45599,1,2379.75,2379.75,5,8.0,1,2023-02-16,2023-02-16,0.0,1.0,1.0,Credit Card,Facebook,775,775,,0,2.1218343600273784,1121.5531451612903,475.95,-0.943970767355732,1
C45671,1,1314.96,1314.96,2,5.0,1,2024-03-01,2024-03-01,0.0,0.0,1.0,Online,Referral,396,396,,0,1.0841889117043122,1212.8513636363637,657.48,-0.4823386114488644,1
C45862,1,176.1,176.1,1,1.0,1,2023-07-29,2023-07-29,0.0,0.0,1.0,Credit Card,Instagram,612,612,,0,1.675564681724846,105.09889705882352,176.1,-0.7454323995118813,1
C45899,1,1285.96,1285.96,2,7.0,1,2023-12-23,2023-12-23,0.0,1.0,1.0,Debit Card,Email,465,465,,0,1.273100616016427,1010.1008387096774,642.98,-0.5663824604134392,1
C46015,1,1812.3,1812.3,5,6.0,1,2024-11-18,2024-11-18,0.0,0.0,1.0,Cash,Instagram,134,134,,0,0.3668720054757016,4939.869962686566,362.46,-0.16321559074279754,1
C46210,1,1286.64,1286.64,3,3.0,1,2024-09-24,2024-09-24,0.0,0.0,1.0,Debit Card,Facebook,189,189,,0,0.5174537987679672,2486.4828571428575,428.88000000000005,-0.2302070645551398,1
C46504,1,745.84,745.84,2,7.0,1,2023-02-21,2023-02-21,0.0,0.0,1.0,Credit Card,Email,770,770,,0,2.108145106091718,353.78968831168834,372.92,-0.9378806333727919,1
C46509,1,1174.98,1174.98,2,6.0,1,2024-02-27,2024-02-27,0.0,1.0,1.0,Gift Card,Referral,399,399,,0,1.0924024640657084,1075.5925939849624,587.49,-0.48599269183862853,1
C46557,1,237.18,237.18,2,2.0,1,2024-03-18,2024-03-18,0.0,0.0,0.0,Credit Card,Email,379,379,,0,1.0376454483230664,228.57518469656992,118.59,-0.4616321559068677,1
C46651,2,1360.8899999999999,680.4449999999999,5,5.0,2,2023-08-01,2024-03-20,0.0,0.0,1.0,Cash,Facebook,377,609,232.0,1,1.6673511293634498,816.1988054187191,272.178,0.5408038966863082,1
C46873,1,1965.16,1965.16,4,6.0,1,2024-09-06,2024-09-06,0.0,0.0,0.0,Debit Card,Email,207,207,,0,0.5667351129363449,3467.5105797101455,491.29,-0.2521315468937246,1
C46877,1,210.7,210.7,1,2.0,1,2025-02-02,2025-02-02,0.0,0.0,1.0,Online,Referral,58,58,,0,0.15879534565366188,1326.8650862068964,210.7,-0.0706455542021064,1
C46920,1,1362.12,1362.12,2,3.0,1,2024-01-21,2024-01-21,0.0,0.0,1.0,Debit Card,Facebook,436,436,,0,1.1937029431895962,1141.0879128440365,681.06,-0.5310596833123861,1
C46967,1,1026.84,1026.84,2,5.0,1,2023-12-23,2023-12-23,0.0,0.0,1.0,Online,Instagram,465,465,,0,1.273100616016427,806.5662580645161,513.42,-0.5663824604134392,1
C47022,1,500.97,500.97,3,8.0,1,2024-04-07,2024-04-07,0.0,1.0,0.0,Cash,Facebook,359,359,,0,0.9828884325804244,509.6916225626741,166.99,-0.4372716199751069,1
C47086,1,609.16,609.16,4,6.0,1,2023-08-09,2023-08-09,1.0,0.0,1.0,Debit Card,Google,601,601,,0,1.6454483230663928,370.20913477537437,152.29,-0.7320341047494129,1
C47283,1,263.96,263.96,1,2.0,1,2024-05-13,2024-05-13,0.0,1.0,1.0,Gift Card,Google,323,323,,0,0.8843258042436687,298.48727554179567,263.96,-0.39342265529793735,1
C47284,1,893.01,893.01,3,6.0,1,2024-09-21,2024-09-21,0.0,0.0,0.0,Online,Google,192,192,,0,0.5256673511293635,1698.8119921875,297.67,-0.23386114494490395,1
C47307,1,1202.86,1202.86,2,5.0,1,2023-11-02,2023-11-02,0.0,0.0,1.0,Online,Instagram,516,516,,0,1.4127310061601643,851.4430523255813,601.43,-0.6285018270394294,1
C47486,1,320.92,320.92,1,5.0,1,2024-12-04,2024-12-04,0.0,1.0,1.0,Online,Facebook,118,118,,0,0.32306639288158795,993.356186440678,320.92,-0.14372716199738889,1
C47761,1,1165.4,1165.4,4,6.0,1,2023-03-19,2023-03-19,1.0,0.0,1.0,Credit Card,Facebook,744,744,,0,2.0369609856262834,572.1268145161291,291.35,-0.9062119366615028,1
C47778,1,3334.0,3334.0,5,7.0,1,2023-10-30,2023-10-30,0.0,0.0,1.0,Debit Card,Referral,519,519,,0,1.4209445585215605,2346.326589595376,666.8,-0.6321559074291935,1
C47823,1,956.72,956.72,2,3.0,1,2024-12-03,2024-12-03,0.0,0.0,0.0,Online,Google,119,119,,0,0.3258042436687201,2936.487226890756,478.36,-0.14494518879397691,1
C48120,1,280.25,280.25,1,5.0,1,2025-03-27,2025-03-27,0.0,0.0,1.0,Online,Email,5,5,,0,0.013689253935660506,20472.2625,280.25,-0.006090133982940207,1
C48176,1,1736.92,1736.92,4,8.0,1,2024-11-18,2024-11-18,0.0,0.0,1.0,Online,Email,134,134,,0,0.3668720054757016,4734.403208955224,434.23,-0.16321559074279754,1
C48207,1,833.62,833.62,2,2.0,1,2024-04-07,2024-04-07,0.0,1.0,0.0,Cash,Facebook,359,359,,0,0.9828884325804244,848.1328830083565,416.81,-0.4372716199751069,1
C48453,1,3194.0,3194.0,5,10.0,1,2024-06-19,2024-06-19,1.0,0.0,1.0,Debit Card,Referral,286,286,,0,0.783025325119781,4079.0506993006993,638.8,-0.3483556638241798,1
C48531,1,30.54,30.54,1,1.0,1,2024-12-07,2024-12-07,0.0,1.0,0.0,Debit Card,Google,115,115,,0,0.31485284052019163,96.99769565217392,30.54,-0.14007308160762477,1
C48577,1,1640.84,1640.84,4,5.0,1,2024-07-29,2024-07-29,0.0,0.0,1.0,Cash,Instagram,246,246,,0,0.6735112936344969,2436.2471951219513,410.21,-0.29963459196065817,1
C48601,1,414.47,414.47,1,3.0,1,2023-05-27,2023-05-27,0.0,1.0,1.0,Debit Card,Instagram,675,675,,0,1.8480492813141685,224.27432222222222,414.47,-0.822168087696928,1
C48646,1,1159.1,1159.1,5,6.0,1,2024-06-14,2024-06-14,0.0,0.0,1.0,Debit Card,Facebook,291,291,,0,0.7967145790554415,1454.8497422680412,231.82,-0.35444579780712004,1
C48649,1,204.36,204.36,3,3.0,1,2024-07-24,2024-07-24,1.0,0.0,1.0,Online,Email,251,251,,0,0.6872005475701575,297.38043824701197,68.12,-0.3057247259435984,1
C48713,1,159.8,159.8,5,5.0,1,2024-03-10,2024-03-10,0.0,1.0,1.0,Credit Card,Referral,387,387,,0,1.0595482546201231,150.81899224806205,31.96,-0.471376370279572,1
C48790,1,107.7,107.7,5,10.0,1,2024-07-22,2024-07-22,0.0,1.0,0.0,Gift Card,Google,253,253,,0,0.6926762491444216,155.48389328063243,21.54,-0.30816077953677445,1
C48939,1,2147.25,2147.25,5,5.0,1,2023-07-05,2023-07-05,1.0,0.0,1.0,Gift Card,Email,636,636,,0,1.7412731006160165,1233.1494693396226,429.45,-0.7746650426299944,1
C48942,1,2654.68,2654.68,4,7.0,1,2023-11-25,2023-11-25,0.0,0.0,1.0,Credit Card,Google,493,493,,0,1.3497604380561259,1966.778640973631,663.67,-0.6004872107179045,1
C48965,1,299.35,299.35,1,5.0,1,2023-10-31,2023-10-31,1.0,0.0,1.0,Credit Card,Email,518,518,,0,1.4182067077344285,211.07642374517377,299.35,-0.6309378806326055,1
C49009,1,537.4,537.4,5,9.0,1,2023-01-25,2023-01-25,1.0,0.0,1.0,Debit Card,Email,797,797,,0,2.1820670773442847,246.2802383939774,107.47999999999999,-0.970767356880669,1
C49111,1,1510.17,1510.17,3,5.0,1,2025-02-27,2025-02-27,0.0,0.0,0.0,Online,Facebook,33,33,,0,0.09034907597535935,16714.836136363636,503.39000000000004,-0.040194884287405364,1
C49187,1,535.5,535.5,1,5.0,1,2023-03-08,2023-03-08,1.0,0.0,1.0,Gift Card,Referral,755,755,,0,2.0670773442847366,259.0614238410596,535.5,-0.9196102314239712,1
C49198,1,1940.37,1940.37,3,5.0,1,2023-08-17,2023-08-17,1.0,0.0,1.0,Cash,Google,593,593,,0,1.623545516769336,1195.14357925801,646.79,-0.7222898903767085,1
C49282,1,253.7,253.7,5,7.0,1,2023-06-15,2023-06-15,1.0,0.0,1.0,Gift Card,Google,656,656,,0,1.7960301163586585,141.25598323170732,50.739999999999995,-0.7990255785617552,1
C49491,1,114.7,114.7,5,10.0,1,2023-04-12,2023-04-12,0.0,0.0,0.0,Cash,Email,720,720,,0,1.9712525667351128,58.18635416666667,22.94,-0.8769792935433898,1
C49517,1,594.96,594.96,1,6.0,1,2025-01-04,2025-01-04,0.0,1.0,0.0,Cash,Facebook,87,87,,0,0.23819301848049282,2497.806206896552,594.96,-0.10596833130315961,1
C49605,1,457.82,457.82,2,4.0,1,2024-05-10,2024-05-10,0.0,0.0,1.0,Debit Card,Referral,326,326,,0,0.892539356605065,512.9409662576687,228.91,-0.3970767356877015,1
C49710,1,1637.12,1637.12,4,8.0,1,2024-01-13,2024-01-13,0.0,0.0,0.0,Cash,Email,444,444,,0,1.215605749486653,1346.7524324324322,409.28,-0.5408038976850904,1
C49726,1,17.98,17.98,1,6.0,1,2023-11-14,2023-11-14,1.0,0.0,1.0,Cash,Email,504,504,,0,1.379876796714579,13.03014880952381,17.98,-0.6138855054803729,1
C49831,1,1474.29,1474.29,3,6.0,1,2023-11-30,2023-11-30,0.0,0.0,1.0,Gift Card,Instagram,488,488,,0,1.3360711841204653,1103.4516854508197,491.43,-0.5943970767349642,1
C49838,1,1105.66,1105.66,2,3.0,1,2024-06-24,2024-06-24,1.0,0.0,0.0,Credit Card,Referral,281,281,,0,0.7693360711841205,1437.1612633451957,552.83,-0.34226552984123965,1
C49938,1,62.12,62.12,1,2.0,1,2024-09-03,2024-09-03,0.0,1.0,0.0,Cash,Email,210,210,,0,0.5749486652977412,108.04442857142857,62.12,-0.2557856272834887,1
C49995,1,984.44,984.44,4,4.0,1,2023-03-23,2023-03-23,0.0,0.0,1.0,Credit Card,Instagram,740,740,,0,2.026009582477755,485.90095945945944,246.11,-0.9013398294751507,1
C50087,1,366.33,366.33,3,4.0,1,2023-10-16,2023-10-16,0.0,0.0,1.0,Online,Email,533,533,,0,1.45927446954141,251.03570825515948,122.11,-0.649208282581426,1
C50097,1,2339.05,2339.05,5,10.0,1,2024-07-22,2024-07-22,1.0,0.0,0.0,Online,Facebook,253,253,,0,0.6926762491444216,3376.8300889328066,467.81000000000006,-0.30816077953677445,1
C50114,1,98.16,98.16,2,7.0,1,2025-03-30,2025-03-30,0.0,1.0,1.0,Debit Card,Instagram,2,2,,0,0.0054757015742642025,17926.47,49.08,-0.002436053593176083,1
C50121,1,583.18,583.18,1,5.0,1,2024-05-24,2024-05-24,0.0,1.0,0.0,Credit Card,Google,312,312,,0,0.8542094455852156,682.713125,583.18,-0.3800243605354689,1
C50137,1,59.19,59.19,3,3.0,1,2023-07-07,2023-07-07,0.0,0.0,0.0,Online,Referral,634,634,,0,1.7357973990417521,34.099601735015774,19.73,-0.7722289890368182,1
C50159,1,667.02,667.02,3,5.0,1,2023-11-27,2023-11-27,0.0,1.0,1.0,Credit Card,Email,491,491,,0,1.3442847364818618,496.1895213849287,222.34,-0.5980511571247283,1
C50211,1,53.0,53.0,2,3.0,1,2024-04-22,2024-04-22,0.0,0.0,1.0,Online,Instagram,344,344,,0,0.9418206707734429,56.27398255813953,26.5,-0.41900121802628626,1
C50274,1,1528.26,1528.26,3,5.0,1,2023-07-23,2023-07-23,1.0,0.0,1.0,Credit Card,Google,618,618,,0,1.6919917864476386,903.2313349514563,509.42,-0.7527405602914096,1
C50275,1,269.65,269.65,5,7.0,1,2024-09-04,2024-09-04,0.0,0.0,1.0,Gift Card,Instagram,209,209,,0,0.5722108145106092,471.24240430622007,53.92999999999999,-0.25456760048690064,1
C50304,1,930.3,930.3,2,2.0,1,2024-12-07,2024-12-07,0.0,0.0,1.0,Online,Facebook,115,115,,0,0.31485284052019163,2954.713695652174,465.15,-0.14007308160762477,1
C50415,1,2830.35,2830.35,5,6.0,1,2024-10-10,2024-10-10,0.0,0.0,1.0,Credit Card,Instagram,173,173,,0,0.4736481861738535,5975.637789017341,566.0699999999999,-0.21071863580973116,1
C50422,1,1129.16,1129.16,2,4.0,1,2025-02-21,2025-02-21,0.0,1.0,1.0,Online,Facebook,39,39,,0,0.10677618069815195,10575.017692307692,564.58,-0.04750304506693361,1
C50565,1,411.34,411.34,1,5.0,1,2024-09-03,2024-09-03,0.0,1.0,0.0,Debit Card,Instagram,210,210,,0,0.5749486652977412,715.4377857142857,411.34,-0.2557856272834887,1
C50612,1,226.64,226.64,4,4.0,1,2024-01-12,2024-01-12,0.0,0.0,1.0,Online,Instagram,445,445,,0,1.218343600273785,186.02305617977527,56.66,-0.5420219244816784,1
C50682,1,501.96,501.96,2,5.0,1,2024-11-26,2024-11-26,0.0,0.0,0.0,Credit Card,Google,126,126,,0,0.34496919917864477,1455.0864285714285,250.98,-0.15347137637009323,1
C50683,1,576.42,576.42,2,5.0,1,2023-10-15,2023-10-15,1.0,0.0,0.0,Debit Card,Email,534,534,,0,1.462012320328542,394.2648033707865,288.21,-0.6504263093780142,1
C50732,1,590.04,590.04,4,4.0,1,2024-12-11,2024-12-11,0.0,0.0,1.0,Debit Card,Instagram,111,111,,0,0.30390143737166325,1941.5505405405404,147.51,-0.1352009744212726,1
C50967,1,364.8,364.8,2,5.0,1,2023-02-04,2023-02-04,1.0,0.0,1.0,Gift Card,Referral,787,787,,0,2.1546885694729636,169.30520965692506,182.4,-0.9585870889147886,1
C51024,1,489.8,489.8,1,4.0,1,2023-08-02,2023-08-02,0.0,0.0,1.0,Gift Card,Facebook,608,608,,0,1.6646132785763177,294.2425164473684,489.8,-0.7405602923255292,1
C51145,1,2403.24,2403.24,4,9.0,1,2024-04-16,2024-04-16,0.0,0.0,1.0,Debit Card,Email,350,350,,0,0.9582477754962354,2507.9526,600.81,-0.4263093788058145,1
C51157,1,1778.61,1778.61,3,3.0,1,2023-09-17,2023-09-17,0.0,0.0,1.0,Gift Card,Referral,562,562,,0,1.538672142368241,1155.9382606761565,592.87,-0.6845310596824793,1
C51404,1,378.12,378.12,2,7.0,1,2024-01-18,2024-01-18,0.0,0.0,1.0,Gift Card,Facebook,439,439,,0,1.2019164955509924,314.59756264236904,189.06,-0.5347137637021502,1
C51481,1,1244.2,1244.2,5,10.0,1,2023-06-23,2023-06-23,1.0,0.0,0.0,Debit Card,Instagram,648,648,,0,1.7741273100616017,701.3025462962963,248.84,-0.7892813641890508,1
C51494,1,977.74,977.74,2,4.0,1,2025-03-08,2025-03-08,1.0,0.0,1.0,Online,Google,24,24,,0,0.06570841889117043,14879.980625,488.87,-0.029232643118112994,1
C51694,1,1361.7,1361.7,2,6.0,1,2024-08-25,2024-08-25,0.0,0.0,1.0,Gift Card,Referral,219,219,,0,0.5995893223819302,2271.0544520547946,680.85,-0.2667478684527811,1
C51811,1,1335.36,1335.36,3,8.0,1,2023-06-02,2023-06-02,1.0,0.0,0.0,Gift Card,Google,669,669,,0,1.8316221765913758,729.0586547085201,445.11999999999995,-0.8148599269173997,1
C51898,1,898.44,898.44,4,6.0,1,2024-01-23,2024-01-23,0.0,1.0,1.0,Credit Card,Facebook,434,434,,0,1.1882272416153319,756.1179953917052,224.61,-0.52862362971921,1
C51921,1,1318.59,1318.59,3,5.0,1,2023-08-11,2023-08-11,0.0,0.0,0.0,Debit Card,Google,599,599,,0,1.6399726214921286,804.0317153589315,439.53,-0.7295980511562368,1
C52184,1,162.77,162.77,1,4.0,1,2023-06-05,2023-06-05,1.0,0.0,1.0,Online,Facebook,666,666,,0,1.8234086242299794,89.26688063063064,162.77,-0.8112058465276356,1
C52313,1,836.52,836.52,2,2.0,1,2023-11-19,2023-11-19,0.0,0.0,1.0,Debit Card,Google,499,499,,0,1.3661875427789185,612.3024649298598,418.26,-0.6077953714974327,1
C52342,1,369.15,369.15,5,9.0,1,2025-02-07,2025-02-07,0.0,0.0,0.0,Debit Card,Instagram,53,53,,0,0.14510609171800137,2544.0007075471694,73.83,-0.06455542021916619,1
C52604,1,506.5,506.5,5,7.0,1,2024-11-23,2024-11-23,0.0,0.0,1.0,Online,Email,129,129,,0,0.3531827515400411,1434.1017441860465,101.3,-0.15712545675985734,1
C52751,1,1055.72,1055.72,4,4.0,1,2023-10-27,2023-10-27,0.0,0.0,1.0,Debit Card,Facebook,522,522,,0,1.429158110882957,738.700632183908,263.93,-0.6358099878189576,1
C52914,1,839.96,839.96,4,8.0,1,2023-03-19,2023-03-19,0.0,0.0,0.0,Cash,Google,744,744,,0,2.0369609856262834,412.35939516129037,209.99,-0.9062119366615028,1
C52915,1,657.08,657.08,2,6.0,1,2023-12-13,2023-12-13,0.0,1.0,1.0,Gift Card,Email,475,475,,0,1.3004791238877482,505.2599368421053,328.54,-0.5785627283793197,1
C53049,1,1126.12,1126.12,2,6.0,1,2023-12-02,2023-12-02,0.0,1.0,0.0,Cash,Instagram,486,486,,0,1.3305954825462012,846.3278395061728,563.06,-0.5919610231417881,1
C53070,1,2048.24,2048.24,4,5.0,1,2024-04-11,2024-04-11,0.0,0.0,1.0,Online,Google,355,355,,0,0.971937029431896,2107.379323943662,512.06,-0.4323995127887547,1
C53215,1,265.38,265.38,1,6.0,1,2023-06-20,2023-06-20,1.0,0.0,1.0,Credit Card,Email,651,651,,0,1.782340862422998,148.89407834101382,265.38,-0.7929354445788149,1
C53252,1,570.32,570.32,4,4.0,1,2024-05-26,2024-05-26,0.0,0.0,1.0,Cash,Facebook,310,310,,0,0.8487337440109514,671.965741935484,142.58,-0.37758830694229284,1
C53277,1,1595.16,1595.16,3,7.0,1,2025-02-18,2025-02-18,0.0,0.0,1.0,Gift Card,Google,42,42,,0,0.11498973305954825,13872.195000000002,531.72,-0.05115712545669774,1
C53334,1,1496.04,1496.04,3,4.0,1,2023-08-06,2023-08-06,0.0,1.0,1.0,Online,Email,604,604,,0,1.6536618754277892,904.6831291390728,498.68,-0.735688185139177,1
C53464,1,3299.25,3299.25,5,9.0,1,2024-06-29,2024-06-29,0.0,0.0,1.0,Credit Card,Facebook,276,276,,0,0.75564681724846,4366.127038043478,659.85,-0.3361753958582994,1
C53488,1,410.52,410.52,3,3.0,1,2024-05-12,2024-05-12,0.0,0.0,1.0,Cash,Facebook,324,324,,0,0.8870636550308009,462.7852777777777,136.84,-0.3946406820945254,1
C53501,1,249.57,249.57,1,3.0,1,2024-06-08,2024-06-08,0.0,0.0,1.0,Cash,Google,297,297,,0,0.813141683778234,306.92068181818183,249.57,-0.36175395858664827,1
C53545,1,1084.17,1084.17,3,8.0,1,2023-06-29,2023-06-29,0.0,0.0,0.0,Credit Card,Referral,642,642,,0,1.757700205338809,616.8116705607476,361.39000000000004,-0.7819732034095226,1
C53627,1,1527.45,1527.45,5,10.0,1,2023-11-08,2023-11-08,0.0,0.0,0.0,Debit Card,Referral,510,510,,0,1.3963039014373717,1093.92375,305.49,-0.6211936662599011,1
C53645,1,1450.59,1450.59,3,4.0,1,2025-02-14,2025-02-14,0.0,1.0,0.0,Cash,Referral,46,46,,0,0.12594113620807665,11517.999945652175,483.53,-0.0560292326430499,1
C53697,1,827.36,827.36,4,5.0,1,2023-06-27,2023-06-27,1.0,0.0,1.0,Cash,Instagram,644,644,,0,1.7631759069130732,469.2441614906832,206.84,-0.7844092570026987,1
C53810,1,2358.28,2358.28,4,8.0,1,2024-06-06,2024-06-06,0.0,0.0,0.0,Cash,Instagram,299,299,,0,0.8186173853524983,2880.808595317726,589.57,-0.3641900121798244,1
C54160,1,1010.13,1010.13,3,4.0,1,2023-06-13,2023-06-13,0.0,0.0,0.0,Credit Card,Email,658,658,,0,1.8015058179329226,560.714259118541,336.71,-0.8014616321549313,1
C54277,1,519.16,519.16,2,7.0,1,2025-03-12,2025-03-12,0.0,0.0,1.0,Debit Card,Instagram,20,20,,0,0.05475701574264202,9481.1595,259.58,-0.024360535931760827,1
C54298,1,1437.63,1437.63,3,5.0,1,2023-05-21,2023-05-21,1.0,0.0,1.0,Cash,Referral,681,681,,0,1.864476386036961,771.0636674008811,479.21000000000004,-0.8294762484764562,1
C54390,1,580.74,580.74,3,7.0,1,2025-01-03,2025-01-03,0.0,0.0,1.0,Gift Card,Email,88,88,,0,0.24093086926762491,2410.400965909091,193.58,-0.10718635809974764,1
C54494,1,352.92,352.92,2,2.0,1,2023-09-02,2023-09-02,0.0,0.0,1.0,Credit Card,Email,577,577,,0,1.5797399041752225,223.40386481802426,176.46,-0.7028014616312999,1
C54499,1,668.48,668.48,1,1.0,1,2023-12-03,2023-12-03,0.0,0.0,1.0,Debit Card,Email,485,485,,0,1.3278576317590691,503.4274639175258,668.48,-0.5907429963452001,1
C54595,1,121.96,121.96,1,3.0,1,2025-03-18,2025-03-18,0.0,0.0,0.0,Debit Card,Google,14,14,,0,0.038329911019849415,3181.849285714286,121.96,-0.01705237515223258,1
C54675,1,1291.7,1291.7,2,5.0,1,2023-01-01,2023-01-01,0.0,0.0,0.0,Online,Referral,821,821,,0,2.2477754962354553,574.6570341047503,645.85,-0.999999999998782,1
C54759,1,109.29,109.29,1,5.0,1,2024-11-27,2024-11-27,1.0,0.0,1.0,Debit Card,Google,125,125,,0,0.34223134839151265,319.34538000000003,109.29,-0.15225334957350517,1
C54829,1,312.55,312.55,5,9.0,1,2023-05-08,2023-05-08,0.0,0.0,1.0,Cash,Instagram,694,694,,0,1.9000684462696784,164.4940742074928,62.510000000000005,-0.8453105968321007,1
C54886,1,355.15,355.15,1,2.0,1,2024-06-25,2024-06-25,0.0,1.0,1.0,Cash,Email,280,280,,0,0.7665982203969883,463.28049107142857,355.15,-0.3410475030446516,1
C55164,1,1979.64,1979.64,3,3.0,1,2023-03-16,2023-03-16,1.0,0.0,0.0,Gift Card,Google,747,747,,0,2.0451745379876796,967.9565060240965,659.88,-0.9098660170512669,1
C55205,1,793.4,793.4,4,7.0,1,2024-04-09,2024-04-09,1.0,0.0,1.0,Cash,Google,357,357,,0,0.9774127310061602,811.7348739495798,198.35,-0.43483556638193077,1
C55286,1,2873.95,2873.95,5,8.0,1,2024-02-21,2024-02-21,0.0,0.0,1.0,Credit Card,Referral,405,405,,0,1.108829568788501,2591.8771296296295,574.79,-0.49330085261815676,1
C55354,1,684.22,684.22,2,2.0,1,2024-08-30,2024-08-30,0.0,0.0,1.0,Gift Card,Instagram,214,214,,0,0.5859000684462696,1167.810070093458,342.11,-0.26065773446984086,1
C55388,1,1213.86,1213.86,3,6.0,1,2023-03-27,2023-03-27,0.0,0.0,1.0,Gift Card,Instagram,736,736,,0,2.0150581793292264,602.3945176630435,404.61999999999995,-0.8964677222887985,1
C55454,1,677.48,677.48,1,1.0,1,2023-05-01,2023-05-01,0.0,0.0,1.0,Online,Facebook,701,701,,0,1.919233401779603,352.9951069900143,677.48,-0.853836784408217,1
C55464,1,601.36,601.36,1,1.0,1,2024-11-11,2024-11-11,0.0,0.0,0.0,Online,Facebook,141,141,,0,0.3860369609856263,1557.7782978723405,601.36,-0.17174177831891382,1
C55590,1,625.51,625.51,1,1.0,1,2024-12-19,2024-12-19,0.0,0.0,1.0,Credit Card,Facebook,103,103,,0,0.28199863107460643,2218.131334951456,625.51,-0.12545676004856826,1
C55632,1,2158.45,2158.45,5,10.0,1,2023-08-05,2023-08-05,0.0,0.0,0.0,Credit Card,Facebook,605,605,,0,1.6563997262149213,1303.0972933884298,431.68999999999994,-0.736906211935765,1
C55636,1,1702.4,1702.4,4,5.0,1,2023-04-21,2023-04-21,0.0,0.0,1.0,Credit Card,Google,711,711,,0,1.946611909650924,874.5451476793249,425.6,-0.8660170523740974,1
C55757,1,922.26,922.26,2,4.0,1,2023-09-10,2023-09-10,0.0,1.0,0.0,Gift Card,Email,569,569,,0,1.5578370978781657,592.0131195079085,461.13,-0.6930572472585955,1
C55778,1,551.9,551.9,5,10.0,1,2023-11-09,2023-11-09,0.0,0.0,0.0,Cash,Referral,509,509,,0,1.3935660506502396,396.0343320235756,110.38,-0.619975639463313,1
C55819,1,1268.75,1268.75,5,9.0,1,2023-09-01,2023-09-01,0.0,0.0,1.0,Online,Instagram,578,578,,0,1.5824777549623545,801.749026816609,253.75,-0.704019488427888,1
C55996,1,2543.45,2543.45,5,10.0,1,2023-07-14,2023-07-14,0.0,0.0,1.0,Cash,Google,627,627,,0,1.7166324435318274,1481.6508971291867,508.68999999999994,-0.7637028014607019,1
C56266,1,640.88,640.88,4,9.0,1,2024-09-28,2024-09-28,0.0,1.0,1.0,Debit Card,Instagram,185,185,,0,0.5065023956194388,1265.3049729729728,160.22,-0.22533495736878767,1
C56506,1,773.52,773.52,3,4.0,1,2024-03-10,2024-03-10,0.0,0.0,0.0,Online,Instagram,387,387,,0,1.0595482546201231,730.046976744186,257.84,-0.471376370279572,1
C56553,1,212.43,212.43,3,8.0,1,2024-07-15,2024-07-15,0.0,0.0,1.0,Credit Card,Referral,260,260,,0,0.7118412046543463,298.4232980769231,70.81,-0.31668696711289074,1
C56564,1,507.48,507.48,2,5.0,1,2025-03-05,2025-03-05,0.0,0.0,1.0,Online,Google,27,27,,0,0.07392197125256673,6865.076666666667,253.74,-0.032886723507877115,1
C56796,1,678.38,678.38,1,4.0,1,2025-02-14,2025-02-14,1.0,0.0,1.0,Credit Card,Referral,46,46,,0,0.12594113620807665,5386.4846739130435,678.38,-0.0560292326430499,1
C56851,1,958.15,958.15,5,6.0,1,2023-10-31,2023-10-31,0.0,0.0,1.0,Gift Card,Facebook,518,518,,0,1.4182067077344285,675.6067326254827,191.63,-0.6309378806326055,1
C56928,1,1435.0,1435.0,4,9.0,1,2024-01-09,2024-01-09,0.0,0.0,1.0,Gift Card,Facebook,448,448,,0,1.2265571526351813,1169.94140625,358.75,-0.5456760048714425,1
C56969,2,193.0,96.5,3,4.0,1,2023-06-29,2024-01-09,0.0,0.0,1.0,Debit Card,Email,448,642,194.0,1,1.757700205338809,109.80257009345794,64.33333333333333,0.4543239941285574,1
C57093,1,553.41,553.41,3,4.0,1,2024-02-08,2024-02-08,1.0,0.0,0.0,Online,Referral,418,418,,0,1.1444216290212184,483.57177631578946,184.47,-0.5091352009738013,1
C57276,1,3456.4,3456.4,5,10.0,1,2023-08-17,2023-08-17,0.0,0.0,1.0,Online,Email,593,593,,0,1.623545516769336,2128.9209106239464,691.28,-0.7222898903767085,1
C57502,1,2242.32,2242.32,4,6.0,1,2023-06-11,2023-06-11,0.0,1.0,1.0,Gift Card,Referral,660,660,,0,1.8069815195071868,1240.920272727273,560.58,-0.8038976857481073,1
C57601,1,294.6,294.6,4,9.0,1,2024-09-09,2024-09-09,0.0,0.0,0.0,Debit Card,Google,204,204,,0,0.5585215605749486,527.4639705882354,73.65,-0.24847746650396044,1
C57798,1,2308.32,2308.32,4,8.0,1,2024-04-11,2024-04-11,0.0,0.0,0.0,Online,Facebook,355,355,,0,0.971937029431896,2374.968676056338,577.08,-0.4323995127887547,1
C57861,1,915.48,915.48,3,8.0,1,2025-03-07,2025-03-07,1.0,0.0,1.0,Credit Card,Referral,25,25,,0,0.06844626967830253,13375.1628,305.16,-0.030450669914701033,1
C57867,1,1543.68,1543.68,4,8.0,1,2023-05-17,2023-05-17,1.0,0.0,0.0,Credit Card,Instagram,685,685,,0,1.8754277891854894,823.108204379562,385.92,-0.8343483556628084,1
C58063,1,987.26,987.26,2,6.0,1,2024-08-11,2024-08-11,0.0,1.0,1.0,Online,Referral,233,233,,0,0.6379192334017796,1547.6253862660944,493.63,-0.28380024360501366,1
C58108,1,2517.36,2517.36,4,4.0,1,2023-04-11,2023-04-11,1.0,0.0,1.0,Cash,Instagram,721,721,,0,1.9739904175222451,1275.2645492371705,629.34,-0.8781973203399779,1
C58156,1,95.1,95.1,1,1.0,1,2024-11-15,2024-11-15,0.0,0.0,1.0,Gift Card,Instagram,137,137,,0,0.3750855578370979,253.5421532846715,95.1,-0.16686967113256168,1
C58168,1,754.4399999999999,754.4399999999999,3,4.0,1,2024-05-24,2024-05-24,0.0,1.0,0.0,Credit Card,Email,312,312,,0,0.8542094455852156,883.2025961538461,251.48,-0.3800243605354689,1
C58341,1,639.83,639.83,1,2.0,1,2024-03-26,2024-03-26,0.0,0.0,1.0,Debit Card,Referral,371,371,,0,1.0157426420260096,629.9134973045823,639.83,-0.45188794153416334,1
C58410,1,645.46,645.46,1,5.0,1,2023-08-11,2023-08-11,1.0,0.0,1.0,Gift Card,Google,599,599,,0,1.6399726214921286,393.57974123539236,645.46,-0.7295980511562368,1
C58443,1,848.64,848.64,2,6.0,1,2023-09-04,2023-09-04,0.0,1.0,0.0,Credit Card,Referral,575,575,,0,1.5742642026009583,539.0708869565217,424.32,-0.7003654080381237,1
C58638,1,1531.52,1531.52,4,6.0,1,2024-03-31,2024-03-31,1.0,0.0,1.0,Cash,Email,366,366,,0,1.002053388090349,1528.3816393442623,382.88,-0.44579780755122317,1
C58721,1,617.58,617.58,3,4.0,1,2025-03-03,2025-03-03,0.0,0.0,0.0,Gift Card,Email,29,29,,0,0.07939767282683094,7778.313620689655,205.86,-0.0353227771010532,1
C58773,1,2567.45,2567.45,5,8.0,1,2024-02-26,2024-02-26,1.0,0.0,0.0,Gift Card,Google,400,400,,0,1.0951403148528405,2344.40278125,513.49,-0.48721071863521653,1
C58808,1,539.66,539.66,2,4.0,1,2024-11-08,2024-11-08,0.0,0.0,1.0,Online,Email,144,144,,0,0.3942505133470226,1368.8251041666665,269.83,-0.17539585870867797,1
C58858,1,674.64,674.64,2,4.0,1,2024-12-02,2024-12-02,1.0,0.0,1.0,Credit Card,Email,120,120,,0,0.32854209445585214,2053.4355,337.32,-0.14616321559056497,1
C59169,1,2517.36,2517.36,4,7.0,1,2023-07-10,2023-07-10,0.0,0.0,0.0,Cash,Email,631,631,,0,1.727583846680356,1457.1564817749604,629.34,-0.7685749086470541,1
C59183,1,3322.55,3322.55,5,8.0,1,2023-02-28,2023-02-28,0.0,0.0,1.0,Debit Card,Email,763,763,,0,2.088980150581793,1590.5129587155966,664.51,-0.9293544457966756,1
C59278,1,2360.05,2360.05,5,10.0,1,2024-10-15,2024-10-15,1.0,0.0,1.0,Gift Card,Email,168,168,,0,0.459958932238193,5131.001562500001,472.01000000000005,-0.20462850182679096,1
C59338,1,2070.9,2070.9,3,6.0,1,2024-02-25,2024-02-25,0.0,0.0,1.0,Credit Card,Google,401,401,,0,1.0978781656399725,1886.274875311721,690.3000000000001,-0.4884287454318046,1
C59441,1,2092.65,2092.65,5,6.0,1,2024-02-09,2024-02-09,0.0,0.0,1.0,Credit Card,Google,417,417,,0,1.1416837782340863,1832.9506294964028,418.53000000000003,-0.5079171741772133,1
C59554,1,912.08,912.08,2,4.0,1,2024-12-16,2024-12-16,0.0,1.0,1.0,Debit Card,Email,106,106,,0,0.29021218343600275,3142.803962264151,456.04,-0.12911084043833237,1
C59572,1,542.07,542.07,1,6.0,1,2023-03-28,2023-03-28,0.0,0.0,1.0,Cash,Referral,735,735,,0,2.0123203285420943,269.3756020408164,542.07,-0.8952496954922105,1
C59579,1,897.7,897.7,2,6.0,1,2023-01-03,2023-01-03,0.0,0.0,0.0,Credit Card,Instagram,819,819,,0,2.242299794661191,400.34789377289377,448.85,-0.9975639464056059,1
C59685,1,788.32,788.32,2,2.0,1,2023-01-26,2023-01-26,0.0,0.0,0.0,Online,Referral,796,796,,0,2.1793292265571527,361.72597989949753,394.16,-0.969549330084081,1
C59724,1,819.5,819.5,2,2.0,1,2024-12-09,2024-12-09,0.0,0.0,1.0,Debit Card,Facebook,113,113,,0,0.30937713894592744,2648.870575221239,409.75,-0.1376370280144487,1
C59752,1,1538.8,1538.8,5,9.0,1,2023-01-05,2023-01-05,0.0,0.0,1.0,Gift Card,Google,817,817,,0,2.236824093086927,687.9396572827417,307.76,-0.9951278928124299,1
C59774,1,72.6,72.6,1,6.0,1,2024-04-15,2024-04-15,1.0,0.0,1.0,Debit Card,Instagram,351,351,,0,0.9609856262833676,75.54743589743589,72.6,-0.42752740560240254,1
C59823,1,640.28,640.28,4,5.0,1,2023-11-21,2023-11-21,0.0,0.0,0.0,Online,Email,497,497,,0,1.3607118412046544,470.54782696177057,160.07,-0.6053593179042566,1
C60029,1,1524.36,1524.36,3,8.0,1,2023-01-06,2023-01-06,1.0,0.0,1.0,Credit Card,Referral,816,816,,0,2.2340862422997945,682.3192279411765,508.11999999999995,-0.9939098660158417,1
C60037,1,1054.92,1054.92,2,3.0,1,2025-01-16,2025-01-16,1.0,0.0,1.0,Debit Card,Referral,75,75,,0,0.2053388090349076,5137.460400000001,527.46,-0.09135200974410311,1
C60042,1,1761.24,1761.24,4,6.0,1,2023-02-17,2023-02-17,1.0,0.0,0.0,Cash,Instagram,774,774,,0,2.1190965092402463,831.1277906976745,440.31,-0.942752740559144,1
C60178,1,1023.45,1023.45,3,4.0,1,2023-01-02,2023-01-02,0.0,0.0,1.0,Cash,Instagram,820,820,,0,2.245037645448323,455.87208841463416,341.15000000000003,-0.998781973202194,1
C60190,1,1898.76,1898.76,4,6.0,1,2023-01-15,2023-01-15,1.0,0.0,1.0,Gift Card,Google,807,807,,0,2.209445585215606,859.3830111524163,474.69,-0.9829476248465494,1
C60203,1,583.7,583.7,2,5.0,1,2024-05-27,2024-05-27,0.0,0.0,1.0,Cash,Instagram,309,309,,0,0.8459958932238193,689.9560679611651,291.85,-0.3763702801457048,1
C60215,1,334.4,334.4,4,4.0,1,2024-11-05,2024-11-05,0.0,0.0,1.0,Debit Card,Facebook,147,147,,0,0.4024640657084189,830.8816326530612,83.6,-0.17904993909844208,1
C60329,1,2476.75,2476.75,5,5.0,1,2024-04-26,2024-04-26,0.0,0.0,0.0,Credit Card,Facebook,340,340,,0,0.9308692676249144,2660.6851102941177,495.35,-0.4141291108399341,1
C60355,1,1000.58,1000.58,2,7.0,1,2024-09-14,2024-09-14,0.0,1.0,1.0,Online,Google,199,199,,0,0.5448323066392882,1836.4916834170854,500.29,-0.24238733252102024,1
C60361,1,1948.1,1948.1,5,7.0,1,2024-06-16,2024-06-16,0.0,1.0,1.0,Cash,Facebook,289,289,,0,0.7912388774811773,2462.088321799308,389.62,-0.352009744213944,1
C60384,1,1484.28,1484.28,4,7.0,1,2023-10-05,2023-10-05,1.0,0.0,1.0,Cash,Facebook,544,544,,0,1.4893908281998631,996.5685110294118,371.07,-0.6626065773438945,1
C60547,1,257.0,257.0,1,5.0,1,2023-02-05,2023-02-05,1.0,0.0,0.0,Debit Card,Referral,786,786,,0,2.1519507186858315,119.42652671755725,257.0,-0.9573690621182005,1
C60572,1,1497.63,1497.63,3,8.0,1,2023-12-14,2023-12-14,1.0,0.0,0.0,Online,Instagram,474,474,,0,1.297741273100616,1154.028180379747,499.21000000000004,-0.5773447015827317,1
C60575,1,1959.3,1959.3,5,6.0,1,2024-07-18,2024-07-18,0.0,0.0,0.0,Credit Card,Instagram,257,257,,0,0.70362765229295,2784.569357976654,391.86,-0.3130328867231266,1
C60672,1,423.4,423.4,1,3.0,1,2024-03-02,2024-03-02,0.0,0.0,0.0,Debit Card,Referral,395,395,,0,1.08145106091718,391.51101265822786,423.4,-0.48112058465227636,1
C60699,1,1235.85,1235.85,3,7.0,1,2024-01-14,2024-01-14,0.0,0.0,1.0,Credit Card,Referral,443,443,,0,1.212867898699521,1018.9485609480811,411.95,-0.5395858708885023,1
C61070,1,951.56,951.56,2,2.0,1,2024-07-04,2024-07-04,0.0,0.0,1.0,Online,Google,271,271,,0,0.7419575633127995,1282.4992250922508,475.78,-0.3300852618753592,1
C61090,1,2062.36,2062.36,4,7.0,1,2024-04-07,2024-04-07,0.0,0.0,1.0,Credit Card,Google,359,359,,0,0.9828884325804244,2098.2645961002786,515.59,-0.4372716199751069,1
C61162,1,721.0,721.0,4,7.0,1,2024-07-13,2024-07-13,1.0,0.0,0.0,Debit Card,Facebook,262,262,,0,0.7173169062286106,1005.1345419847328,180.25,-0.31912302070606685,1
C61225,1,1300.5,1300.5,2,6.0,1,2023-02-25,2023-02-25,0.0,1.0,0.0,Gift Card,Instagram,766,766,,0,2.0971937029431897,620.1143929503916,650.25,-0.9330085261864397,1
C61257,1,507.34,507.34,2,3.0,1,2024-07-05,2024-07-05,0.0,1.0,1.0,Cash,Facebook,270,270,,0,0.7392197125256673,686.3182777777778,253.67,-0.3288672350787712,1
C61280,1,1472.22,1472.22,3,3.0,1,2024-05-24,2024-05-24,0.0,0.0,1.0,Cash,Email,312,312,,0,0.8542094455852156,1723.4883173076923,490.74,-0.3800243605354689,1
C61384,1,802.3499999999999,802.3499999999999,3,5.0,1,2024-04-06,2024-04-06,0.0,0.0,1.0,Gift Card,Instagram,360,360,,0,0.9856262833675564,814.0509374999999,267.45,-0.4384896467716949,1
C61440,1,583.9,583.9,1,1.0,1,2023-04-10,2023-04-10,0.0,1.0,0.0,Cash,Email,722,722,,0,1.9767282683093772,295.3870844875346,583.9,-0.8794153471365659,1
C61521,1,690.02,690.02,2,6.0,1,2024-05-12,2024-05-12,0.0,0.0,1.0,Credit Card,Google,324,324,,0,0.8870636550308009,777.8697685185184,345.01,-0.3946406820945254,1
C61549,1,1286.04,1286.04,4,9.0,1,2024-05-20,2024-05-20,0.0,1.0,0.0,Cash,Google,316,316,,0,0.865160848733744,1486.4750316455695,321.51,-0.38489646772182107,1
C61618,1,488.8,488.8,4,7.0,1,2024-03-24,2024-03-24,0.0,0.0,1.0,Cash,Facebook,373,373,,0,1.0212183436002737,478.6439678284183,122.2,-0.45432399512733945,1
C61668,1,139.28,139.28,2,6.0,1,2024-05-14,2024-05-14,0.0,1.0,0.0,Cash,Facebook,322,322,,0,0.8815879534565366,157.9876397515528,69.64,-0.39220462850134935,1
C61773,1,981.12,981.12,4,6.0,1,2023-10-02,2023-10-02,0.0,0.0,1.0,Credit Card,Email,547,547,,0,1.4976043805612593,655.1262888482632,245.28,-0.6662606577336586,1
C61849,1,2311.28,2311.28,4,9.0,1,2024-12-10,2024-12-10,0.0,0.0,0.0,Credit Card,Google,112,112,,0,0.3066392881587953,7537.455535714287,577.82,-0.13641900121786063,1
C61957,1,483.38,483.38,1,6.0,1,2023-12-24,2023-12-24,0.0,0.0,1.0,Cash,Google,464,464,,0,1.270362765229295,380.5054849137931,483.38,-0.5651644336168512,1
C62042,1,1539.9,1539.9,5,10.0,1,2023-05-14,2023-05-14,0.0,0.0,0.0,Online,Facebook,688,688,,0,1.8836413415468858,817.5123183139535,307.98,-0.8380024360525725,1
C62070,1,176.58,176.58,1,4.0,1,2025-03-12,2025-03-12,0.0,1.0,0.0,Debit Card,Referral,20,20,,0,0.05475701574264202,3224.7922500000004,176.58,-0.024360535931760827,1
C62277,1,309.88,309.88,4,7.0,1,2024-04-08,2024-04-08,0.0,1.0,1.0,Gift Card,Instagram,358,358,,0,0.9801505817932923,316.1555027932961,77.47,-0.43605359317851883,1
C62312,1,52.54,52.54,1,6.0,1,2024-10-06,2024-10-06,1.0,0.0,1.0,Debit Card,Facebook,177,177,,0,0.48459958932238195,108.41940677966102,52.54,-0.21559074299608333,1
C62405,1,460.72,460.72,2,4.0,1,2024-12-19,2024-12-19,0.0,1.0,1.0,Online,Email,103,103,,0,0.28199863107460643,1633.766796116505,230.36,-0.12545676004856826,1
C62512,1,275.22,275.22,3,8.0,1,2024-09-10,2024-09-10,0.0,1.0,1.0,Debit Card,Referral,203,203,,0,0.5557837097878165,495.1926354679804,91.74000000000001,-0.2472594397073724,1
C62557,1,1232.64,1232.64,3,8.0,1,2023-01-13,2023-01-13,0.0,0.0,1.0,Cash,Instagram,809,809,,0,2.21492128678987,556.5163906056861,410.88000000000005,-0.9853836784397255,1
C62622,1,562.61,562.61,1,3.0,1,2025-03-28,2025-03-28,0.0,0.0,1.0,Credit Card,Facebook,4,4,,0,0.010951403148528405,51373.325625000005,562.61,-0.004872107186352166,1
C62627,1,41.09,41.09,1,4.0,1,2023-03-18,2023-03-18,0.0,1.0,1.0,Online,Email,745,745,,0,2.0396988364134154,20.145130872483225,41.09,-0.9074299634580908,1
C62656,1,873.72,873.72,4,9.0,1,2025-01-25,2025-01-25,1.0,0.0,1.0,Credit Card,Email,66,66,,0,0.1806981519507187,4835.245909090909,218.43,-0.08038976857481073,1
C62661,1,1147.11,1147.11,3,8.0,1,2023-06-12,2023-06-12,0.0,1.0,0.0,Debit Card,Instagram,659,659,,0,1.8042436687200547,635.7844119878604,382.36999999999995,-0.8026796589515193,1
C62666,1,322.5,322.5,5,8.0,1,2024-02-01,2024-02-01,0.0,0.0,1.0,Credit Card,Instagram,425,425,,0,1.163586584531143,277.1602941176471,64.5,-0.5176613885499176,1
C62740,1,424.4,424.4,1,6.0,1,2023-02-27,2023-02-27,0.0,0.0,1.0,Online,Referral,764,764,,0,2.0917180013689256,202.8954188481675,424.4,-0.9305724725932636,1
C63150,1,410.91,410.91,3,4.0,1,2024-10-18,2024-10-18,0.0,1.0,1.0,Credit Card,Referral,165,165,,0,0.4517453798767967,909.6053181818182,136.97,-0.20097442143702682,1
C63153,1,2199.04,2199.04,4,4.0,1,2023-10-03,2023-10-03,0.0,0.0,1.0,Debit Card,Facebook,546,546,,0,1.4948665297741273,1471.0610989010988,549.76,-0.6650426309370706,1
C63365,1,1098.9,1098.9,5,8.0,1,2023-08-04,2023-08-04,0.0,0.0,0.0,Credit Card,Facebook,606,606,,0,1.6591375770020533,662.3320544554456,219.78000000000003,-0.7381242387323531,1
C63372,1,2428.55,2428.55,5,10.0,1,2024-03-12,2024-03-12,0.0,0.0,1.0,Online,Referral,385,385,,0,1.054072553045859,2303.968538961039,485.71000000000004,-0.46894031668639596,1
C63378,1,512.39,512.39,1,2.0,1,2024-04-18,2024-04-18,0.0,0.0,1.0,Online,Instagram,348,348,,0,0.9527720739219713,537.7886422413793,512.39,-0.42387332521263843,1
C63619,1,1857.63,1857.63,3,6.0,1,2024-04-22,2024-04-22,1.0,0.0,0.0,Debit Card,Email,344,344,,0,0.9418206707734429,1972.3818531976744,619.21,-0.41900121802628626,1
C63657,1,1274.67,1274.67,3,6.0,1,2025-02-28,2025-02-28,1.0,0.0,1.0,Debit Card,Google,32,32,,0,0.08761122518822724,14549.163046875,424.89000000000004,-0.03897685749081733,1
C63727,1,724.28,724.28,2,2.0,1,2024-12-27,2024-12-27,0.0,0.0,1.0,Debit Card,Instagram,95,95,,0,0.2600958247775496,2784.666,362.14,-0.11571254567586393,1
C63822,1,507.56,507.56,4,9.0,1,2023-11-25,2023-11-25,0.0,0.0,1.0,Cash,Instagram,493,493,,0,1.3497604380561259,376.03709939148075,126.89,-0.6004872107179045,1
C64128,1,284.64,284.64,3,8.0,1,2025-02-09,2025-02-09,0.0,0.0,0.0,Gift Card,Referral,51,51,,0,0.13963039014373715,2038.524705882353,94.88,-0.06211936662599011,1
C64160,1,330.98,330.98,2,4.0,1,2023-08-28,2023-08-28,0.0,0.0,1.0,Online,Instagram,582,582,,0,1.593429158110883,207.7155412371134,165.49,-0.7088915956142401,1
C64502,1,1600.05,1600.05,5,6.0,1,2024-07-02,2024-07-02,0.0,0.0,0.0,Gift Card,Referral,273,273,,0,0.7474332648870636,2140.726236263736,320.01,-0.3325213154685353,1
C64516,1,1517.37,1517.37,3,3.0,1,2023-07-19,2023-07-19,0.0,0.0,1.0,Debit Card,Referral,622,622,,0,1.702943189596167,891.0279622186495,505.78999999999996,-0.7576126674777618,1
C64549,1,1006.1,1006.1,5,6.0,1,2023-08-24,2023-08-24,0.0,0.0,1.0,Debit Card,Facebook,586,586,,0,1.6043805612594113,627.0956058020478,201.22,-0.7137637028005922,1
C64554,1,410.52,410.52,3,4.0,1,2023-08-31,2023-08-31,0.0,0.0,1.0,Online,Facebook,579,579,,0,1.5852156057494866,258.9679274611399,136.84,-0.705237515224476,1
C64579,1,234.37,234.37,1,5.0,1,2025-02-07,2025-02-07,0.0,0.0,1.0,Debit Card,Email,53,53,,0,0.14510609171800137,1615.163066037736,234.37,-0.06455542021916619,1
C64638,1,527.57,527.57,1,3.0,1,2023-02-26,2023-02-26,0.0,0.0,1.0,Debit Card,Facebook,765,765,,0,2.0944558521560577,251.8888137254902,527.57,-0.9317904993898517,1
C64641,1,2119.65,2119.65,5,5.0,1,2024-01-07,2024-01-07,0.0,1.0,1.0,Debit Card,Facebook,450,450,,0,1.2320328542094456,1720.44925,423.93,-0.5481120584646186,1
C64753,1,1050.08,1050.08,4,4.0,1,2024-08-22,2024-08-22,1.0,0.0,1.0,Debit Card,Instagram,222,222,,0,0.6078028747433265,1727.6654054054052,262.52,-0.2704019488425452,1
C64935,1,304.11,304.11,1,2.0,1,2024-09-06,2024-09-06,0.0,0.0,1.0,Gift Card,Referral,207,207,,0,0.5667351129363449,536.5998913043479,304.11,-0.2521315468937246,1
C65021,1,809.92,809.92,2,4.0,1,2024-05-04,2024-05-04,0.0,0.0,1.0,Cash,Email,332,332,,0,0.9089664613278576,891.0339759036144,404.96,-0.40438489646722975,1
C65083,1,2631.16,2631.16,4,6.0,1,2025-02-18,2025-02-18,0.0,1.0,1.0,Credit Card,Google,42,42,,0,0.11498973305954825,22881.695,657.79,-0.05115712545669774,1
C65107,1,70.24,70.24,1,4.0,1,2024-09-08,2024-09-08,1.0,0.0,1.0,Credit Card,Google,205,205,,0,0.5612594113620808,125.1471219512195,70.24,-0.2496954933005485,1
C65180,1,858.16,858.16,4,7.0,1,2024-04-04,2024-04-04,1.0,0.0,0.0,Gift Card,Referral,362,362,,0,0.9911019849418207,865.8644751381215,214.54,-0.440925700364871,1
C65251,1,1168.35,1168.35,5,10.0,1,2024-09-23,2024-09-23,0.0,0.0,0.0,Cash,Referral,190,190,,0,0.5201916495550992,2245.999144736842,233.67,-0.23142509135172787,1
C65414,1,595.42,595.42,2,7.0,1,2025-04-01,2025-04-01,0.0,0.0,1.0,Online,Referral,0,0,,0,0.0027378507871321013,217477.155,297.71,0.0,1
C65497,1,163.32,163.32,1,6.0,1,2023-11-18,2023-11-18,0.0,0.0,1.0,Cash,Facebook,500,500,,0,1.3689253935660506,119.30526,163.32,-0.6090133982940207,1
C65524,1,1919.1,1919.1,5,7.0,1,2025-01-20,2025-01-20,0.0,1.0,1.0,Credit Card,Google,71,71,,0,0.1943874058863792,9872.553169014083,383.82,-0.08647990255775094,1
C65565,1,402.15,402.15,3,3.0,1,2024-02-13,2024-02-13,0.0,0.0,0.0,Credit Card,Google,413,413,,0,1.1307323750855578,355.6544491525424,134.04999999999998,-0.503045066990861,1
C65744,1,582.04,582.04,1,1.0,1,2024-07-30,2024-07-30,0.0,0.0,1.0,Gift Card,Email,245,245,,0,0.6707734428473648,867.7147346938775,582.04,-0.29841656516407017,1
C65799,1,2260.8,2260.8,4,9.0,1,2024-01-05,2024-01-05,0.0,0.0,1.0,Debit Card,Google,452,452,,0,1.2375085557837098,1826.8964601769912,565.2,-0.5505481120577947,1
C65890,1,1577.85,1577.85,5,6.0,1,2024-01-08,2024-01-08,0.0,0.0,1.0,Debit Card,Email,449,449,,0,1.2292950034223136,1283.5405623608017,315.57,-0.5468940316680306,1
C65905,1,950.4000000000001,950.4000000000001,5,9.0,1,2024-01-17,2024-01-17,0.0,0.0,1.0,Cash,Instagram,440,440,,0,1.2046543463381245,788.9400000000002,190.08,-0.5359317904987382,1
C65986,1,3352.4,3352.4,5,5.0,1,2024-07-01,2024-07-01,0.0,1.0,1.0,Gift Card,Facebook,274,274,,0,0.7501711156741958,4468.847080291971,670.48,-0.33373934226512336,1
C66078,1,1101.12,1101.12,4,9.0,1,2023-10-02,2023-10-02,0.0,0.0,1.0,Gift Card,Facebook,547,547,,0,1.4976043805612593,735.2542595978061,275.28,-0.6662606577336586,1
C66093,1,2595.64,2595.64,4,6.0,1,2023-06-28,2023-06-28,0.0,0.0,1.0,Credit Card,Instagram,643,643,,0,1.7604380561259412,1474.4284758942456,648.91,-0.7831912302061106,1
C66112,1,1866.8,1866.8,4,8.0,1,2024-02-23,2024-02-23,0.0,1.0,0.0,Debit Card,Instagram,403,403,,0,1.103353867214237,1691.932258064516,466.7,-0.4908647990249807,1
C66116,1,322.45,322.45,5,7.0,1,2025-03-21,2025-03-21,1.0,0.0,0.0,Online,Facebook,11,11,,0,0.030116358658453114,10706.805681818181,64.49,-0.013398294762468455,1
C66149,1,1537.28,1537.28,4,6.0,1,2024-12-13,2024-12-13,0.0,0.0,1.0,Credit Card,Google,109,109,,0,0.29842573579739906,5151.298348623853,384.32,-0.13276492082809652,1
C66196,1,796.9,796.9,2,7.0,1,2024-09-28,2024-09-28,1.0,0.0,1.0,Debit Card,Google,185,185,,0,0.5065023956194388,1573.3390540540538,398.45,-0.22533495736878767,1
C66254,1,515.32,515.32,1,1.0,1,2024-04-20,2024-04-20,1.0,0.0,1.0,Gift Card,Email,346,346,,0,0.947296372347707,543.990260115607,515.32,-0.4214372716194623,1
C66332,1,1907.94,1907.94,3,5.0,1,2023-03-10,2023-03-10,0.0,1.0,0.0,Cash,Referral,753,753,,0,2.0616016427104724,925.464920318725,635.98,-0.9171741778307951,1
C66349,1,565.85,565.85,1,1.0,1,2023-03-05,2023-03-05,0.0,1.0,1.0,Gift Card,Facebook,758,758,,0,2.0752908966461328,272.66057058047494,565.85,-0.9232643118137354,1
C66438,1,90.27,90.27,1,5.0,1,2024-06-09,2024-06-09,0.0,0.0,1.0,Cash,Facebook,296,296,,0,0.810403832991102,111.38891047297297,90.27,-0.36053593179006027,1
C66462,1,1739.6,1739.6,5,6.0,1,2023-01-18,2023-01-18,0.0,0.0,1.0,Cash,Google,804,804,,0,2.2012320328542097,790.2847014925372,347.91999999999996,-0.9792935444567853,1
C66521,1,1600.28,1600.28,4,5.0,1,2024-06-13,2024-06-13,0.0,0.0,0.0,Online,Referral,292,292,,0,0.7994524298425736,2001.720102739726,400.07,-0.3556638246037081,1
C66567,1,79.02,79.02,2,5.0,1,2024-06-19,2024-06-19,0.0,0.0,0.0,Online,Facebook,286,286,,0,0.783025325119781,100.91627622377622,39.51,-0.3483556638241798,1
C66840,1,2313.08,2313.08,4,9.0,1,2023-10-15,2023-10-15,0.0,0.0,1.0,Online,Email,534,534,,0,1.462012320328542,1582.1207303370786,578.27,-0.6504263093780142,1
C66906,1,518.64,518.64,2,2.0,1,2024-04-25,2024-04-25,0.0,0.0,1.0,Gift Card,Referral,341,341,,0,0.9336071184120466,555.5227565982404,259.32,-0.4153471376365221,1
C67195,1,2306.08,2306.08,4,5.0,1,2023-01-07,2023-01-07,0.0,0.0,1.0,Credit Card,Facebook,815,815,,0,2.2313483915126624,1033.4916809815952,576.52,-0.9926918392192537,1
C67260,1,3390.8,3390.8,5,7.0,1,2023-05-02,2023-05-02,0.0,0.0,1.0,Gift Card,Facebook,700,700,,0,1.9164955509924708,1769.2710000000002,678.1600000000001,-0.852618757611629,1
C67528,1,1185.12,1185.12,4,5.0,1,2024-11-24,2024-11-24,0.0,0.0,1.0,Gift Card,Email,128,128,,0,0.35044490075290896,3381.7584374999997,296.28,-0.1559074299632693,1
C67533,1,26.95,26.95,1,1.0,1,2024-03-20,2024-03-20,0.0,0.0,1.0,Cash,Email,377,377,,0,1.0321697467488022,26.11004641909814,26.95,-0.4591961023136916,1
C67551,1,1955.12,1955.12,4,5.0,1,2024-05-18,2024-05-18,0.0,1.0,1.0,Online,Google,318,318,,0,0.8706365503080082,2245.6213207547166,488.78,-0.3873325213149972,1
C67561,1,1660.56,1660.56,3,4.0,1,2023-03-14,2023-03-14,0.0,0.0,1.0,Gift Card,Facebook,749,749,,0,2.0506502395619437,809.7724165554073,553.52,-0.912302070644443,1
C67604,1,279.38,279.38,2,7.0,1,2024-01-22,2024-01-22,0.0,1.0,1.0,Online,Email,435,435,,0,1.1909650924024642,234.58286206896548,139.69,-0.529841656515798,1
C67687,1,868.6,868.6,2,7.0,1,2023-07-09,2023-07-09,0.0,0.0,1.0,Cash,Instagram,632,632,,0,1.730321697467488,501.9875791139241,434.3,-0.7697929354436421,1
C67818,1,442.39,442.39,1,6.0,1,2023-11-23,2023-11-23,0.0,0.0,1.0,Gift Card,Facebook,495,495,,0,1.3552361396303902,326.4301969696969,442.39,-0.6029232643110805,1
C67870,1,1648.8,1648.8,4,6.0,1,2024-02-08,2024-02-08,0.0,0.0,1.0,Credit Card,Referral,418,418,,0,1.1444216290212184,1440.7277511961722,412.2,-0.5091352009738013,1
C67932,1,514.98,514.98,3,7.0,1,2024-12-19,2024-12-19,0.0,0.0,0.0,Debit Card,Google,103,103,,0,0.28199863107460643,1826.1790776699029,171.66,-0.12545676004856826,1
C67936,1,1072.5,1072.5,2,3.0,1,2024-10-16,2024-10-16,0.0,0.0,0.0,Debit Card,Email,167,167,,0,0.45722108145106094,2345.692365269461,536.25,-0.2034104750302029,1
C68078,1,987.76,987.76,2,7.0,1,2023-02-22,2023-02-22,0.0,1.0,1.0,Credit Card,Instagram,769,769,,0,2.105407255304586,469.1538881664499,493.88,-0.9366626065762038,1
C68266,1,1960.89,1960.89,3,7.0,1,2024-07-26,2024-07-26,0.0,0.0,1.0,Online,Email,249,249,,0,0.6817248459958932,2876.365753012048,653.63,-0.3032886723504223,1
C68508,1,123.28,123.28,1,3.0,1,2024-07-09,2024-07-09,0.0,0.0,1.0,Credit Card,Email,266,266,,0,0.7282683093771389,169.27827067669173,123.28,-0.323995127892419,1
C68553,1,742.41,742.41,3,4.0,1,2025-03-23,2025-03-23,0.0,0.0,1.0,Online,Facebook,9,9,,0,0.024640657084188913,30129.472499999996,247.47,-0.010962241169292373,1
C68609,1,1330.32,1330.32,3,3.0,1,2024-10-22,2024-10-22,0.0,0.0,1.0,Gift Card,Google,161,161,,0,0.4407939767282683,3018.0085714285715,443.44,-0.19610231425067468,1
C68936,1,1662.75,1662.75,3,6.0,1,2023-04-14,2023-04-14,0.0,0.0,1.0,Debit Card,Referral,718,718,,0,1.9657768651608487,845.8487987465181,554.25,-0.8745432399502138,1
C68937,1,850.06,850.06,2,2.0,1,2023-02-15,2023-02-15,0.0,1.0,1.0,Cash,Google,776,776,,0,2.1245722108145104,400.10878221649483,425.03,-0.9451887941523202,1
C69009,1,2280.3,2280.3,5,10.0,1,2023-08-07,2023-08-07,0.0,0.0,0.0,Cash,Instagram,603,603,,0,1.6509240246406571,1381.2264925373136,456.06000000000006,-0.734470158342589,1
C69021,1,1874.52,1874.52,3,8.0,1,2023-03-26,2023-03-26,1.0,0.0,1.0,Credit Card,Facebook,737,737,,0,2.0177960301163584,928.9937991858889,624.84,-0.8976857490853866,1
C69149,1,1062.98,1062.98,2,7.0,1,2023-10-14,2023-10-14,0.0,0.0,1.0,Credit Card,Facebook,535,535,,0,1.4647501711156743,725.7073738317756,531.49,-0.6516443361746022,1
C69167,1,165.03,165.03,3,7.0,1,2023-10-20,2023-10-20,0.0,0.0,1.0,Online,Email,529,529,,0,1.4483230663928817,113.94557183364839,55.01,-0.6443361753950739,1
C69168,1,21.19,21.19,1,5.0,1,2023-08-21,2023-08-21,0.0,1.0,1.0,Cash,Google,589,589,,0,1.6125941136208077,13.140318336162988,21.19,-0.7174177831903564,1
C69213,1,2579.84,2579.84,4,7.0,1,2024-09-07,2024-09-07,0.0,0.0,1.0,Credit Card,Email,206,206,,0,0.5639972621492129,4574.206601941748,644.96,-0.2509135200971365,1
C69332,1,1695.75,1695.75,3,7.0,1,2023-05-20,2023-05-20,0.0,1.0,1.0,Debit Card,Email,682,682,,0,1.8672142368240932,908.1710960410556,565.25,-0.8306942752730442,1
C69396,1,1808.25,1808.25,3,6.0,1,2025-03-15,2025-03-15,0.0,0.0,1.0,Credit Card,Email,17,17,,0,0.04654346338124572,38850.783088235294,602.75,-0.020706455541996703,1
C69471,1,1448.24,1448.24,4,4.0,1,2024-10-11,2024-10-11,0.0,1.0,0.0,Debit Card,Facebook,172,172,,0,0.47091033538672145,3075.4049999999997,362.06,-0.20950060901314313,1
C69476,1,996.28,996.28,4,5.0,1,2023-01-10,2023-01-10,0.0,1.0,1.0,Credit Card,Referral,812,812,,0,2.223134839151266,448.14195812807884,249.07,-0.9890377588294896,1
C69542,1,422.54,422.54,1,1.0,1,2024-01-23,2024-01-23,0.0,0.0,1.0,Cash,Google,434,434,,0,1.1882272416153319,355.60538018433186,422.54,-0.52862362971921,1
C70148,1,2647.75,2647.75,5,10.0,1,2023-07-05,2023-07-05,0.0,0.0,0.0,Gift Card,Facebook,636,636,,0,1.7412731006160165,1520.582841981132,529.55,-0.7746650426299944,1
C70246,1,476.22,476.22,3,7.0,1,2023-07-27,2023-07-27,0.0,0.0,1.0,Online,Instagram,614,614,,0,1.68104038329911,283.288851791531,158.74,-0.7478684531050575,1
C70315,1,2024.44,2024.44,4,5.0,1,2023-11-12,2023-11-12,1.0,0.0,0.0,Cash,Referral,506,506,,0,1.3853524982888432,1461.3176086956523,506.11,-0.6163215590735489,1
C70352,1,626.6,626.6,1,4.0,1,2025-02-10,2025-02-10,0.0,1.0,1.0,Gift Card,Facebook,50,50,,0,0.13689253935660506,4577.313,626.6,-0.06090133982940207,1
C70437,1,2620.72,2620.72,4,5.0,1,2023-11-24,2023-11-24,0.0,0.0,0.0,Online,Facebook,494,494,,0,1.352498288843258,1937.6882186234818,655.18,-0.6017052375144925,1
C70452,1,1265.28,1265.28,4,7.0,1,2024-06-29,2024-06-29,0.0,0.0,0.0,Debit Card,Facebook,276,276,,0,0.75564681724846,1674.433043478261,316.32,-0.3361753958582994,1
C70495,1,114.14,114.14,2,3.0,1,2024-06-07,2024-06-07,0.0,1.0,1.0,Debit Card,Instagram,298,298,,0,0.8158795345653662,139.89810402684563,57.07,-0.36297198538323633,1
C70506,1,454.23,454.23,1,3.0,1,2023-02-25,2023-02-25,0.0,1.0,0.0,Gift Card,Facebook,766,766,,0,2.0971937029431897,216.58943537859008,454.23,-0.9330085261864397,1
C70529,1,105.92,105.92,1,6.0,1,2023-05-18,2023-05-18,0.0,1.0,1.0,Gift Card,Email,684,684,,0,1.8726899383983573,56.56035087719298,105.92,-0.8331303288662203,1
C70566,1,2682.9,2682.9,5,5.0,1,2023-12-28,2023-12-28,0.0,0.0,1.0,Gift Card,Google,460,460,,0,1.2594113620807665,2130.280923913044,536.58,-0.5602923264304991,1
C70613,1,2323.7,2323.7,5,7.0,1,2023-01-20,2023-01-20,0.0,0.0,0.0,Gift Card,Referral,802,802,,0,2.195756331279945,1058.2686097256858,464.73999999999995,-0.9768574908636092,1
C70633,1,367.34,367.34,2,3.0,1,2024-04-07,2024-04-07,1.0,0.0,1.0,Online,Google,359,359,,0,0.9828884325804244,373.73519498607243,183.67,-0.4372716199751069,1
C70659,2,1853.96,926.98,8,6.5,2,2023-08-20,2025-03-01,0.5,0.5,0.5,Gift Card,Email,31,590,559.0,1,1.6153319644079398,1147.7269322033899,231.745,0.9622411683057707,1
C70921,1,457.08,457.08,2,3.0,1,2023-01-14,2023-01-14,0.0,0.0,0.0,Debit Card,Email,808,808,,0,2.212183436002738,206.61939356435641,228.54,-0.9841656516431374,1
C70999,1,433.32,433.32,2,6.0,1,2024-04-17,2024-04-17,0.0,0.0,1.0,Debit Card,Instagram,349,349,,0,0.9555099247091033,453.49607449856734,216.66,-0.42509135200922643,1
C71035,1,436.77,436.77,1,5.0,1,2024-08-03,2024-08-03,0.0,1.0,1.0,Cash,Google,241,241,,0,0.6598220396988365,661.951213692946,436.77,-0.293544457977718,1
C71040,1,1739.4,1739.4,4,4.0,1,2023-03-25,2023-03-25,0.0,0.0,1.0,Credit Card,Google,738,738,,0,2.020533880903491,860.8615853658537,434.85,-0.8989037758819746,1
C71076,1,511.98,511.98,2,4.0,1,2023-11-14,2023-11-14,0.0,0.0,1.0,Credit Card,Instagram,504,504,,0,1.379876796714579,371.033125,255.99,-0.6138855054803729,1
C71122,1,634.4,634.4,1,6.0,1,2023-04-20,2023-04-20,1.0,0.0,1.0,Cash,Email,712,712,,0,1.949349760438056,325.44185393258425,634.4,-0.8672350791706854,1
C71310,1,2922.3,2922.3,5,8.0,1,2024-06-07,2024-06-07,0.0,1.0,0.0,Credit Card,Email,298,298,,0,0.8158795345653662,3581.778775167785,584.46,-0.36297198538323633,1
C71471,1,595.54,595.54,1,4.0,1,2024-05-15,2024-05-15,0.0,0.0,0.0,Gift Card,Instagram,321,321,,0,0.8788501026694046,677.6354672897196,595.54,-0.3909866017047613,1
C71473,1,1709.2,1709.2,5,8.0,1,2024-06-05,2024-06-05,0.0,0.0,1.0,Online,Instagram,300,300,,0,0.8213552361396304,2080.951,341.84000000000003,-0.36540803897641244,1
C71486,1,1407.96,1407.96,3,3.0,1,2023-08-10,2023-08-10,0.0,0.0,0.0,Debit Card,Google,600,600,,0,1.6427104722792607,857.0956500000001,469.32,-0.7308160779528249,1
C71570,1,2137.92,2137.92,4,9.0,1,2024-12-18,2024-12-18,0.0,1.0,1.0,Online,Instagram,104,104,,0,0.28473648186173856,7508.416153846154,534.48,-0.12667478684515632,1
C71680,1,2270.28,2270.28,4,9.0,1,2024-06-30,2024-06-30,0.0,0.0,1.0,Debit Card,Google,275,275,,0,0.7529089664613279,3015.3446181818185,567.57,-0.33495736906171136,1
C71899,1,2004.99,2004.99,3,4.0,1,2023-09-24,2023-09-24,0.0,0.0,1.0,Gift Card,Facebook,555,555,,0,1.5195071868583163,1319.5001756756756,668.33,-0.676004872106363,1
C72007,1,1298.55,1298.55,3,4.0,1,2024-02-28,2024-02-28,0.0,0.0,0.0,Online,Instagram,398,398,,0,1.0896646132785763,1191.6969535175879,432.84999999999997,-0.4847746650420405,1
C72043,1,394.53,394.53,1,2.0,1,2024-06-04,2024-06-04,0.0,0.0,1.0,Cash,Referral,301,301,,0,0.8240930869267625,478.7444601328903,394.53,-0.36662606577300044,1
C72166,1,314.38,314.38,1,6.0,1,2024-02-11,2024-02-11,0.0,1.0,0.0,Online,Google,415,415,,0,1.136208076659822,276.69227710843376,314.38,-0.5054811205840372,1
C72241,1,2709.48,2709.48,4,8.0,1,2023-04-30,2023-04-30,0.0,0.0,1.0,Cash,Google,702,702,,0,1.9219712525667352,1409.7401282051283,677.37,-0.8550548112048051,1
C72290,1,556.2,556.2,3,7.0,1,2024-10-24,2024-10-24,1.0,0.0,0.0,Gift Card,Facebook,159,159,,0,0.4353182751540041,1277.6858490566037,185.4,-0.1936662606574986,1
C72293,1,688.02,688.02,3,6.0,1,2023-11-15,2023-11-15,0.0,0.0,1.0,Credit Card,Referral,503,503,,0,1.377138945927447,499.6010039761431,229.34,-0.6126674786837848,1
C72533,1,376.76,376.76,1,5.0,1,2024-12-16,2024-12-16,0.0,0.0,1.0,Debit Card,Email,106,106,,0,0.29021218343600275,1298.2225471698112,376.76,-0.12911084043833237,1
C72588,1,1574.7,1574.7,5,8.0,1,2024-05-06,2024-05-06,0.0,0.0,1.0,Cash,Instagram,330,330,,0,0.9034907597535934,1742.906590909091,314.94,-0.40194884287405364,1
C72596,1,770.32,770.32,2,7.0,1,2025-01-10,2025-01-10,0.0,0.0,1.0,Online,Email,81,81,,0,0.22176591375770022,3473.5725925925926,385.16,-0.09866017052363135,1
C72649,1,2853.1,2853.1,5,7.0,1,2023-01-04,2023-01-04,0.0,0.0,1.0,Debit Card,Instagram,818,818,,0,2.239561943874059,1273.9544926650365,570.62,-0.9963459196090179,1
C72664,1,627.15,627.15,1,5.0,1,2024-09-07,2024-09-07,0.0,0.0,1.0,Cash,Instagram,206,206,,0,0.5639972621492129,1111.9734830097086,627.15,-0.2509135200971365,1
C72862,1,84.8,84.8,1,5.0,1,2023-01-08,2023-01-08,0.0,0.0,0.0,Gift Card,Instagram,814,814,,0,2.2286105407255303,38.05061425061425,84.8,-0.9914738124226657,1
C73289,1,1945.77,1945.77,3,4.0,1,2024-06-06,2024-06-06,1.0,0.0,1.0,Debit Card,Email,299,299,,0,0.8186173853524983,2376.897968227425,648.59,-0.3641900121798244,1
C73370,1,44.35,44.35,1,1.0,1,2024-04-27,2024-04-27,1.0,0.0,1.0,Gift Card,Instagram,339,339,,0,0.9281314168377823,47.784181415929204,44.35,-0.41291108404334603,1
C73514,1,1395.15,1395.15,3,3.0,1,2023-09-08,2023-09-08,1.0,0.0,1.0,Credit Card,Email,571,571,,0,1.5633127994524298,892.4317644483363,465.05,-0.6954933008517716,1
C73575,1,3219.45,3219.45,5,8.0,1,2023-01-12,2023-01-12,0.0,1.0,1.0,Cash,Facebook,810,810,,0,2.217659137577002,1451.7334722222222,643.89,-0.9866017052363135,1
C73587,1,1632.84,1632.84,4,9.0,1,2023-07-20,2023-07-20,0.0,0.0,0.0,Credit Card,Instagram,621,621,,0,1.700205338809035,960.3781159420289,408.21,-0.7563946406811737,1
C73629,1,265.64,265.64,1,3.0,1,2024-09-22,2024-09-22,0.0,1.0,1.0,Credit Card,Instagram,191,191,,0,0.5229295003422314,507.9843455497381,265.64,-0.2326431181483159,1
C73813,1,445.2,445.2,4,7.0,1,2023-03-02,2023-03-02,0.0,0.0,1.0,Debit Card,Email,761,761,,0,2.083504449007529,213.6784494086728,111.3,-0.9269183922034995,1
C73873,1,661.38,661.38,2,5.0,1,2023-06-01,2023-06-01,1.0,0.0,1.0,Online,Google,670,670,,0,1.834360027378508,360.5508134328358,330.69,-0.8160779537139877,1
C73893,1,1638.4,1638.4,5,6.0,1,2023-10-22,2023-10-22,0.0,1.0,0.0,Credit Card,Facebook,527,527,,0,1.4428473648186173,1135.532447817837,327.68,-0.6419001218018978,1
C73941,1,1250.44,1250.44,2,5.0,1,2023-03-04,2023-03-04,1.0,0.0,0.0,Online,Google,759,759,,0,2.078028747433265,601.7433596837946,625.22,-0.9244823386103235,1
C73961,1,530.24,530.24,4,8.0,1,2023-07-12,2023-07-12,0.0,1.0,1.0,Cash,Instagram,629,629,,0,1.7221081451060918,307.9016852146264,132.56,-0.766138855053878,1
C73996,1,287.64,287.64,2,6.0,1,2024-04-13,2024-04-13,0.0,1.0,1.0,Credit Card,Instagram,353,353,,0,0.9664613278576317,297.6218413597734,143.82,-0.4299634591955786,1
C73999,1,375.76,375.76,2,4.0,1,2023-06-04,2023-06-04,0.0,0.0,1.0,Online,Facebook,667,667,,0,1.8261464750171115,205.76662668665668,187.88,-0.8124238733242236,1
C74003,1,1221.28,1221.28,4,4.0,1,2023-03-27,2023-03-27,1.0,0.0,1.0,Online,Google,736,736,,0,2.0150581793292264,606.0767934782609,305.32,-0.8964677222887985,1
C74005,1,2240.75,2240.75,5,7.0,1,2023-06-07,2023-06-07,0.0,1.0,1.0,Gift Card,Google,664,664,,0,1.8179329226557153,1232.5812311746988,448.15,-0.8087697929344595,1
C74138,1,196.94,196.94,2,3.0,1,2023-12-19,2023-12-19,0.0,1.0,0.0,Cash,Instagram,469,469,,0,1.2840520191649556,153.37384861407247,98.47,-0.5712545675997914,1
C74169,1,310.93,310.93,1,3.0,1,2023-01-11,2023-01-11,1.0,0.0,0.0,Online,Facebook,811,811,,0,2.220396988364134,140.03351726263872,310.93,-0.9878197320329015,1
C74499,1,744.46,744.46,2,7.0,1,2023-05-18,2023-05-18,0.0,0.0,1.0,Gift Card,Email,684,684,,0,1.8726899383983573,397.53510964912283,372.23,-0.8331303288662203,1
C74519,1,945.81,945.81,3,4.0,1,2023-10-23,2023-10-23,1.0,0.0,1.0,Credit Card,Email,526,526,,0,1.4401095140314852,656.7625522813688,315.27,-0.6406820950053098,1
C74562,1,220.77,220.77,1,5.0,1,2024-04-21,2024-04-21,0.0,0.0,1.0,Gift Card,Instagram,345,345,,0,0.944558521560575,233.7282391304348,220.77,-0.42021924482287426,1
C74866,1,1994.37,1994.37,3,6.0,1,2023-02-17,2023-02-17,0.0,0.0,0.0,Online,Facebook,774,774,,0,2.1190965092402463,941.1416569767442,664.79,-0.942752740559144,1
C74928,1,612.48,612.48,2,4.0,1,2024-07-22,2024-07-22,0.0,1.0,1.0,Online,Email,253,253,,0,0.6926762491444216,884.2226086956522,306.24,-0.30816077953677445,1
C74982,1,2042.8,2042.8,5,8.0,1,2023-07-08,2023-07-08,0.0,0.0,1.0,Debit Card,Instagram,633,633,,0,1.73305954825462,1178.724644549763,408.56,-0.7710109622402302,1
C75018,1,2007.18,2007.18,3,7.0,1,2023-05-31,2023-05-31,0.0,0.0,1.0,Cash,Facebook,671,671,,0,1.83709787816564,1092.58195976155,669.0600000000001,-0.8172959805105757,1
C75456,1,276.66,276.66,3,5.0,1,2024-06-23,2024-06-23,0.0,0.0,1.0,Credit Card,Email,282,282,,0,0.7720739219712526,358.33356382978724,92.22000000000001,-0.34348355663782765,1
C75619,1,742.58,742.58,2,5.0,1,2023-10-07,2023-10-07,0.0,0.0,1.0,Gift Card,Facebook,542,542,,0,1.483915126625599,500.4194557195572,371.29,-0.6601705237507184,1
C75739,1,302.7,302.7,2,3.0,1,2024-08-23,2024-08-23,0.0,0.0,1.0,Online,Referral,221,221,,0,0.6050650239561944,500.27680995475106,151.35,-0.26918392204595715,1
C75888,1,1346.7,1346.7,3,7.0,1,2023-12-11,2023-12-11,0.0,1.0,1.0,Debit Card,Instagram,477,477,,0,1.3059548254620124,1031.1995283018869,448.90000000000003,-0.5809987819724958,1
C76140,1,826.4,826.4,4,6.0,1,2023-06-05,2023-06-05,0.0,1.0,1.0,Gift Card,Referral,666,666,,0,1.8234086242299794,453.21711711711714,206.6,-0.8112058465276356,1
C76207,1,2606.25,2606.25,5,8.0,1,2023-04-23,2023-04-23,1.0,0.0,0.0,Cash,Email,709,709,,0,1.9411362080766599,1342.6414844851904,521.25,-0.8635809987809213,1
C76362,1,709.5,709.5,3,8.0,1,2024-01-01,2024-01-01,0.0,0.0,1.0,Online,Email,456,456,,0,1.2484599589322383,568.3001644736842,236.5,-0.5554202192441469,1
C76653,1,1539.4,1539.4,4,9.0,1,2023-03-09,2023-03-09,0.0,0.0,1.0,Online,Instagram,754,754,,0,2.0643394934976045,745.710676392573,384.85,-0.9183922046273832,1
C76675,1,1991.79,1991.79,3,6.0,1,2023-10-06,2023-10-06,0.0,1.0,1.0,Gift Card,Email,543,543,,0,1.486652977412731,1339.7813950276243,663.93,-0.6613885505473065,1
C76700,1,623.82,623.82,2,2.0,1,2025-03-10,2025-03-10,0.0,0.0,0.0,Online,Facebook,22,22,,0,0.06023271731690623,10356.829772727273,311.91,-0.02679658952493691,1
C76761,1,470.04,470.04,4,7.0,1,2023-03-24,2023-03-24,0.0,1.0,0.0,Debit Card,Referral,739,739,,0,2.023271731690623,232.31679296346414,117.51,-0.9001218026785626,1
C76766,1,2512.48,2512.48,4,6.0,1,2024-07-16,2024-07-16,0.0,0.0,1.0,Online,Instagram,259,259,,0,0.7091033538672142,3543.1788416988416,628.12,-0.31546894031630274,1
C76929,1,356.81,356.81,1,1.0,1,2023-10-13,2023-10-13,0.0,0.0,1.0,Online,Instagram,536,536,,0,1.4674880219028064,243.14338152985073,356.81,-0.6528623629711902,1
C77046,1,741.64,741.64,4,9.0,1,2023-01-22,2023-01-22,0.0,1.0,1.0,Online,Google,800,800,,0,2.190280629705681,338.6050125,185.41,-0.9744214372704331,1
C77085,1,1050.32,1050.32,4,8.0,1,2024-11-26,2024-11-26,1.0,0.0,1.0,Online,Email,126,126,,0,0.34496919917864477,3044.677619047619,262.58,-0.15347137637009323,1
C77122,1,438.37,438.37,1,4.0,1,2024-08-26,2024-08-26,1.0,0.0,1.0,Cash,Referral,218,218,,0,0.5968514715947981,734.4708371559633,438.37,-0.26552984165619303,1
C77166,1,741.33,741.33,3,3.0,1,2024-05-09,2024-05-09,0.0,1.0,1.0,Debit Card,Referral,327,327,,0,0.8952772073921971,828.0452064220184,247.11,-0.3982947624842895,1
C77272,1,2492.4,2492.4,5,8.0,1,2025-01-27,2025-01-27,0.0,0.0,1.0,Online,Google,64,64,,0,0.17522245037645448,14224.204687500001,498.48,-0.07795371498163466,1
C77344,1,343.31,343.31,1,6.0,1,2024-07-08,2024-07-08,0.0,1.0,1.0,Gift Card,Google,267,267,,0,0.731006160164271,469.64036516853935,343.31,-0.3252131546890071,1
C77357,1,474.6,474.6,1,4.0,1,2025-02-22,2025-02-22,0.0,0.0,1.0,Debit Card,Email,38,38,,0,0.10403832991101986,4561.780263157894,474.6,-0.046285018270345576,1
C77363,1,96.81,96.81,1,3.0,1,2024-03-08,2024-03-08,1.0,0.0,0.0,Gift Card,Referral,389,389,,0,1.0650239561943875,90.89936375321336,96.81,-0.4738124238727481,1
C77499,1,547.4399999999999,547.4399999999999,3,3.0,1,2023-07-08,2023-07-08,0.0,0.0,0.0,Cash,Instagram,633,633,,0,1.73305954825462,315.880663507109,182.48,-0.7710109622402302,1
C77736,1,798.08,798.08,2,3.0,1,2025-01-02,2025-01-02,1.0,0.0,1.0,Cash,Referral,89,89,,0,0.243668720054757,3275.266516853933,399.04,-0.10840438489633568,1
C77763,1,1508.31,1508.31,3,8.0,1,2023-05-29,2023-05-29,0.0,1.0,1.0,Debit Card,Email,673,673,,0,1.842573579739904,818.5887481426449,502.77,-0.8197320341037518,1
C77800,1,1378.02,1378.02,3,3.0,1,2025-01-03,2025-01-03,0.0,0.0,1.0,Gift Card,Instagram,88,88,,0,0.24093086926762491,5719.565965909091,459.34,-0.10718635809974764,1
C77872,1,1027.18,1027.18,2,4.0,1,2024-01-15,2024-01-15,0.0,1.0,1.0,Online,Referral,442,442,,0,1.2101300479123889,848.8178619909502,513.59,-0.5383678440919143,1
C77961,1,1087.59,1087.59,3,5.0,1,2025-03-15,2025-03-15,0.0,1.0,0.0,Debit Card,Facebook,17,17,,0,0.04654346338124572,23367.191029411762,362.53,-0.020706455541996703,1
C78170,1,341.7,341.7,5,6.0,1,2025-02-08,2025-02-08,0.0,0.0,1.0,Debit Card,Referral,52,52,,0,0.14236824093086928,2400.113942307692,68.34,-0.06333739342257816,1
C78500,1,2512.35,2512.35,5,10.0,1,2024-12-20,2024-12-20,0.0,0.0,1.0,Online,Email,102,102,,0,0.2792607802874743,8996.429779411765,502.46999999999997,-0.12423873325198022,1
C78684,1,1765.32,1765.32,3,8.0,1,2024-05-20,2024-05-20,0.0,0.0,1.0,Gift Card,Google,316,316,,0,0.865160848733744,2040.4529430379746,588.4399999999999,-0.38489646772182107,1
C78724,1,1266.39,1266.39,3,7.0,1,2023-04-15,2023-04-15,0.0,0.0,1.0,Online,Facebook,717,717,,0,1.9630390143737166,645.1170815899582,422.13000000000005,-0.8733252131536257,1
C78959,1,632.4,632.4,2,2.0,1,2023-06-06,2023-06-06,0.0,1.0,0.0,Online,Instagram,665,665,,0,1.8206707734428473,347.34451127819545,316.2,-0.8099878197310475,1
C79142,1,569.96,569.96,1,4.0,1,2023-04-06,2023-04-06,0.0,0.0,1.0,Online,Email,726,726,,0,1.9876796714579055,286.7464049586777,569.96,-0.884287454322918,1
C79475,1,2542.95,2542.95,5,8.0,1,2024-04-07,2024-04-07,0.0,1.0,1.0,Cash,Facebook,359,359,,0,0.9828884325804244,2587.2214136490247,508.59,-0.4372716199751069,1
C79506,1,746.34,746.34,2,6.0,1,2023-07-18,2023-07-18,0.0,0.0,1.0,Credit Card,Referral,623,623,,0,1.7056810403832992,437.5612921348315,373.17,-0.7588306942743498,1
C79508,1,135.17,135.17,1,6.0,1,2024-06-08,2024-06-08,0.0,0.0,1.0,Online,Instagram,297,297,,0,0.813141683778234,166.23179292929294,135.17,-0.36175395858664827,1
C79533,1,3008.6,3008.6,5,5.0,1,2024-04-10,2024-04-10,1.0,0.0,1.0,Gift Card,Instagram,356,356,,0,0.974674880219028,3086.772893258427,601.72,-0.4336175395853427,1
C79674,1,873.68,873.68,2,2.0,1,2023-07-13,2023-07-13,0.0,0.0,1.0,Online,Instagram,628,628,,0,1.7193702943189597,508.13952229299355,436.84,-0.76492082825729,1
C79722,1,1382.2,1382.2,5,10.0,1,2023-08-20,2023-08-20,0.0,0.0,1.0,Gift Card,Referral,590,590,,0,1.6153319644079398,855.6755084745763,276.44,-0.7186358099869444,1
C79821,1,531.18,531.18,1,6.0,1,2023-02-11,2023-02-11,0.0,1.0,1.0,Gift Card,Instagram,780,780,,0,2.135523613963039,248.73524999999995,531.18,-0.9500609013386723,1
C79842,1,945.64,945.64,4,7.0,1,2024-11-26,2024-11-26,0.0,0.0,1.0,Debit Card,Google,126,126,,0,0.34496919917864477,2741.230238095238,236.41,-0.15347137637009323,1
C79909,1,137.62,137.62,2,5.0,1,2023-08-04,2023-08-04,0.0,0.0,1.0,Gift Card,Referral,606,606,,0,1.6591375770020533,82.94670792079208,68.81,-0.7381242387323531,1
C80004,1,2052.42,2052.42,3,3.0,1,2023-11-18,2023-11-18,1.0,0.0,1.0,Cash,Instagram,500,500,,0,1.3689253935660506,1499.2928100000001,684.14,-0.6090133982940207,1
C80135,1,1107.55,1107.55,5,5.0,1,2023-08-27,2023-08-27,0.0,1.0,1.0,Cash,Referral,583,583,,0,1.596167008898015,693.8810248713551,221.51,-0.7101096224108281,1
C80183,1,365.57,365.57,1,5.0,1,2023-12-12,2023-12-12,1.0,0.0,1.0,Online,Email,476,476,,0,1.3032169746748803,280.5135346638655,365.57,-0.5797807551759077,1
C80416,1,1087.15,1087.15,5,10.0,1,2024-04-09,2024-04-09,0.0,0.0,1.0,Debit Card,Instagram,357,357,,0,0.9774127310061602,1112.2732142857144,217.43,-0.43483556638193077,1
C80651,1,1194.51,1194.51,3,5.0,1,2023-09-26,2023-09-26,0.0,0.0,1.0,Debit Card,Email,553,553,,0,1.514031485284052,788.9598146473779,398.17,-0.6735688185131868,1
C80735,1,130.14,130.14,2,4.0,1,2023-11-04,2023-11-04,1.0,0.0,1.0,Credit Card,Google,514,514,,0,1.4072553045859,92.47788910505837,65.07,-0.6260657734462532,1
C80868,1,1420.47,1420.47,3,7.0,1,2023-05-17,2023-05-17,0.0,0.0,0.0,Credit Card,Email,685,685,,0,1.8754277891854894,757.4111934306569,473.49,-0.8343483556628084,1
C80872,1,1984.3,1984.3,5,9.0,1,2024-08-13,2024-08-13,1.0,0.0,1.0,Cash,Instagram,231,231,,0,0.6324435318275154,3137.513311688311,396.86,-0.28136419001183754,1
C80987,1,132.05,132.05,1,2.0,1,2025-03-07,2025-03-07,0.0,0.0,0.0,Online,Google,25,25,,0,0.06844626967830253,1929.2505000000003,132.05,-0.030450669914701033,1
C81074,1,157.72,157.72,1,2.0,1,2024-02-22,2024-02-22,0.0,0.0,1.0,Debit Card,Google,404,404,,0,1.106091718001369,142.59215346534654,157.72,-0.4920828258215687,1
C81192,1,1939.02,1939.02,3,5.0,1,2024-11-12,2024-11-12,0.0,0.0,0.0,Debit Card,Google,140,140,,0,0.38329911019849416,5058.764678571429,646.34,-0.1705237515223258,1
C81319,1,1342.15,1342.15,5,5.0,1,2025-03-22,2025-03-22,0.0,1.0,1.0,Cash,Email,10,10,,0,0.02737850787132101,49022.028750000005,268.43,-0.012180267965880414,1
C81366,1,410.6,410.6,1,2.0,1,2023-01-01,2023-01-01,1.0,0.0,1.0,Online,Referral,821,821,,0,2.2477754962354553,182.66948842874544,410.6,-0.999999999998782,1
C81370,1,2532.25,2532.25,5,7.0,1,2024-12-26,2024-12-26,0.0,0.0,1.0,Gift Card,Google,96,96,,0,0.26283367556468173,9634.419921875,506.45,-0.11693057247245198,1
C81547,1,510.52,510.52,2,6.0,1,2024-01-26,2024-01-26,1.0,0.0,1.0,Credit Card,Google,431,431,,0,1.1800136892539357,432.6390487238979,255.26,-0.5249695493294458,1
C81573,1,36.65,36.65,1,1.0,1,2024-12-05,2024-12-05,1.0,0.0,1.0,Online,Email,117,117,,0,0.3203285420944558,114.41378205128206,36.65,-0.14250913520080086,1
C81726,1,2161.36,2161.36,4,6.0,1,2023-06-23,2023-06-23,0.0,0.0,1.0,Gift Card,Referral,648,648,,0,1.7741273100616017,1218.266574074074,540.34,-0.7892813641890508,1
C81728,1,2753.4,2753.4,5,8.0,1,2024-02-27,2024-02-27,1.0,0.0,1.0,Credit Card,Email,399,399,,0,1.0924024640657084,2520.4996240601504,550.6800000000001,-0.48599269183862853,1
C81857,1,1127.64,1127.64,2,3.0,1,2024-06-17,2024-06-17,0.0,0.0,0.0,Credit Card,Instagram,288,288,,0,0.7885010266940452,1430.1059375,563.82,-0.35079171741735593,1
C81882,1,463.92,463.92,3,6.0,1,2023-11-09,2023-11-09,0.0,0.0,1.0,Debit Card,Facebook,509,509,,0,1.3935660506502396,332.90133595284874,154.64000000000001,-0.619975639463313,1
C82068,1,408.13,408.13,1,3.0,1,2023-01-23,2023-01-23,0.0,0.0,1.0,Gift Card,Instagram,799,799,,0,2.187542778918549,186.57006570713392,408.13,-0.9732034104738451,1
C82217,1,1717.48,1717.48,4,8.0,1,2024-10-03,2024-10-03,0.0,0.0,1.0,Credit Card,Google,180,180,,0,0.4928131416837782,3485.053166666667,429.37,-0.21924482338584744,1
C82313,1,197.58,197.58,3,8.0,1,2023-07-27,2023-07-27,0.0,0.0,1.0,Online,Google,614,614,,0,1.68104038329911,117.53435667752444,65.86,-0.7478684531050575,1
C82318,1,528.06,528.06,1,2.0,1,2024-02-25,2024-02-25,0.0,0.0,0.0,Credit Card,Facebook,401,401,,0,1.0978781656399725,480.98233167082293,528.06,-0.4884287454318046,1
C82344,1,2028.63,2028.63,3,5.0,1,2024-11-10,2024-11-10,0.0,0.0,1.0,Online,Google,142,142,,0,0.3887748117727584,5218.007799295775,676.21,-0.17295980511550188,1
C82399,1,158.68,158.68,1,6.0,1,2024-03-01,2024-03-01,0.0,1.0,1.0,Credit Card,Instagram,396,396,,0,1.0841889117043122,146.35825757575756,158.68,-0.4823386114488644,1
C82550,1,667.66,667.66,2,4.0,1,2023-08-23,2023-08-23,1.0,0.0,1.0,Gift Card,Referral,587,587,,0,1.6071184120465434,415.43920783645655,333.83,-0.7149817295971803,1
C82685,1,475.98,475.98,3,7.0,1,2023-05-13,2023-05-13,0.0,0.0,1.0,Gift Card,Email,689,689,,0,1.8863791923340179,252.32466618287373,158.66,-0.8392204628491605,1
C82781,1,109.68,109.68,4,4.0,1,2023-04-20,2023-04-20,0.0,0.0,1.0,Debit Card,Referral,712,712,,0,1.949349760438056,56.26491573033709,27.42,-0.8672350791706854,1
C82858,1,593.91,593.91,3,5.0,1,2023-08-24,2023-08-24,1.0,0.0,0.0,Online,Google,586,586,,0,1.6043805612594113,370.1802517064846,197.97,-0.7137637028005922,1
C82921,1,208.36,208.36,1,4.0,1,2024-10-04,2024-10-04,0.0,0.0,1.0,Online,Email,179,179,,0,0.49007529089664614,425.1591620111732,208.36,-0.21802679658925941,1
C82990,1,300.1,300.1,2,4.0,1,2023-01-02,2023-01-02,1.0,0.0,1.0,Credit Card,Facebook,820,820,,0,2.245037645448323,133.67259146341465,150.05,-0.998781973202194,1
C83026,1,1686.9,1686.9,5,5.0,1,2023-04-09,2023-04-09,0.0,0.0,0.0,Gift Card,Referral,723,723,,0,1.9794661190965093,852.1994813278009,337.38,-0.8806333739331539,1
C83223,1,650.84,650.84,4,7.0,1,2024-04-18,2024-04-18,1.0,0.0,1.0,Cash,Email,348,348,,0,0.9527720739219713,683.1014655172414,162.71,-0.42387332521263843,1
C83548,1,144.25,144.25,1,2.0,1,2024-10-06,2024-10-06,0.0,1.0,1.0,Cash,Referral,177,177,,0,0.48459958932238195,297.66843220338984,144.25,-0.21559074299608333,1
C83556,1,1059.16,1059.16,4,5.0,1,2024-02-03,2024-02-03,0.0,0.0,1.0,Credit Card,Google,423,423,,0,1.158110882956879,914.5583687943263,264.79,-0.5152253349567415,1
C83653,1,925.04,925.04,4,6.0,1,2023-05-02,2023-05-02,0.0,0.0,1.0,Online,Google,700,700,,0,1.9164955509924708,482.67265714285713,231.26,-0.852618757611629,1
C84041,1,1001.6,1001.6,2,3.0,1,2025-02-10,2025-02-10,0.0,0.0,1.0,Cash,Referral,50,50,,0,0.13689253935660506,7316.688,500.8,-0.06090133982940207,1
C84115,1,1362.87,1362.87,3,4.0,1,2024-06-13,2024-06-13,0.0,0.0,1.0,Credit Card,Google,292,292,,0,0.7994524298425736,1704.7543407534245,454.28999999999996,-0.3556638246037081,1
C84134,1,2772.28,2772.28,4,8.0,1,2025-03-23,2025-03-23,0.0,0.0,1.0,Online,Instagram,9,9,,0,0.024640657084188913,112508.36333333334,693.07,-0.010962241169292373,1
C84320,1,208.95,208.95,3,7.0,1,2023-10-14,2023-10-14,0.0,0.0,1.0,Cash,Instagram,535,535,,0,1.4647501711156743,142.65231308411214,69.64999999999999,-0.6516443361746022,1
C84329,1,431.44,431.44,1,3.0,1,2025-03-26,2025-03-26,0.0,0.0,1.0,Gift Card,Facebook,6,6,,0,0.01642710472279261,26263.91,431.44,-0.0073081607795282486,1
C84331,1,3223.2,3223.2,5,6.0,1,2024-02-17,2024-02-17,1.0,0.0,1.0,Gift Card,Email,409,409,,0,1.1197809719370295,2878.4200488997553,644.64,-0.49817295980450893,1
C84524,1,2071.92,2071.92,4,8.0,1,2024-06-16,2024-06-16,1.0,0.0,1.0,Cash,Facebook,289,289,,0,0.7912388774811773,2618.5770934256057,517.98,-0.352009744213944,1
C84563,1,472.66,472.66,2,3.0,1,2024-04-10,2024-04-10,0.0,0.0,1.0,Online,Instagram,356,356,,0,0.974674880219028,484.9411938202248,236.33,-0.4336175395853427,1
C84570,1,120.2,120.2,4,6.0,1,2024-12-03,2024-12-03,0.0,1.0,0.0,Online,Facebook,119,119,,0,0.3258042436687201,368.9331932773109,30.05,-0.14494518879397691,1
C84630,1,2592.75,2592.75,5,6.0,1,2023-01-08,2023-01-08,1.0,0.0,1.0,Credit Card,Instagram,814,814,,0,2.2286105407255303,1163.3930436117937,518.55,-0.9914738124226657,1
C84700,1,1599.85,1599.85,5,7.0,1,2023-01-11,2023-01-11,0.0,0.0,1.0,Cash,Google,811,811,,0,2.220396988364134,720.5243064118372,319.96999999999997,-0.9878197320329015,1
C84766,1,688.04,688.04,2,4.0,1,2023-08-20,2023-08-20,0.0,0.0,1.0,Online,Instagram,590,590,,0,1.6153319644079398,425.94340677966096,344.02,-0.7186358099869444,1
C84834,1,409.02,409.02,3,8.0,1,2024-03-27,2024-03-27,0.0,1.0,1.0,Debit Card,Referral,370,370,,0,1.0130047912388775,403.7690675675675,136.34,-0.45066991473757534,1
C84888,1,51.73,51.73,1,1.0,1,2023-04-21,2023-04-21,0.0,0.0,1.0,Debit Card,Facebook,711,711,,0,1.946611909650924,26.5743776371308,51.73,-0.8660170523740974,1
C84908,1,420.26,420.26,1,4.0,1,2025-01-28,2025-01-28,0.0,0.0,1.0,Credit Card,Facebook,63,63,,0,0.17248459958932238,2436.507380952381,420.26,-0.07673568818504661,1
C85018,1,824.25,824.25,3,3.0,1,2024-11-06,2024-11-06,1.0,0.0,1.0,Cash,Google,146,146,,0,0.3997262149212868,2062.0363869863013,274.75,-0.17783191230185405,1
C85059,1,987.4,987.4,4,8.0,1,2023-04-28,2023-04-28,0.0,0.0,1.0,Credit Card,Google,704,704,,0,1.9274469541409993,512.2838778409091,246.85,-0.8574908647979811,1
C85074,1,934.8,934.8,4,8.0,1,2025-03-12,2025-03-12,0.0,0.0,1.0,Online,Facebook,20,20,,0,0.05475701574264202,17071.785,233.7,-0.024360535931760827,1
C85282,1,3143.7,3143.7,5,9.0,1,2023-11-24,2023-11-24,1.0,0.0,1.0,Cash,Facebook,494,494,,0,1.352498288843258,2324.3652327935224,628.74,-0.6017052375144925,1
C85322,1,813.06,813.06,3,6.0,1,2023-05-01,2023-05-01,1.0,0.0,0.0,Credit Card,Google,701,701,,0,1.919233401779603,423.63789586305273,271.02,-0.853836784408217,1
C85330,1,1140.45,1140.45,5,9.0,1,2025-03-02,2025-03-02,0.0,1.0,1.0,Gift Card,Facebook,30,30,,0,0.08213552361396304,13884.978750000002,228.09,-0.03654080389764124,1
C85421,1,1641.45,1641.45,3,4.0,1,2024-10-07,2024-10-07,0.0,0.0,1.0,Online,Instagram,176,176,,0,0.48186173853524983,3406.475071022727,547.15,-0.21437271619949527,1
C85466,1,441.87,441.87,3,3.0,1,2024-10-18,2024-10-18,0.0,0.0,1.0,Gift Card,Google,165,165,,0,0.4517453798767967,978.1395000000001,147.29,-0.20097442143702682,1
C85520,1,1862.64,1862.64,4,9.0,1,2023-09-07,2023-09-07,0.0,1.0,1.0,Online,Email,572,572,,0,1.566050650239562,1189.3868181818182,465.66,-0.6967113276483596,1
C85841,1,2597.88,2597.88,4,8.0,1,2023-01-28,2023-01-28,0.0,0.0,1.0,Cash,Google,794,794,,0,2.1738535249828885,1195.0575188916876,649.47,-0.9671132764909048,1
C85863,1,397.4399999999999,397.4399999999999,3,4.0,1,2024-02-24,2024-02-24,0.0,0.0,0.0,Online,Referral,402,402,,0,1.1006160164271048,361.10686567164163,132.47999999999996,-0.48964677222839265,1
C85929,1,440.73,440.73,3,6.0,1,2024-03-02,2024-03-02,0.0,0.0,1.0,Credit Card,Google,395,395,,0,1.08145106091718,407.5357784810127,146.91,-0.48112058465227636,1
C85993,1,2189.28,2189.28,4,8.0,1,2023-08-13,2023-08-13,0.0,1.0,1.0,Cash,Instagram,597,597,,0,1.6344969199178645,1339.4213065326635,547.32,-0.7271619975630607,1
C86064,1,834.1200000000001,834.1200000000001,3,5.0,1,2023-07-06,2023-07-06,0.0,0.0,0.0,Online,Instagram,635,635,,0,1.7385352498288844,479.7831968503937,278.04,-0.7734470158334062,1
C86266,1,1618.32,1618.32,4,5.0,1,2024-07-24,2024-07-24,0.0,0.0,1.0,Cash,Instagram,251,251,,0,0.6872005475701575,2354.9457370517925,404.58,-0.3057247259435984,1
C86374,1,1363.85,1363.85,5,7.0,1,2023-09-06,2023-09-06,0.0,0.0,1.0,Cash,Email,573,573,,0,1.568788501026694,869.3651178010471,272.77,-0.6979293544449477,1
C86408,1,84.28,84.28,4,4.0,1,2023-02-17,2023-02-17,0.0,0.0,1.0,Gift Card,Google,774,774,,0,2.1190965092402463,39.77166666666667,21.07,-0.942752740559144,1
C86481,1,171.59,171.59,1,5.0,1,2023-07-05,2023-07-05,0.0,0.0,1.0,Credit Card,Email,636,636,,0,1.7412731006160165,98.54284198113207,171.59,-0.7746650426299944,1
C86524,1,732.46,732.46,2,2.0,1,2023-11-15,2023-11-15,0.0,0.0,1.0,Cash,Email,503,503,,0,1.377138945927447,531.8708051689861,366.23,-0.6126674786837848,1
C86762,1,2043.65,2043.65,5,10.0,1,2024-10-18,2024-10-18,0.0,0.0,1.0,Gift Card,Instagram,165,165,,0,0.4517453798767967,4523.897954545455,408.73,-0.20097442143702682,1
C86773,1,789.44,789.44,4,9.0,1,2023-06-09,2023-06-09,0.0,1.0,1.0,Gift Card,Instagram,662,662,,0,1.8124572210814511,435.5633836858006,197.36,-0.8063337393412834,1
C87011,1,101.16,101.16,4,8.0,1,2023-02-18,2023-02-18,0.0,0.0,0.0,Credit Card,Google,773,773,,0,2.116358658453114,47.79908150064683,25.29,-0.941534713762556,1
C87051,1,72.31,72.31,1,1.0,1,2023-05-26,2023-05-26,1.0,0.0,1.0,Gift Card,Facebook,676,676,,0,1.8507871321013005,39.069863165680474,72.31,-0.823386114493516,1
C87124,1,198.51,198.51,1,5.0,1,2024-04-16,2024-04-16,0.0,1.0,1.0,Credit Card,Instagram,350,350,,0,0.9582477754962354,207.15936428571428,198.51,-0.4263093788058145,1
C87181,1,2619.16,2619.16,4,9.0,1,2023-07-27,2023-07-27,0.0,0.0,0.0,Cash,Referral,614,614,,0,1.68104038329911,1558.0589413680782,654.79,-0.7478684531050575,1
C87216,1,1580.35,1580.35,5,10.0,1,2023-03-18,2023-03-18,0.0,1.0,0.0,Cash,Google,745,745,,0,2.0396988364134154,774.795755033557,316.07,-0.9074299634580908,1
C87281,1,3243.25,3243.25,5,7.0,1,2024-01-29,2024-01-29,0.0,0.0,0.0,Online,Referral,428,428,,0,1.1718001368925393,2767.7501460280378,648.65,-0.5213154689396817,1
C87448,1,450.07,450.07,1,6.0,1,2023-06-07,2023-06-07,0.0,0.0,1.0,Gift Card,Google,664,664,,0,1.8179329226557153,247.572390813253,450.07,-0.8087697929344595,1
C87524,1,625.0,625.0,1,5.0,1,2025-01-23,2025-01-23,0.0,1.0,1.0,Online,Google,68,68,,0,0.1861738535249829,3357.0772058823527,625.0,-0.08282582216798681,1
C87547,1,380.12,380.12,4,8.0,1,2025-01-16,2025-01-16,0.0,0.0,1.0,Online,Facebook,75,75,,0,0.2053388090349076,1851.1844,95.03,-0.09135200974410311,1
C87687,1,1137.21,1137.21,3,3.0,1,2023-12-11,2023-12-11,0.0,0.0,1.0,Gift Card,Google,477,477,,0,1.3059548254620124,870.7881603773585,379.07,-0.5809987819724958,1
C87764,1,206.82,206.82,2,2.0,1,2024-02-26,2024-02-26,0.0,0.0,1.0,Online,Referral,400,400,,0,1.0951403148528405,188.8525125,103.41,-0.48721071863521653,1
C87777,1,816.64,816.64,2,3.0,1,2024-10-08,2024-10-08,0.0,0.0,1.0,Online,Facebook,175,175,,0,0.4791238877481177,1704.4443428571428,408.32,-0.21315468940290724,1
C87994,1,2392.76,2392.76,4,7.0,1,2023-10-05,2023-10-05,0.0,0.0,1.0,Credit Card,Email,544,544,,0,1.4893908281998631,1606.5360110294118,598.19,-0.6626065773438945,1
C87995,1,1925.92,1925.92,4,5.0,1,2024-09-03,2024-09-03,0.0,0.0,1.0,Gift Card,Instagram,210,210,,0,0.5749486652977412,3349.725142857143,481.48,-0.2557856272834887,1
C88036,1,1571.35,1571.35,5,6.0,1,2023-01-22,2023-01-22,0.0,1.0,1.0,Cash,Instagram,800,800,,0,2.190280629705681,717.419484375,314.27,-0.9744214372704331,1
C88075,1,2651.7,2651.7,5,9.0,1,2024-03-11,2024-03-11,0.0,0.0,1.0,Online,Google,386,386,,0,1.056810403832991,2509.1539507772018,530.3399999999999,-0.47015834348298396,1
C88174,1,18.2,18.2,1,4.0,1,2023-12-29,2023-12-29,0.0,0.0,1.0,Debit Card,Instagram,459,459,,0,1.2566735112936345,14.48267973856209,18.2,-0.559074299633911,1
C88205,1,3215.15,3215.15,5,5.0,1,2024-06-19,2024-06-19,1.0,0.0,1.0,Online,Referral,286,286,,0,0.783025325119781,4106.061319930071,643.03,-0.3483556638241798,1
C88304,1,768.28,768.28,2,2.0,1,2023-05-27,2023-05-27,0.0,1.0,1.0,Online,Email,675,675,,0,1.8480492813141685,415.7248444444444,384.14,-0.822168087696928,1
C88348,1,604.47,604.47,3,4.0,1,2023-08-30,2023-08-30,0.0,1.0,1.0,Credit Card,Facebook,580,580,,0,1.5879534565366187,380.6597715517242,201.49,-0.706455542021064,1
C88370,1,279.9,279.9,2,5.0,1,2023-04-10,2023-04-10,0.0,1.0,0.0,Online,Instagram,722,722,,0,1.9767282683093772,141.59761080332407,139.95,-0.8794153471365659,1
C88371,1,1132.64,1132.64,4,6.0,1,2024-12-25,2024-12-25,0.0,0.0,0.0,Credit Card,Google,97,97,,0,0.2655715263518138,4264.9150515463925,283.16,-0.11814859926904002,1
C88463,1,2539.7,2539.7,5,9.0,1,2023-02-16,2023-02-16,1.0,0.0,0.0,Online,Facebook,775,775,,0,2.1218343600273784,1196.9360322580644,507.93999999999994,-0.943970767355732,1
C88546,1,813.84,813.84,4,7.0,1,2024-02-04,2024-02-04,0.0,0.0,1.0,Credit Card,Referral,422,422,,0,1.1553730321697468,704.3958767772511,203.46,-0.5140073081601535,1
C88644,1,392.61,392.61,1,4.0,1,2023-02-26,2023-02-26,1.0,0.0,1.0,Gift Card,Referral,765,765,,0,2.0944558521560577,187.4520294117647,392.61,-0.9317904993898517,1
C88645,1,1751.16,1751.16,3,5.0,1,2024-03-14,2024-03-14,0.0,0.0,1.0,Credit Card,Facebook,383,383,,0,1.0485968514715949,1670.0031070496084,583.72,-0.46650426309321985,1
C88775,1,1989.05,1989.05,5,5.0,1,2023-08-20,2023-08-20,0.0,1.0,1.0,Debit Card,Referral,590,590,,0,1.6153319644079398,1231.3568008474576,397.81,-0.7186358099869444,1
C88933,1,92.04,92.04,1,2.0,1,2023-01-07,2023-01-07,0.0,0.0,0.0,Cash,Facebook,815,815,,0,2.2313483915126624,41.24860122699387,92.04,-0.9926918392192537,1
C88981,1,2445.04,2445.04,4,5.0,1,2023-02-03,2023-02-03,0.0,0.0,1.0,Cash,Referral,788,788,,0,2.1574264202600957,1133.3132741116751,611.26,-0.9598051157113766,1
C89336,1,92.79,92.79,1,3.0,1,2023-03-22,2023-03-22,0.0,0.0,1.0,Cash,Email,741,741,,0,2.028747433264887,45.73758097165992,92.79,-0.9025578562717387,1
C89559,1,662.84,662.84,2,6.0,1,2023-04-08,2023-04-08,0.0,0.0,1.0,Credit Card,Google,724,724,,0,1.9822039698836413,334.395455801105,331.42,-0.881851400729742,1
C89592,1,2547.9,2547.9,5,6.0,1,2023-10-18,2023-10-18,0.0,0.0,1.0,Online,Instagram,531,531,,0,1.4537987679671458,1752.58093220339,509.58000000000004,-0.6467722289882499,1
C89674,1,1151.66,1151.66,2,3.0,1,2025-01-18,2025-01-18,0.0,0.0,1.0,Online,Referral,73,73,,0,0.1998631074606434,5762.244041095891,575.83,-0.08891595615092703,1
C89732,1,406.22,406.22,1,5.0,1,2024-04-23,2024-04-23,1.0,0.0,1.0,Credit Card,Referral,343,343,,0,0.9390828199863107,432.57100583090386,406.22,-0.4177831912296982,1
C89822,1,410.78,410.78,1,1.0,1,2023-11-30,2023-11-30,1.0,0.0,1.0,Cash,Instagram,488,488,,0,1.3360711841204653,307.4536782786885,410.78,-0.5943970767349642,1
C89979,1,3170.0,3170.0,5,8.0,1,2024-06-20,2024-06-20,0.0,0.0,0.0,Gift Card,Email,285,285,,0,0.7802874743326489,4062.6052631578946,634.0,-0.3471376370275918,1
C90132,1,1304.65,1304.65,5,9.0,1,2023-06-21,2023-06-21,0.0,0.0,1.0,Online,Email,650,650,,0,1.7796030116358659,733.1129423076924,260.93,-0.7917174177822269,1
C90142,1,334.39,334.39,1,2.0,1,2024-07-24,2024-07-24,0.0,1.0,0.0,Credit Card,Instagram,251,251,,0,0.6872005475701575,486.5974003984063,334.39,-0.3057247259435984,1
C90292,1,1105.28,1105.28,4,5.0,1,2023-04-24,2023-04-24,0.0,0.0,0.0,Online,Google,708,708,,0,1.9383983572895278,570.2027118644068,276.32,-0.8623629719843333,1
C90310,1,762.56,762.56,4,5.0,1,2024-12-11,2024-12-11,0.0,0.0,1.0,Cash,Email,111,111,,0,0.30390143737166325,2509.2345945945945,190.64,-0.1352009744212726,1
C90318,1,1259.12,1259.12,2,5.0,1,2025-02-04,2025-02-04,1.0,0.0,1.0,Gift Card,Instagram,56,56,,0,0.15331964407939766,8212.385357142857,629.56,-0.06820950060893032,1
C90348,1,899.0,899.0,4,7.0,1,2024-03-26,2024-03-26,0.0,0.0,1.0,Online,Facebook,371,371,,0,1.0157426420260096,885.0667115902964,224.75,-0.45188794153416334,1
C90350,1,367.34,367.34,2,6.0,1,2023-05-19,2023-05-19,1.0,0.0,1.0,Debit Card,Google,683,683,,0,1.8699520876112252,196.44353587115666,183.67,-0.8319123020696323,1
C90363,1,3044.55,3044.55,5,6.0,1,2024-06-09,2024-06-09,0.0,0.0,1.0,Gift Card,Google,296,296,,0,0.810403832991102,3756.8307010135136,608.9100000000001,-0.36053593179006027,1
C90573,1,438.93,438.93,1,3.0,1,2023-07-24,2023-07-24,1.0,0.0,1.0,Gift Card,Referral,617,617,,0,1.6892539356605065,259.8366004862237,438.93,-0.7515225334948216,1
C90595,1,391.45,391.45,5,5.0,1,2025-03-14,2025-03-14,0.0,0.0,1.0,Credit Card,Referral,18,18,,0,0.049281314168377825,7943.172916666666,78.28999999999999,-0.021924482338584746,1
C90612,1,1103.25,1103.25,3,7.0,1,2024-01-29,2024-01-29,0.0,0.0,1.0,Cash,Facebook,428,428,,0,1.1718001368925393,941.5001460280374,367.75,-0.5213154689396817,1
C90757,1,1979.36,1979.36,4,8.0,1,2023-12-04,2023-12-04,0.0,1.0,1.0,Cash,Email,484,484,,0,1.325119780971937,1493.7215702479339,494.84,-0.589524969548612,1
C90852,1,1725.03,1725.03,3,8.0,1,2023-05-23,2023-05-23,1.0,0.0,1.0,Online,Instagram,679,679,,0,1.8590006844626967,927.9340316642121,575.01,-0.8270401948832801,1
C90898,1,1491.95,1491.95,5,7.0,1,2024-08-04,2024-08-04,1.0,0.0,1.0,Gift Card,Referral,240,240,,0,0.6570841889117043,2270.5614062500003,298.39,-0.29232643118112994,1
C90993,1,153.12,153.12,4,4.0,1,2024-06-08,2024-06-08,1.0,0.0,1.0,Debit Card,Facebook,297,297,,0,0.813141683778234,188.30666666666667,38.28,-0.36175395858664827,1
C91029,1,2131.48,2131.48,4,9.0,1,2024-01-03,2024-01-03,0.0,0.0,1.0,Cash,Instagram,454,454,,0,1.242984257357974,1714.808524229075,532.87,-0.5529841656509707,1
C91099,1,1025.3,1025.3,2,5.0,1,2024-11-06,2024-11-06,0.0,0.0,1.0,Credit Card,Email,146,146,,0,0.3997262149212868,2565.0056506849314,512.65,-0.17783191230185405,1
C91103,1,1023.44,1023.44,4,7.0,1,2023-06-17,2023-06-17,0.0,0.0,0.0,Credit Card,Email,654,654,,0,1.7905544147843941,571.5771559633029,255.86,-0.796589524968579,1
C91155,2,704.8199999999999,352.40999999999997,6,6.5,2,2023-07-17,2024-09-08,0.5,0.0,1.0,Credit Card,Email,205,624,419.0,1,1.7084188911704312,412.5568990384615,117.46999999999998,0.7503045056994514,1
C91201,1,93.0,93.0,2,7.0,1,2024-02-29,2024-02-29,0.0,1.0,1.0,Cash,Google,397,397,,0,1.0869267624914443,85.56234256926952,46.5,-0.4835566382454524,1
C91245,1,675.33,675.33,3,4.0,1,2024-10-10,2024-10-10,0.0,0.0,1.0,Cash,Facebook,173,173,,0,0.4736481861738535,1425.8051011560694,225.11,-0.21071863580973116,1
C91255,1,851.1,851.1,5,8.0,1,2024-04-15,2024-04-15,0.0,0.0,0.0,Debit Card,Referral,351,351,,0,0.9609856262833676,885.6532051282052,170.22,-0.42752740560240254,1
C91454,1,557.76,557.76,2,3.0,1,2023-01-22,2023-01-22,0.0,0.0,1.0,Debit Card,Referral,800,800,,0,2.190280629705681,254.6523,278.88,-0.9744214372704331,1
C91486,1,268.32,268.32,4,8.0,1,2023-08-20,2023-08-20,0.0,1.0,1.0,Cash,Google,590,590,,0,1.6153319644079398,166.10827118644067,67.08,-0.7186358099869444,1
C91518,1,759.1500000000001,759.1500000000001,3,3.0,1,2024-08-26,2024-08-26,0.0,0.0,0.0,Online,Instagram,218,218,,0,0.5968514715947981,1271.924483944954,253.05000000000004,-0.26552984165619303,1
C91582,1,1949.79,1949.79,3,7.0,1,2023-02-11,2023-02-11,0.0,0.0,1.0,Credit Card,Facebook,780,780,,0,2.135523613963039,913.0266634615384,649.93,-0.9500609013386723,1
C91805,1,1819.23,1819.23,3,7.0,1,2023-06-12,2023-06-12,0.0,1.0,1.0,Debit Card,Facebook,659,659,,0,1.8042436687200547,1008.3061570561457,606.41,-0.8026796589515193,1
C91941,1,1188.0,1188.0,3,4.0,1,2023-06-16,2023-06-16,1.0,0.0,1.0,Gift Card,Instagram,655,655,,0,1.7932922655715264,662.4687022900763,396.0,-0.7978075517651672,1
C92049,1,2666.08,2666.08,4,8.0,1,2023-10-02,2023-10-02,0.0,0.0,1.0,Cash,Email,547,547,,0,1.4976043805612593,1780.229835466179,666.52,-0.6662606577336586,1
C92086,1,749.2,749.2,2,3.0,1,2025-02-07,2025-02-07,0.0,0.0,1.0,Online,Referral,53,53,,0,0.14510609171800137,5163.118867924529,374.6,-0.06455542021916619,1
C92180,1,977.8,977.8,2,7.0,1,2023-10-31,2023-10-31,0.0,0.0,1.0,Cash,Facebook,518,518,,0,1.4182067077344285,689.4622586872587,488.9,-0.6309378806326055,1
C92294,1,1225.4,1225.4,4,7.0,1,2024-09-29,2024-09-29,0.0,0.0,1.0,Gift Card,Referral,184,184,,0,0.5037645448323066,2432.4855978260875,306.35,-0.2241169305721996,1
C92407,1,1672.23,1672.23,3,4.0,1,2023-07-01,2023-07-01,0.0,0.0,0.0,Online,Email,640,640,,0,1.7522245037645447,954.34688671875,557.41,-0.7795371498163465,1
C92548,1,1132.25,1132.25,5,6.0,1,2024-02-04,2024-02-04,0.0,1.0,1.0,Debit Card,Email,422,422,,0,1.1553730321697468,979.9865225118483,226.45,-0.5140073081601535,1
C92575,1,2464.7,2464.7,5,10.0,1,2024-09-30,2024-09-30,0.0,0.0,1.0,Cash,Email,183,183,,0,0.5010266940451745,4919.298770491803,492.93999999999994,-0.22289890377561158,1
C92788,1,243.71,243.71,1,6.0,1,2024-07-20,2024-07-20,0.0,0.0,1.0,Gift Card,Google,255,255,,0,0.6981519507186859,349.0787352941176,243.71,-0.31059683312995057,1
C93007,1,465.66,465.66,2,7.0,1,2024-06-01,2024-06-01,0.0,0.0,0.0,Gift Card,Instagram,304,304,,0,0.8323066392881588,559.4812993421052,232.83,-0.3702801461627646,1
C93220,1,730.34,730.34,2,4.0,1,2023-11-02,2023-11-02,1.0,0.0,1.0,Online,Facebook,516,516,,0,1.4127310061601643,516.9703197674419,365.17,-0.6285018270394294,1
C93276,1,1652.25,1652.25,5,10.0,1,2023-03-19,2023-03-19,0.0,0.0,1.0,Gift Card,Google,744,744,,0,2.0369609856262834,811.1348286290323,330.45,-0.9062119366615028,1
C93375,1,446.16,446.16,3,7.0,1,2024-07-27,2024-07-27,1.0,0.0,1.0,Debit Card,Google,248,248,,0,0.6789869952087612,657.0965322580645,148.72,-0.3020706455538343,1
C93379,1,128.85,128.85,3,8.0,1,2023-04-05,2023-04-05,0.0,1.0,1.0,Gift Card,Email,727,727,,0,1.9904175222450375,64.73516162310867,42.949999999999996,-0.8855054811195061,1
C93467,1,2219.32,2219.32,4,6.0,1,2024-05-21,2024-05-21,0.0,1.0,0.0,Cash,Google,315,315,,0,0.8624229979466119,2573.3543809523812,554.83,-0.38367844092523307,1
C93473,1,3196.85,3196.85,5,6.0,1,2024-02-23,2024-02-23,0.0,0.0,1.0,Debit Card,Google,403,403,,0,1.103353867214237,2897.3932071960294,639.37,-0.4908647990249807,1
C93618,1,603.63,603.63,3,3.0,1,2025-03-14,2025-03-14,1.0,0.0,1.0,Online,Google,18,18,,0,0.049281314168377825,12248.658749999999,201.21,-0.021924482338584746,1
C93768,1,972.9000000000001,972.9000000000001,3,8.0,1,2024-05-16,2024-05-16,0.0,0.0,1.0,Debit Card,Email,320,320,,0,0.8761122518822724,1110.4741406250002,324.3,-0.38976857490817324,1
C93821,1,1075.44,1075.44,3,7.0,1,2024-12-05,2024-12-05,0.0,0.0,1.0,Gift Card,Facebook,117,117,,0,0.3203285420944558,3357.3030769230772,358.48,-0.14250913520080086,1
C93861,1,147.42,147.42,3,7.0,1,2024-02-17,2024-02-17,0.0,1.0,1.0,Online,Email,409,409,,0,1.1197809719370295,131.65074572127136,49.13999999999999,-0.49817295980450893,1
C93948,1,336.87,336.87,3,6.0,1,2024-10-24,2024-10-24,0.0,0.0,0.0,Gift Card,Google,159,159,,0,0.4353182751540041,773.8475943396227,112.29,-0.1936662606574986,1
C94248,1,64.66,64.66,1,4.0,1,2025-02-15,2025-02-15,0.0,0.0,0.0,Debit Card,Instagram,45,45,,0,0.12320328542094455,524.8236666666667,64.66,-0.05481120584646186,1
C94257,1,1394.38,1394.38,2,7.0,1,2023-08-03,2023-08-03,0.0,1.0,1.0,Cash,Email,607,607,,0,1.6618754277891854,839.040024711697,697.19,-0.7393422655289411,1
C94311,1,2740.8,2740.8,4,6.0,1,2024-07-20,2024-07-20,1.0,0.0,1.0,Gift Card,Google,255,255,,0,0.6981519507186859,3925.792941176471,685.2,-0.31059683312995057,1
C94381,1,1216.08,1216.08,2,4.0,1,2023-01-29,2023-01-29,1.0,0.0,0.0,Cash,Google,793,793,,0,2.1711156741957565,560.1175535939469,608.04,-0.9658952496943168,1
C94479,1,314.05,314.05,5,9.0,1,2023-06-26,2023-06-26,0.0,0.0,1.0,Credit Card,Facebook,645,645,,0,1.7659137577002053,177.83994186046513,62.81,-0.7856272837992867,1
C94508,1,176.28,176.28,4,6.0,1,2024-06-28,2024-06-28,0.0,0.0,0.0,Debit Card,Email,277,277,,0,0.758384668035592,232.44140794223827,44.07,-0.3373934226548875,1
C94568,1,1939.4,1939.4,4,5.0,1,2023-04-23,2023-04-23,0.0,0.0,1.0,Debit Card,Referral,709,709,,0,1.9411362080766599,999.1055712270804,484.85,-0.8635809987809213,1
C94569,2,1675.3500000000001,837.6750000000001,3,2.5,1,2024-03-23,2024-06-21,0.5,0.0,0.5,Cash,Google,284,374,90.0,1,1.0239561943874058,1636.1539772727276,558.45,0.6540803887689961,1
C94595,1,247.64,247.64,4,6.0,1,2023-12-16,2023-12-16,0.0,0.0,1.0,Gift Card,Email,472,472,,0,1.2922655715263518,191.63243644067796,61.91,-0.5749086479895555,1
C94658,1,886.44,886.44,2,5.0,1,2024-09-19,2024-09-19,0.0,0.0,0.0,Credit Card,Facebook,194,194,,0,0.5311430527036276,1668.9289175257734,443.22,-0.23629719853808004,1
C94671,1,167.15,167.15,1,5.0,1,2024-09-23,2024-09-23,0.0,0.0,1.0,Gift Card,Email,190,190,,0,0.5201916495550992,321.3238815789474,167.15,-0.23142509135172787,1
C94698,1,586.62,586.62,1,5.0,1,2024-06-03,2024-06-03,0.0,0.0,0.0,Debit Card,Facebook,302,302,,0,0.8268309377138946,709.4799834437086,586.62,-0.3678440925695885,1
C94921,1,438.2,438.2,2,4.0,1,2023-05-09,2023-05-09,0.0,0.0,1.0,Online,Referral,693,693,,0,1.8973305954825461,230.95606060606062,219.1,-0.8440925700355126,1
C95100,1,627.2,627.2,1,1.0,1,2024-02-28,2024-02-28,0.0,0.0,1.0,Online,Email,398,398,,0,1.0896646132785763,575.5899497487437,627.2,-0.4847746650420405,1
C95213,1,1806.72,1806.72,3,8.0,1,2023-02-10,2023-02-10,0.0,0.0,0.0,Debit Card,Referral,781,781,,0,2.138261464750171,844.9481177976952,602.24,-0.9512789281352604,1
C95269,1,389.7,389.7,2,5.0,1,2023-03-12,2023-03-12,0.0,1.0,0.0,Gift Card,Referral,751,751,,0,2.0561259411362083,189.53119174434084,194.85,-0.9147381242376191,1
C95568,1,973.4100000000001,973.4100000000001,3,4.0,1,2023-07-31,2023-07-31,0.0,0.0,1.0,Cash,Email,610,610,,0,1.6700889801505818,582.8491844262295,324.47,-0.7429963459187052,1
C95623,1,1870.02,1870.02,3,3.0,1,2025-03-06,2025-03-06,1.0,0.0,1.0,Online,Instagram,26,26,,0,0.07118412046543464,26270.184807692305,623.34,-0.03166869671128908,1
C95643,1,2426.28,2426.28,4,5.0,1,2023-06-09,2023-06-09,0.0,0.0,1.0,Debit Card,Referral,662,662,,0,1.8124572210814511,1338.668836858006,606.57,-0.8063337393412834,1
C95667,1,463.08,463.08,4,7.0,1,2024-11-20,2024-11-20,0.0,0.0,1.0,Online,Instagram,132,132,,0,0.3613963039014374,1281.363409090909,115.77,-0.16077953714962145,1
C95856,1,1279.76,1279.76,2,5.0,1,2023-05-25,2023-05-25,0.0,0.0,1.0,Cash,Instagram,677,677,,0,1.8535249828884326,690.4465878877401,639.88,-0.8246041412901041,1
C95901,1,1993.38,1993.38,3,4.0,1,2024-03-24,2024-03-24,0.0,0.0,1.0,Online,Google,373,373,,0,1.0212183436002737,1951.9625871313674,664.46,-0.45432399512733945,1
C96034,1,121.08,121.08,4,9.0,1,2023-06-03,2023-06-03,0.0,0.0,1.0,Online,Google,668,668,,0,1.8288843258042438,66.20429640718562,30.27,-0.8136419001208116,1
C96136,1,1946.1,1946.1,5,7.0,1,2024-08-17,2024-08-17,1.0,0.0,0.0,Cash,Referral,227,227,,0,0.621492128678987,3131.3349118942733,389.21999999999997,-0.2764920828254854,1
C96257,1,1803.0,1803.0,4,6.0,1,2023-03-28,2023-03-28,0.0,0.0,1.0,Credit Card,Email,735,735,,0,2.0123203285420943,895.980612244898,450.75,-0.8952496954922105,1
C96283,1,924.03,924.03,3,3.0,1,2023-07-24,2023-07-24,0.0,0.0,1.0,Cash,Facebook,617,617,,0,1.6892539356605065,547.0047933549432,308.01,-0.7515225334948216,1
C96494,1,179.22,179.22,1,6.0,1,2023-07-31,2023-07-31,1.0,0.0,1.0,Online,Instagram,610,610,,0,1.6700889801505818,107.3116475409836,179.22,-0.7429963459187052,1
C96583,1,139.36,139.36,4,8.0,1,2024-09-22,2024-09-22,0.0,0.0,0.0,Credit Card,Email,191,191,,0,0.5229295003422314,266.4986387434555,34.84,-0.2326431181483159,1
C96595,1,1719.66,1719.66,3,5.0,1,2023-10-06,2023-10-06,0.0,0.0,1.0,Debit Card,Email,543,543,,0,1.486652977412731,1156.7326243093923,573.22,-0.6613885505473065,1
C96636,1,39.56,39.56,1,5.0,1,2025-02-18,2025-02-18,1.0,0.0,0.0,Debit Card,Google,42,42,,0,0.11498973305954825,344.03071428571434,39.56,-0.05115712545669774,1
C96664,1,769.3799999999999,769.3799999999999,3,4.0,1,2025-02-27,2025-02-27,0.0,0.0,1.0,Credit Card,Referral,33,33,,0,0.09034907597535935,8515.637727272726,256.46,-0.040194884287405364,1
C96695,1,564.86,564.86,1,6.0,1,2025-02-02,2025-02-02,0.0,0.0,1.0,Debit Card,Referral,58,58,,0,0.15879534565366188,3557.1571551724137,564.86,-0.0706455542021064,1
C96787,1,1066.04,1066.04,2,2.0,1,2024-04-15,2024-04-15,0.0,0.0,0.0,Gift Card,Facebook,351,351,,0,0.9609856262833676,1109.3194017094017,533.02,-0.42752740560240254,1
C96822,1,989.56,989.56,2,2.0,1,2023-01-31,2023-01-31,0.0,0.0,0.0,Online,Google,791,791,,0,2.1656399726214923,456.93652338811626,494.78,-0.9634591961011407,1
C97148,1,1135.16,1135.16,4,8.0,1,2024-07-28,2024-07-28,0.0,0.0,0.0,Online,Google,247,247,,0,0.676249144421629,1678.6121052631581,283.79,-0.3008526187572462,1
C97187,1,670.54,670.54,1,6.0,1,2023-07-02,2023-07-02,0.0,0.0,1.0,Cash,Referral,639,639,,0,1.7494866529774127,383.2781455399061,670.54,-0.7783191230197585,1
C97218,1,2300.7,2300.7,5,10.0,1,2025-03-07,2025-03-07,0.0,1.0,1.0,Credit Card,Facebook,25,25,,0,0.06844626967830253,33613.227,460.14,-0.030450669914701033,1
C97262,1,1724.04,1724.04,4,7.0,1,2023-01-14,2023-01-14,0.0,1.0,0.0,Credit Card,Referral,808,808,,0,2.212183436002738,779.3386262376238,431.01,-0.9841656516431374,1
C97454,1,698.8,698.8,2,2.0,1,2024-01-26,2024-01-26,0.0,0.0,1.0,Online,Instagram,431,431,,0,1.1800136892539357,592.1965197215777,349.4,-0.5249695493294458,1
C97485,1,915.64,915.64,4,4.0,1,2023-10-29,2023-10-29,0.0,0.0,1.0,Cash,Google,520,520,,0,1.4236824093086926,643.1490576923077,228.91,-0.6333739342257815,1
C97593,2,2855.2200000000003,1427.6100000000001,5,7.0,1,2023-05-03,2024-02-22,0.0,0.0,1.0,Debit Card,Facebook,404,699,295.0,1,1.9137577002053388,1491.944356223176,571.0440000000001,0.5079171731784312,1
C97603,1,2373.08,2373.08,4,5.0,1,2024-09-11,2024-09-11,0.0,0.0,0.0,Online,Facebook,202,202,,0,0.5530458590006845,4290.92806930693,593.27,-0.24604141291078435,1
C97643,1,2051.0,2051.0,4,8.0,1,2023-03-12,2023-03-12,0.0,1.0,1.0,Debit Card,Google,751,751,,0,2.0561259411362083,997.5069906790944,512.75,-0.9147381242376191,1
C97715,1,727.82,727.82,2,2.0,1,2025-03-15,2025-03-15,0.0,0.0,1.0,Gift Card,Referral,17,17,,0,0.04654346338124572,15637.426764705884,363.91,-0.020706455541996703,1
C97735,1,408.5,408.5,5,6.0,1,2023-12-30,2023-12-30,0.0,0.0,0.0,Credit Card,Instagram,458,458,,0,1.2539356605065024,325.7742903930131,81.7,-0.557856272837323,1
C97749,1,1026.06,1026.06,3,5.0,1,2024-08-06,2024-08-06,0.0,0.0,0.0,Debit Card,Email,238,238,,0,0.6516084873374401,1574.6572058823529,342.02,-0.28989037758795383,1
C97774,1,1807.88,1807.88,4,7.0,1,2025-01-26,2025-01-26,1.0,0.0,1.0,Online,Email,65,65,,0,0.17796030116358658,10158.894923076925,451.97,-0.07917174177822268,1
C97907,1,1758.63,1758.63,3,4.0,1,2024-08-27,2024-08-27,0.0,0.0,1.0,Gift Card,Referral,217,217,,0,0.5941136208076659,2960.0903571428576,586.21,-0.264311814859605,1
C98096,1,635.54,635.54,2,4.0,1,2023-02-16,2023-02-16,1.0,0.0,1.0,Debit Card,Facebook,775,775,,0,2.1218343600273784,299.52385161290323,317.77,-0.943970767355732,1
C98168,1,2103.5,2103.5,5,5.0,1,2023-01-05,2023-01-05,0.0,0.0,1.0,Cash,Facebook,817,817,,0,2.236824093086927,940.3958078335372,420.7,-0.9951278928124299,1
C98216,1,2463.75,2463.75,5,6.0,1,2023-03-15,2023-03-15,0.0,0.0,1.0,Cash,Referral,748,748,,0,2.0479123887748116,1203.0543950534761,492.75,-0.911084043847855,1
C98276,1,14.06,14.06,1,5.0,1,2024-05-20,2024-05-20,0.0,0.0,1.0,Credit Card,Referral,316,316,,0,0.865160848733744,16.25131329113924,14.06,-0.38489646772182107,1
C98278,1,1241.49,1241.49,3,8.0,1,2024-05-31,2024-05-31,0.0,0.0,1.0,Gift Card,Facebook,305,305,,0,0.8350444900752909,1486.7351557377049,413.83,-0.3714981729593526,1
C98317,1,2786.84,2786.84,4,4.0,1,2024-12-16,2024-12-16,0.0,0.0,0.0,Debit Card,Instagram,106,106,,0,0.29021218343600275,9602.767075471698,696.71,-0.12911084043833237,1
C98332,1,1316.67,1316.67,3,3.0,1,2023-01-28,2023-01-28,0.0,1.0,0.0,Cash,Facebook,794,794,,0,2.1738535249828885,605.684782745592,438.89000000000004,-0.9671132764909048,1
C98354,1,151.02,151.02,3,3.0,1,2023-05-28,2023-05-28,0.0,1.0,1.0,Gift Card,Instagram,674,674,,0,1.8453114305270362,81.83984421364987,50.34,-0.82095006090034,1
C98450,1,357.64,357.64,4,9.0,1,2024-07-18,2024-07-18,0.0,0.0,0.0,Online,Google,257,257,,0,0.70362765229295,508.28019455252917,89.41,-0.3130328867231266,1
C98474,2,2175.34,1087.67,6,5.5,2,2023-03-27,2024-06-03,0.0,0.0,0.5,Debit Card,Instagram,302,736,434.0,1,2.0150581793292264,1079.5420312500003,362.5566666666667,0.6321559064304114,1
C98483,1,110.7,110.7,5,10.0,1,2024-04-11,2024-04-11,0.0,1.0,0.0,Cash,Instagram,355,355,,0,0.971937029431896,113.89626760563381,22.14,-0.4323995127887547,1
C98761,1,1994.04,1994.04,4,4.0,1,2023-10-27,2023-10-27,0.0,0.0,1.0,Debit Card,Google,522,522,,0,1.429158110882957,1395.2549999999999,498.51,-0.6358099878189576,1
C99023,1,1371.8,1371.8,4,6.0,1,2024-11-17,2024-11-17,0.0,0.0,0.0,Cash,Google,135,135,,0,0.36960985626283366,3711.481111111111,342.95,-0.1644336175393856,1
C99024,1,684.65,684.65,1,1.0,1,2024-11-24,2024-11-24,0.0,0.0,1.0,Credit Card,Email,128,128,,0,0.35044490075290896,1953.65947265625,684.65,-0.1559074299632693,1
C99050,1,1201.14,1201.14,2,3.0,1,2025-03-29,2025-03-29,0.0,1.0,1.0,Debit Card,Instagram,3,3,,0,0.008213552361396304,146238.795,600.57,-0.0036540803897641243,1
C99116,1,2746.44,2746.44,4,6.0,1,2023-05-08,2023-05-08,0.0,0.0,0.0,Cash,Referral,694,694,,0,1.9000684462696784,1445.442665706052,686.61,-0.8453105968321007,1
C99128,1,138.33,138.33,3,5.0,1,2024-08-31,2024-08-31,0.0,1.0,1.0,Gift Card,Referral,213,213,,0,0.5831622176591376,237.2067253521127,46.11000000000001,-0.2594397076732528,1
C99173,1,1070.52,1070.52,3,5.0,1,2025-01-21,2025-01-21,0.0,0.0,1.0,Online,Instagram,70,70,,0,0.19164955509924708,5585.820428571429,356.84,-0.0852618757611629,1
C99217,1,1435.65,1435.65,5,10.0,1,2023-12-01,2023-12-01,0.0,0.0,1.0,Online,Email,487,487,,0,1.3333333333333333,1076.7375000000002,287.13,-0.5931790499383761,1
C99271,1,226.58,226.58,2,5.0,1,2023-11-18,2023-11-18,0.0,0.0,1.0,Cash,Facebook,500,500,,0,1.3689253935660506,165.51669,113.29,-0.6090133982940207,1
C99533,1,678.01,678.01,1,4.0,1,2023-03-21,2023-03-21,0.0,0.0,1.0,Cash,Referral,742,742,,0,2.0314852840520192,333.7508793800539,678.01,-0.9037758830683267,1
C99683,1,1663.2,1663.2,5,10.0,1,2025-01-23,2025-01-23,0.0,0.0,0.0,Gift Card,Referral,68,68,,0,0.1861738535249829,8933.585294117647,332.64,-0.08282582216798681,1
C99775,1,1654.84,1654.84,4,9.0,1,2023-09-05,2023-09-05,1.0,0.0,1.0,Gift Card,Facebook,574,574,,0,1.571526351813826,1053.0144773519164,413.71,-0.6991473812415357,1
C99879,1,821.8799999999999,821.8799999999999,3,8.0,1,2024-03-13,2024-03-13,0.0,1.0,1.0,Debit Card,Google,384,384,,0,1.051334702258727,781.7491406249999,273.96,-0.4677222898898079,1
